Question,Answer
City,"Copenhagen, Capital Region, Denmark"
State,Hovestaden
Street address line 1,Panumsvej 38
Last name,Moreno Peña
Cover letter,"Hi Cloudbeds! I am am computer engineer with 14+ years of experience, more than half of them in leadership positions (CTO/Tech Lead/Engineering Manager/Co-Founder). My background fits your product stack quite well, including PHP, serverless, React, AWS...  I have a passion for developing people (check the recommendations in my profile, they're from my previous reports 💕), and communicating technical topics across technical and not technical audiences to spark collaboration. Transparency and leading by example are my personal values.  I hop I have the chance to talk to you!"
First name,Adrián
Mobile phone number, +45 31579827
ZIP / Postal Code,2500
Please submit a resume or LinkedIn profile, -1733822612.pdf
