Application Date,Contact Email,Contact Phone Number,Company Name,Job Title,Job Url,Resume Name,Question And Answers
"2/28/25, 1:43 PM",zetxek@gmail.com, +4531579827,Stibo DX,Director of Innovation,http://www.linkedin.com/jobs/view/4157803466,cv_adrian_moreno_english_1page.pdf,"Mobile phone number:+45 31579827 | Do you have a track record of leading successful innovation initiatives and launching new products or services?:Yes | Are you comfortable commuting to this job's location?:Yes | How many years of experience do you have in product innovation, strategy, or R&D roles within the software or technology industry?:17 | Have you completed the following level of education: Bachelor's Degree?:Yes | How many years of work experience do you have with Product Innovation?:12 | How many years of work experience do you have with Digital Media?:16 | Do you have a track record with media and publishing technologies, including content management systems (CMS), digital asset management (DAM), and digital experience in media?:Yes | How many years of work experience do you have with Agile Project Management?:15 | Email address:zetxek@gmail.com | What is your level of proficiency in English?:Professional | Please submit a resume or LinkedIn profile:-1754018561.pdf"
"1/28/21, 1:37 PM",zetxek@gmail.com, +31684825025,Payne Talent,Engineering Manager,http://www.linkedin.com/jobs/view/2396264696,cv_adrian_moreno_english_cover.pdf,"Mobile phone number:+31 684825025 | Cover letter: | ZIP / Postal Code:1056 | Are you currently based in Denmark with the right to work in Denmark (with CPR number)?:No | Job Listing Type:PREMIUM | First name:Adrián | Are you an experienced Software Engineering Manager, with experience leading a team?:Yes | Email address:zetxek@gmail.com | Please submit a resume or LinkedIn profile:679665699.pdf | Last name:Moreno Peña | Are you currently based in Denmark with the right to work in Denmark (with CPR number)?:No | Job Listing Type:PREMIUM | Are you an experienced Software Engineering Manager, with experience leading a team?:Yes | Cover letter: | Mobile phone number:+31 684825025 | Email address:zetxek@gmail.com | Please submit a resume or LinkedIn profile:679665699.pdf | ZIP / Postal Code:1056 | First name:Adrián | Last name:Moreno Peña"
"10/13/21, 5:18 AM",zetxek@gmail.com, +4531579827,Rokoko,Head Of Engineering,http://www.linkedin.com/jobs/view/2753400166,cv_adrian_moreno_english.pdf,
"6/12/19, 1:47 PM",zetxek@gmail.com, +31684825025,Client Server,Software Development Manager,http://www.linkedin.com/jobs/view/1305407337,cv_cover_adrian_moreno_english.pdf,
"7/28/25, 1:37 AM",zetxek@gmail.com, +4531579827,Enertek Group,Chief Technology Officer,http://www.linkedin.com/jobs/view/4276669485,cv_adrian_moreno_english_no-cover.pdf,Email address:zetxek@gmail.com | Mobile phone number:+45 31579827 | Please submit a resume or LinkedIn profile:-1733822612.pdf
"8/30/17, 1:55 PM",adrian.moreno@bloqnum.com, +31 6 84825025,Arrows,Principal Engineer,http://www.linkedin.com/jobs/view/355606727,cv_adrian_moreno_english_2016.pdf,
"8/28/21, 2:49 PM",zetxek@gmail.com, +4531579827,Awaze,Senior Software Engineering Manager,http://www.linkedin.com/jobs/view/2695879161,cv_adrian_moreno_english_cover.pdf,
"9/1/21, 2:36 PM",zetxek@gmail.com, +4531579827,Payne Talent - Zealand,Head of Engineering,http://www.linkedin.com/jobs/view/2677906504,cv_adrian_moreno_english_cover.pdf,"This role is based in Copenhagen, Denmark. Are you currently located in Denmark or live in Malmö, Sweden?:Yes | Have you been a part of a start-up, working on building a tech team and the infrastructure?:Yes | Are you an Engineering Manager with multiple years of experience running a team of developers/engineers?:Yes | Job Listing Type:PREMIUM | Mobile phone number:+45 31579827 | Do you have experience working with microservices architecture and DevOps?:Yes | First name:Adrián | Are you proficient within Go/Golang with hands-on experience?:No | Last name:Moreno Peña | Email address:zetxek@gmail.com | Please submit a resume or LinkedIn profile:679665699.pdf"
"12/29/14, 5:00 PM",zetxek@gmail.com, +34 676137567,That Recruitment Company,Senior Java Developer,http://www.linkedin.com/jobs/view/14907911,cv_adrian_moreno_english.pdf,
"1/21/21, 2:37 PM",zetxek@gmail.com, +31684825025,Zazu Digital Talent,Chief Technology Officer,http://www.linkedin.com/jobs/view/2350920459,cv_adrian_moreno_english_cover.pdf,
"3/20/25, 11:28 AM",zetxek@gmail.com, +4531579827,Trustpilot,Director of Engineering,http://www.linkedin.com/jobs/view/4185755691,cv_adrian_moreno_english_no-cover.pdf,Email address:zetxek@gmail.com | Do you need visa sponsorship to work in this location?:No | What are your salary expectations?:1.500.000 DKK (yearly) + pension (9%) + RSU | Mobile phone number:+45 31579827 | Please select the country you are applying from.:Denmark | Cover letter:-739082925.pdf | Please submit a resume or LinkedIn profile:-1733822612.pdf | LinkedIn Profile:https://www.linkedin.com/in/adrianmoreno | First name:Adrián | Last name:Moreno Peña | Tell us who you are! Please select one.:I am not an employee at Trustpilot.
"3/11/25, 11:39 AM",zetxek@gmail.com, +4531579827,Ramiro AI,CTO/business partner,http://www.linkedin.com/jobs/view/4178298529,cv_adrian_moreno_english_no-cover.pdf,
"1/28/21, 1:36 PM",zetxek@gmail.com, +31684825025,Workday Peakon Employee Voice,Engineering Manager,http://www.linkedin.com/jobs/view/2367015447,cv_adrian_moreno_english_cover.pdf,"Last name:Moreno Peña | Job Listing Type:PREMIUM | Email address:zetxek@gmail.com | First name:Adrián | Do you have SAAS industry experience?:Yes - during my time as an entrepreneur with my own development studio I participated in the creation of several SaaS platforms (with different levels of success). | Please submit a resume or LinkedIn profile:679665699.pdf | Mobile phone number:+31 684825025 | Are you authorised to work in Denmark?:Yes | Cover letter:Hello there, human on the other side!  This is always the weird part - how to I write something that resonates in you, while sounding genuine. I think I need to be honest and say that your values page has really caught my eye.  I look for ""more than a job"" when choosing a place to work (of course thanks to the luck of being able to choose so) - and transparency, being myself and not taking myself too seriously are deep core values for me.  I am an engineer at heart, a manager because I like to set guidance for processes, help my teams to be their best - and surround myself by curious, genuine people.  The job description sounds exciting and I can really see myself there. Right now I am living in Amsterdam but my girlfriend is Danish and we are considering the move - given the right opportunity (like this one).  I hope we manage to have a chat! | Are you authorised to work in Denmark?:Yes | Last name:Moreno Peña | Mobile phone number:+31 684825025 | Email address:zetxek@gmail.com | Cover letter:Hello there, human on the other side!  This is always the weird part - how to I write something that resonates in you, while sounding genuine. I think I need to be honest and say that your values page has really caught my eye.  I look for ""more than a job"" when choosing a place to work (of course thanks to the luck of being able to choose so) - and transparency, being myself and not taking myself too seriously are deep core values for me.  I am an engineer at heart, a manager because I like to set guidance for processes, help my teams to be their best - and surround myself by curious, genuine people.  The job description sounds exciting and I can really see myself there. Right now I am living in Amsterdam but my girlfriend is Danish and we are considering the move - given the right opportunity (like this one).  I hope we manage to have a chat! | First name:Adrián | Job Listing Type:PREMIUM | Please submit a resume or LinkedIn profile:679665699.pdf | Do you have SAAS industry experience?:Yes - during my time as an entrepreneur with my own development studio I participated in the creation of several SaaS platforms (with different levels of success)."
"2/20/21, 12:39 AM",zetxek@gmail.com, +31684825025,Elderlearn,Chief Technology Officer,http://www.linkedin.com/jobs/view/2419626082,cv_adrian_moreno_english_cover.pdf,Mobile phone number:+31 684825025 | Please submit a resume or LinkedIn profile:679665699.pdf | Are you comfortable commuting to this job's location?:Yes | Email address:zetxek@gmail.com
"10/13/21, 12:33 PM",zetxek@gmail.com, +4531579827,Cloudbeds,Software Engineering Manager ,http://www.linkedin.com/jobs/view/2748418331,cv_adrian_moreno_english.pdf,"College or University:University of Santiago de Compostela | Do you have experience managing a remote team? If yes, please select the regions you have worked with::[Western Europe, Eastern Europe] | Last name:Moreno Peña | State:Hovestaden | What languages do you speak fluently?:English, Spanish, Galician, Portugues | Cover letter:Hi Cloudbeds! I am am computer engineer with 14+ years of experience, more than half of them in leadership positions (CTO/Tech Lead/Engineering Manager/Co-Founder). My background fits your product stack quite well, including PHP, serverless, React, AWS...  I have a passion for developing people (check the recommendations in my profile, they're from my previous reports 💕), and communicating technical topics across technical and not technical audiences to spark collaboration. Transparency and leading by example are my personal values.  I hop I have the chance to talk to you! | Mobile phone number:+45 31579827 | Desired salary:85000 DKK/month | By submitting your application, you agree to Cloudbeds' Privacy Policy (https://www.cloudbeds.com/privacy-policy/) and to allow Cloudbeds to retain your information for future employment opportunities for a period of 3 years.:Yes | What's your citizenship / employment eligibility?:Other | Please submit a resume or LinkedIn profile:-1504752008.pdf | Street address line 1:Panumsvej 38 | LinkedIn Profile:https://www.linkedin.com/in/adrianmoreno | ZIP / Postal Code:2500 | What's your highest level of education completed?:College - Master of Science | City:Copenhagen, Capital Region, Denmark | How many years of direct report management experience do you have?:5+ years | First name:Adrián | How many years of experience developing software do you have?:5+ years | Earliest start date?:2021-12-01 | Email address:zetxek@gmail.com"
"9/13/17, 4:34 PM",adrian.moreno@bloqnum.com, +31 6 84825025,QuantFlow,Senior Java Developer / CTO,http://www.linkedin.com/jobs/view/400730565,cv_cover_adrian_moreno_english.pdf,
"8/30/17, 1:53 PM",adrian.moreno@bloqnum.com, +31 6 84825025,Key Global Recruitment,Technical Architect,http://www.linkedin.com/jobs/view/379398501,cv_adrian_moreno_english_2016.pdf,
"6/20/21, 2:22 PM",zetxek@gmail.com, +4531579827,Payne Talent - Zealand,Head of Technology,http://www.linkedin.com/jobs/view/2605522477,cv_adrian_moreno_english_cover.pdf,Last name:Moreno Peña | Are you an experienced Tech Leader? (Several years of experience leading a Tech team):Yes | First name:Adrián | Job Listing Type:PREMIUM | Do you have experience with Microservices architecture?:Yes | Do you have experience working in a DevOps environment?:Yes | Do you have experience programming in Go (Golang)?:Yes | Please submit a resume or LinkedIn profile:679665699.pdf | Email address:zetxek@gmail.com | Mobile phone number:+45 31579827
"12/29/14, 4:41 PM",zetxek@gmail.com, +34 676137567,Accenture Interactive Amsterdam,Senior Android developer,http://www.linkedin.com/jobs/view/12347434,cv_adrian_moreno_english.pdf,
"2/28/25, 1:51 PM",zetxek@gmail.com, +4531579827,United Fintech,Head of Commercial Banking – Part of the management team,http://www.linkedin.com/jobs/view/4160814034,cv_adrian_moreno_english_1page.pdf,"Email address:zetxek@gmail.com | Do you have experience in product strategy, development, and execution? :Yes | Mobile phone number:+45 31579827 | Do you have a background in commercial banking solutions, trade finance, payments, and API-driven SaaS architectures, with a deep understanding of their modular benefits? :Yes | Can you split your working week between Copenhagen and Oslo? :Yes | Please submit a resume or LinkedIn profile:-1754018561.pdf"
"9/5/22, 10:34 AM",zetxek@gmail.com, +4531579827,Vaco,"***Chief Technology Officer || Onsite in Copenhagen, Denmark***",http://www.linkedin.com/jobs/view/3249615678,cv_adrian_moreno_english.pdf,
"12/29/14, 4:40 PM",zetxek@gmail.com, +34 676137567,bunq,Coding Champion,http://www.linkedin.com/jobs/view/12593792,cv_adrian_moreno_english.pdf,
"8/17/17, 7:29 AM",adrian.moreno@bloqnum.com, +31 6 84825025,EasyPark formerly Parkmobile,Software Development Manager,http://www.linkedin.com/jobs/view/370841899,cv_adrian_moreno_english_2016.pdf,
"5/22/23, 12:47 PM",zetxek@gmail.com, +4531579827,Digiseg,Chief Technology Officer,http://www.linkedin.com/jobs/view/3614760394,cv_adrian_moreno_english.pdf,Are you legally authorized to work in Denmark?:Yes | Please submit a resume or LinkedIn profile:589388937.pdf | Email address:zetxek@gmail.com | Mobile phone number:+45 31579827
