Saved Date,Job Url,Job Title,Company Name
"4/29/25, 9:37 AM",http://www.linkedin.com/jobs/view/4153847503,Senior Director of Engineering - Consumer Products & Retail,Publicis Sapient
"10/28/22, 2:26 PM",http://www.linkedin.com/jobs/view/3297480388,Director of Engineering (Consumer),Trustpilot
"1/31/24, 6:23 AM",http://www.linkedin.com/jobs/view/3790363374,"Head of Transformation Office, Digital Technology",Falck
"3/11/20, 3:47 PM",http://www.linkedin.com/jobs/view/1769280212,Lead Software Engineer /CTO,Actief Hartmanns
"4/6/25, 12:28 AM",http://www.linkedin.com/jobs/view/4198215151,Director of Engineering,Hi Rasmus
"1/30/24, 10:25 PM",http://www.linkedin.com/jobs/view/3787098761,Chief Technology Officer (CTO),Kraftvaerk
"5/12/25, 11:45 AM",http://www.linkedin.com/jobs/view/4136816359,Manager Platform Engineering-R-227679,Mastercard
"10/9/21, 3:30 AM",http://www.linkedin.com/jobs/view/2709784651,"Technical Team Lead, Full Stack Engineer",Worksome
"4/25/24, 8:19 AM",http://www.linkedin.com/jobs/view/3817406069,"VP, Engineering, Operations and Growth","LiveIntent, a Zeta Global Company"
"8/6/21, 12:21 PM",http://www.linkedin.com/jobs/view/2641009677,"Manager, Software Development Engineering",Workday
"11/28/14, 7:48 AM",http://www.linkedin.com/jobs/view/12427300,Senior Android developer ,Searchlite
"8/10/21, 11:58 AM",http://www.linkedin.com/jobs/view/2679014076,Engineering Manager,Linkfire
"7/21/25, 9:58 AM",http://www.linkedin.com/jobs/view/4239569169,Engineering Director - Kids Domain,the LEGO Group
"4/20/25, 7:25 AM",http://www.linkedin.com/jobs/view/4197315845,Head of Software Development,VELUX
"11/27/14, 5:21 AM",http://www.linkedin.com/jobs/view/12049590,Mobile Developer,Roamler
"2/18/21, 1:00 PM",http://www.linkedin.com/jobs/view/2400690437,Technical Lead,Coinify
"1/13/24, 5:16 AM",http://www.linkedin.com/jobs/view/3789056079,Digital Engineering & People Leader,Novo Nordisk
"1/31/21, 11:15 AM",http://www.linkedin.com/jobs/view/2369170914,Senior Ruby/Rails Engineer (Explore),Zendesk
"11/6/14, 5:17 AM",http://www.linkedin.com/jobs/view/11328368,Senior Java Developer,SetPay
"12/7/24, 10:40 PM",http://www.linkedin.com/jobs/view/4046349791,Director of Product Engineering,e-conomic
"9/1/21, 2:52 PM",http://www.linkedin.com/jobs/view/2683751611,Development Manager ,Clio
"5/26/21, 1:25 PM",http://www.linkedin.com/jobs/view/2461576690,Engineering Manager,Issuu
"5/1/25, 6:46 AM",http://www.linkedin.com/jobs/view/4192728247,Software Engineering Team Leader,Omnidocs
"1/12/24, 12:47 PM",http://www.linkedin.com/jobs/view/3781825060,"Vice President, Application Architecture",Mastercard
"11/10/23, 3:13 PM",http://www.linkedin.com/jobs/view/3723923109,"VP, Software Engineering - Cloud Network Enablement",Mastercard
"10/28/22, 2:25 PM",http://www.linkedin.com/jobs/view/3307319228,Senior Engineering Manager - Copenhagen,the LEGO Group
"5/26/21, 3:03 AM",http://www.linkedin.com/jobs/view/2552668380,Engineering Manager,Chainalysis
"4/14/25, 3:31 PM",http://www.linkedin.com/jobs/view/4118518210,,
"5/26/21, 3:04 AM",http://www.linkedin.com/jobs/view/2545575889,Lead Developer - Asset Management,Danske Bank
"5/23/22, 5:27 AM",http://www.linkedin.com/jobs/view/3090603379,Director of Engineering,Planday
"3/13/24, 1:12 AM",http://www.linkedin.com/jobs/view/3827859700,Vice President of Engineering,Veo Technologies
"4/25/25, 3:40 AM",http://www.linkedin.com/jobs/view/4194032741,Head of Engineering,Worksome
"2/6/24, 2:39 PM",http://www.linkedin.com/jobs/view/3783666650,Experienced Senior Engineering Manager at Novo Nordisk Engineering,NNE
"1/30/23, 12:10 PM",http://www.linkedin.com/jobs/view/3431664043,Digital Engineering & People Leader,Novo Nordisk
"1/28/25, 1:13 AM",http://www.linkedin.com/jobs/view/4111054208,Engineering Director - Shopper Technology,the LEGO Group
"10/17/16, 3:59 PM",http://www.linkedin.com/jobs/view/197318820,Application Architect Mobile,IBM
"2/7/24, 1:23 PM",http://www.linkedin.com/jobs/view/3783666651,Engineering Manager at Novo Nordisk Engineering,NNE
"8/23/21, 2:16 AM",http://www.linkedin.com/jobs/view/2689988016,Senior Software Engineering Manager,Awaze
"5/6/21, 9:55 PM",http://www.linkedin.com/jobs/view/2467668831,Engineering Lead,Pleo
"8/30/17, 2:28 PM",http://www.linkedin.com/jobs/view/387714429,"Solutions Architect, Google Cloud",Google
"5/1/25, 2:10 AM",http://www.linkedin.com/jobs/view/4197859768,Senior Director of Technology,IMPACT Commerce
"3/13/25, 5:01 PM",http://www.linkedin.com/jobs/view/3860732103,,
"10/19/21, 7:31 AM",http://www.linkedin.com/jobs/view/2764161494,Engineering Manager for a new music streaming service in Copenhagen,Moodagent
"12/25/14, 2:06 PM",http://www.linkedin.com/jobs/view/32768784,Lead Developer HTML5,BoosterMedia
"6/20/25, 12:47 PM",http://www.linkedin.com/jobs/view/4234498531,Chief Technology Officer,Payne Talent
"2/27/24, 1:50 PM",http://www.linkedin.com/jobs/view/3836739467,Engineering Manager,Issuu
"4/9/25, 11:32 AM",http://www.linkedin.com/jobs/view/3954564415,Senior Android Developer (Invoices),SumUp
"5/26/21, 3:22 PM",http://www.linkedin.com/jobs/view/2537482859,Head Of Engineering,Saltfoss Energy
"12/22/14, 3:29 PM",http://www.linkedin.com/jobs/view/11777964,Dev Engineer - Android - Global digital channels space.,ING Nederland
"9/14/15, 4:40 PM",http://www.linkedin.com/jobs/view/72854197,iOS Developer/Android Developer,ITP Select
"3/17/25, 7:47 AM",http://www.linkedin.com/jobs/view/4104168551,Global Head of Websites and Leads,Saxo Bank
"6/28/24, 10:31 AM",http://www.linkedin.com/jobs/view/3807920942,Senior Android Developer (Invoices),SumUp
"2/23/23, 12:43 AM",http://www.linkedin.com/jobs/view/3487872617,Engineering Director - KYC Team ,Penneo A/S
"8/25/21, 1:55 AM",http://www.linkedin.com/jobs/view/2666592828,Chief Technology Officer,Mindpool
"9/30/21, 6:15 AM",http://www.linkedin.com/jobs/view/2722271737,Engineering Manager,Siteimprove
"9/2/17, 7:28 AM",http://www.linkedin.com/jobs/view/389896336,Technical Architect,Piksel
"1/31/21, 11:15 AM",http://www.linkedin.com/jobs/view/2303377231,Engineering Manager - Data pipelines,Zendesk
"8/31/17, 10:23 PM",http://www.linkedin.com/jobs/view/389889437,Principal Digital Transformation Consultant,HCL Technologies - BEYONDigital
"2/7/24, 8:31 PM",http://www.linkedin.com/jobs/view/3814885745,Digital & IT Director - Volvo Car Denmark,Volvo Cars
"8/29/17, 2:56 PM",http://www.linkedin.com/jobs/view/390566305,Principal Group PM Manager,Microsoft
"9/4/17, 3:30 AM",http://www.linkedin.com/jobs/view/382668796,Program Director Web & Mobile,Rockstart
"2/18/21, 10:47 AM",http://www.linkedin.com/jobs/view/2413425432,Senior full-stack developer,Matter
"8/23/21, 4:41 AM",http://www.linkedin.com/jobs/view/2681838112,Technical Lead,Tame
"10/20/23, 9:23 AM",http://www.linkedin.com/jobs/view/3735778483,VP Product & Engineering,Mover Systems
"2/3/21, 12:51 PM",http://www.linkedin.com/jobs/view/2386243048,"Software Engineers, Coric Engage",SimCorp
"4/23/19, 3:00 AM",http://www.linkedin.com/jobs/view/1225971830,Head Of Engineering,PVH Europe B.V.
"4/11/25, 7:53 AM",http://www.linkedin.com/jobs/view/4197597714,"Product Director, Digital Ecosystem Engagement",the LEGO Group
"5/4/24, 1:58 AM",http://www.linkedin.com/jobs/view/3916574013,Senior Engineering Manager - Mobile & Web Core,Pleo
"1/21/22, 10:57 AM",http://www.linkedin.com/jobs/view/2861678665,Ecommerce Manager,Fara Cycling
"4/8/25, 7:47 PM",http://www.linkedin.com/jobs/view/4126007079,Engineering Manager,Corti
"12/18/20, 3:39 PM",http://www.linkedin.com/jobs/view/2350184785,Chief Technology Officer & Co-Founder,Flash Ventures
"12/15/22, 2:10 AM",http://www.linkedin.com/jobs/view/3396159113,(Remote) VP of Engineering,Few&Far
"9/28/21, 5:24 AM",http://www.linkedin.com/jobs/view/2730874826,Software Engineering Manager,Sapiens
"9/30/21, 12:59 AM",http://www.linkedin.com/jobs/view/2728224116,Engineering Manager ,Worksome
"3/25/19, 10:31 AM",http://www.linkedin.com/jobs/view/1136386464,CTO (Lead Developer),AffilyAds
"3/2/18, 5:45 AM",http://www.linkedin.com/jobs/view/574676258,Service Designer Customer Experience,innogy NL
"2/3/21, 12:51 PM",http://www.linkedin.com/jobs/view/2381523904,Software Engineer,Zendesk
"12/7/14, 5:20 PM",http://www.linkedin.com/jobs/view/11747687,Mobile Application Developer,IBM
"2/12/21, 2:33 PM",http://www.linkedin.com/jobs/view/2420895925,Solutions Architect,A.P. Moller - Maersk
"5/24/18, 1:49 PM",http://www.linkedin.com/jobs/view/694294849,Interaction Designer,KLM Royal Dutch Airlines
"2/6/21, 12:07 PM",http://www.linkedin.com/jobs/view/2399366817,Cloud Solution Architect - Infrastructure,Microsoft
"2/9/22, 9:43 AM",http://www.linkedin.com/jobs/view/2914233645,Senior Engineering Manager,the LEGO Group
"9/18/25, 3:47 PM",http://www.linkedin.com/jobs/view/4295492976,GenAI Tribe Lead,Danske Bank
"5/26/21, 3:04 AM",http://www.linkedin.com/jobs/view/2534813320,Engineering Manager,A.P. Moller - Maersk
"1/24/22, 12:43 PM",http://www.linkedin.com/jobs/view/2887380891,Senior Engineering Manager - Copenhagen,the LEGO Group
"4/11/25, 5:23 AM",http://www.linkedin.com/jobs/view/4106253741,Technical Director - Central Technology,SYBO
"2/3/21, 12:46 PM",http://www.linkedin.com/jobs/view/2350237026,Senior Software Engineer,Tradeshift
"2/3/21, 12:41 PM",http://www.linkedin.com/jobs/view/2384544099,Senior Backend Engineer,Workday Peakon Employee Voice
"7/16/25, 1:51 AM",http://www.linkedin.com/jobs/view/4253918423,Senior Engineering Manager,Lunar
"2/9/21, 2:36 AM",http://www.linkedin.com/jobs/view/2414659331,Chief Technology Officer,SORTH & CO
"5/2/25, 4:14 AM",http://www.linkedin.com/jobs/view/4199542115,General Manager Innovation / CTO,EMRI A/S
"9/4/21, 7:38 AM",http://www.linkedin.com/jobs/view/2684301565,CTO / Full-Stack Developer,ARTXP
"12/9/23, 2:26 PM",http://www.linkedin.com/jobs/view/3780339884,Manager of Digital Health Software Engineering,Novo Nordisk
"6/2/25, 5:34 AM",http://www.linkedin.com/jobs/view/4199733270,Head of Application Software,Ambu A/S
"8/18/21, 1:58 PM",http://www.linkedin.com/jobs/view/2682260880,Engineering Manager,Pandora
"3/24/25, 2:25 AM",http://www.linkedin.com/jobs/view/4184383140,"Director, Head of Digital Experience & Applications",3Shape
"1/20/24, 2:08 PM",http://www.linkedin.com/jobs/view/3806384435,"Director, Mastercard Technology, Nordics & Baltics & South East Europe",Mastercard
"10/6/25, 7:03 AM",http://www.linkedin.com/jobs/view/4213176139,"Head of Engineering, LEGO Education",the LEGO Group
