Organization,Followed On
Goldman Sachs,Wed Dec 24 19:27:37 UTC 2025
Randstad Danmark,Wed Dec 24 15:43:48 UTC 2025
Subsets,Tue Dec 23 10:00:23 UTC 2025
Laracon India,Mon Dec 22 18:39:57 UTC 2025
Danish Refugee Council / Dansk Flygtningehjælp,Mon Dec 22 08:17:04 UTC 2025
Eupry,Thu Dec 18 20:17:19 UTC 2025
Rebirth,Thu Dec 18 20:14:03 UTC 2025
Dedale Intelligence,Mon Dec 15 13:50:29 UTC 2025
Interhuman AI,Wed Dec 10 14:54:08 UTC 2025
Trading 212,Mon Dec 08 10:49:45 UTC 2025
Shortcut Danmark,Sun Dec 07 20:47:09 UTC 2025
Ocean Orchestra,Sun Dec 07 20:39:04 UTC 2025
Nic. Christiansen Gruppen,Thu Dec 04 12:59:07 UTC 2025
Contour,Tue Dec 02 10:31:42 UTC 2025
ChatGPT,Sun Nov 30 10:26:19 UTC 2025
Claude,Sun Nov 30 10:26:17 UTC 2025
Peec AI,Sun Nov 30 10:26:14 UTC 2025
Cegid,Thu Nov 27 10:18:09 UTC 2025
Danish Data Science Community,Sun Nov 23 18:46:50 UTC 2025
DX,Mon Nov 17 18:43:07 UTC 2025
Jellyfish,Mon Nov 17 18:43:06 UTC 2025
Swarmia,Mon Nov 17 18:43:03 UTC 2025
21st Europe,Sun Nov 16 17:56:11 UTC 2025
YunoJuno,Sat Nov 15 06:20:26 UTC 2025
Alpitronic,Thu Nov 13 08:07:29 UTC 2025
SumUp Partnerships,Tue Nov 11 19:41:45 UTC 2025
Super44,Thu Nov 06 08:55:52 UTC 2025
Visma,Mon Nov 03 22:13:16 UTC 2025
Hidden Disabilities Sunflower 🌻,Thu Oct 30 09:08:41 UTC 2025
Cursor,Wed Oct 29 21:48:38 UTC 2025
Airofit,Wed Oct 29 12:14:35 UTC 2025
Flexal,Wed Oct 29 05:18:31 UTC 2025
LEGO Digital Play,Tue Oct 28 19:57:41 UTC 2025
Pie Systems,Tue Oct 28 09:55:05 UTC 2025
Nétive VMS EMEA,Tue Oct 28 08:48:17 UTC 2025
WorkMotion,Fri Oct 24 18:50:03 UTC 2025
volvér.vc,Thu Oct 23 19:57:55 UTC 2025
Knowledge Gate Group,Wed Oct 22 12:03:44 UTC 2025
Accountable,Tue Oct 21 20:03:53 UTC 2025
Parasol,Thu Oct 16 08:38:12 UTC 2025
Pennylane,Tue Oct 14 05:54:04 UTC 2025
Hyperline,Tue Oct 14 05:53:58 UTC 2025
Mesh Community,Thu Oct 09 04:50:32 UTC 2025
Geocodio,Mon Oct 06 17:22:11 UTC 2025
Reflag,Mon Oct 06 09:09:14 UTC 2025
Apollo GraphQL,Fri Oct 03 19:38:54 UTC 2025
Shine France,Wed Oct 01 17:12:14 UTC 2025
/dev/agents,Wed Sep 24 07:33:03 UTC 2025
Juice Fitness,Mon Sep 22 11:35:09 UTC 2025
Ramp,Thu Sep 18 12:12:03 UTC 2025
Actuals,Thu Sep 18 12:09:05 UTC 2025
Acembee,Thu Sep 18 09:45:18 UTC 2025
MOO,Wed Sep 17 16:26:40 UTC 2025
FGC - Founders Growth Club,Tue Sep 16 10:46:01 UTC 2025
Teton,Thu Sep 11 12:42:31 UTC 2025
Flightradar24,Wed Sep 10 07:12:00 UTC 2025
Scaling Europe,Wed Sep 10 07:07:41 UTC 2025
Vinted,Mon Sep 08 11:50:01 UTC 2025
Airbus,Mon Sep 08 08:17:54 UTC 2025
EU–INC,Sat Sep 06 16:46:19 UTC 2025
one.com,Tue Sep 02 12:47:53 UTC 2025
group.one,Tue Sep 02 12:47:39 UTC 2025
Dawn Health,Sun Aug 31 19:50:15 UTC 2025
TaxMate,Fri Aug 29 11:49:38 UTC 2025
taxtech500,Thu Aug 28 18:10:17 UTC 2025
TSMC,Thu Aug 28 11:43:34 UTC 2025
Acquired,Thu Aug 28 11:43:31 UTC 2025
BLACK IRON HORSE,Thu Aug 28 07:21:32 UTC 2025
Larry vs Harry,Thu Aug 28 07:12:59 UTC 2025
Dropla Tech ApS,Mon Aug 25 19:44:31 UTC 2025
STORMBORN,Mon Aug 25 19:44:14 UTC 2025
Københavns Universitet - University of Copenhagen,Mon Aug 25 14:17:18 UTC 2025
Center for Hybrid Intelligence,Mon Aug 25 10:03:54 UTC 2025
"Lifted, an Upwork Company",Wed Aug 20 05:36:12 UTC 2025
Accell Group,Fri Aug 08 14:25:38 UTC 2025
The Library Copenhagen,Thu Aug 07 18:06:50 UTC 2025
BlackWood,Sun Aug 03 13:43:49 UTC 2025
P-Secure,Sun Aug 03 13:43:20 UTC 2025
Typo,Sun Aug 03 10:33:47 UTC 2025
Albert Heijn,Sun Aug 03 10:28:43 UTC 2025
DevDynamics,Sun Aug 03 10:28:04 UTC 2025
Duetto,Sun Aug 03 10:19:52 UTC 2025
CVX Ventures,Tue Jul 29 20:09:24 UTC 2025
Granola,Tue Jul 29 19:46:03 UTC 2025
Runware,Sun Jul 20 18:31:44 UTC 2025
Hebbia,Sun Jul 20 15:10:52 UTC 2025
Omada,Sun Jul 20 07:55:22 UTC 2025
Fiftytwo A/S,Fri Jul 18 09:57:39 UTC 2025
Bang & Olufsen,Fri Jul 11 20:13:17 UTC 2025
Papaya Global,Wed Jul 09 19:35:37 UTC 2025
GEELY,Fri Jul 04 19:06:08 UTC 2025
Famly,Wed Jul 02 16:15:06 UTC 2025
Lago,Sun Jun 29 18:03:52 UTC 2025
Sibill,Thu Jun 26 10:51:54 UTC 2025
Develop Diverse by Lyser,Thu Jun 26 09:44:50 UTC 2025
Sifted,Thu Jun 26 09:35:24 UTC 2025
Laravel,Wed Jun 25 14:13:16 UTC 2025
The International Denmark,Thu Jun 19 17:06:37 UTC 2025
The Copenhagen Post,Thu Jun 19 17:06:35 UTC 2025
InDe,Thu Jun 19 17:06:32 UTC 2025
Lyser,Thu Jun 19 15:19:00 UTC 2025
DKV Mobility,Thu Jun 19 11:40:37 UTC 2025
Pismo,Wed Jun 18 15:20:12 UTC 2025
Supabase,Wed Jun 18 14:43:01 UTC 2025
Neurons,Wed Jun 18 14:18:41 UTC 2025
ePay Payment Solutions,Mon Jun 16 19:21:17 UTC 2025
Aino,Sun Jun 15 18:45:45 UTC 2025
FlashDocs (Acquired by Hebbia),Thu Jun 12 18:47:17 UTC 2025
CapitalG,Tue Jun 10 18:19:53 UTC 2025
Tebi,Tue Jun 10 18:12:58 UTC 2025
Tempty Foods,Tue Jun 10 18:03:47 UTC 2025
Worldline,Sun Jun 08 11:42:58 UTC 2025
Built in Europe,Sun Jun 08 10:51:36 UTC 2025
Klimate,Thu Jun 05 06:33:41 UTC 2025
XP Conference,Thu Jun 05 06:32:40 UTC 2025
Per My Last Email,Wed Jun 04 19:37:22 UTC 2025
Propane,Wed Jun 04 11:41:28 UTC 2025
Brandwatch,Tue Jun 03 18:10:41 UTC 2025
Motosumo,Mon Jun 02 10:59:45 UTC 2025
TechWomen Copenhagen,Mon Jun 02 07:32:30 UTC 2025
Dreamcraft Ventures,Fri May 30 09:50:56 UTC 2025
EIFO,Sun May 25 19:26:12 UTC 2025
PSV,Sun May 25 19:25:29 UTC 2025
Skatteguiden,Wed May 21 18:52:40 UTC 2025
twig.energy,Wed May 21 09:26:48 UTC 2025
Wikimedia Foundation,Wed May 21 07:08:22 UTC 2025
VANA,Mon May 19 19:32:18 UTC 2025
Go European,Mon May 19 19:31:09 UTC 2025
Dotwork,Sun May 18 08:01:16 UTC 2025
Worksome Talent,Sat May 17 13:29:04 UTC 2025
Alice.tech,Sat May 17 12:06:29 UTC 2025
Moxso,Fri May 16 12:49:38 UTC 2025
G2i Inc.,Thu May 15 07:22:04 UTC 2025
Krisos,Tue May 13 19:23:47 UTC 2025
FreedomPay,Mon May 12 19:10:48 UTC 2025
Datatilsynet,Mon May 12 18:52:54 UTC 2025
Tembi - Market Intelligence,Sat May 10 17:21:36 UTC 2025
Picnic Technologies,Fri May 09 17:07:10 UTC 2025
Øresundsbron,Fri May 09 17:06:27 UTC 2025
Legacy: Investment Intelligence for Real Estate,Fri May 09 17:03:19 UTC 2025
edenity.,Thu May 08 09:37:01 UTC 2025
ETSE-USC,Thu May 08 08:53:43 UTC 2025
Kuba Group,Wed May 07 14:12:47 UTC 2025
Aera Payment & Identification,Wed Apr 30 19:15:41 UTC 2025
Swiipe,Wed Apr 30 19:13:52 UTC 2025
Myver,Tue Apr 29 17:15:18 UTC 2025
Humani,Tue Apr 29 17:15:04 UTC 2025
Pascal A/S,Sun Apr 27 11:00:36 UTC 2025
Portchain,Fri Apr 25 18:38:56 UTC 2025
STARK,Wed Apr 23 18:53:08 UTC 2025
Amer Sports,Thu Apr 17 16:44:42 UTC 2025
Roccai,Tue Apr 15 12:20:53 UTC 2025
Matas A/S,Mon Apr 14 11:57:33 UTC 2025
IMPACT Commerce,Mon Apr 14 10:58:36 UTC 2025
SumUp Australia,Fri Apr 11 16:50:14 UTC 2025
All Gravy,Thu Apr 10 08:16:58 UTC 2025
Pluto.markets,Thu Apr 10 08:16:17 UTC 2025
Tactile Games,Wed Apr 09 14:28:41 UTC 2025
Omnidocs,Sun Apr 06 17:41:32 UTC 2025
Miniclip,Sat Apr 05 20:22:56 UTC 2025
Idura,Sat Apr 05 15:15:45 UTC 2025
Hi Rasmus,Sat Apr 05 10:57:11 UTC 2025
Notion Capital,Fri Apr 04 15:17:32 UTC 2025
Yabie,Fri Apr 04 06:04:24 UTC 2025
Everway,Thu Apr 03 13:05:25 UTC 2025
GrowthLoop,Wed Apr 02 19:19:14 UTC 2025
Klippa,Wed Apr 02 12:32:58 UTC 2025
Decathlon,Mon Mar 31 14:08:17 UTC 2025
Framna,Tue Aug 19 14:51:01 UTC 2025
Organic Maps,Sun Mar 30 15:36:04 UTC 2025
wamo,Wed Mar 26 19:50:26 UTC 2025
Multiples,Tue Mar 25 20:05:38 UTC 2025
Hørkram Foodservice A/S,Tue Mar 25 18:05:30 UTC 2025
GRAND PMS,Tue Mar 25 10:03:24 UTC 2025
Viggo (acquired by Bolt),Mon Mar 24 09:47:42 UTC 2025
Stella Energy,Mon Mar 24 09:47:20 UTC 2025
Amicus,Mon Mar 24 09:42:35 UTC 2025
OOONO,Sat Mar 22 06:13:57 UTC 2025
Nokia,Fri Mar 21 21:50:50 UTC 2025
Bending Spoons,Thu Mar 20 20:09:49 UTC 2025
TaxHelper,Thu Mar 20 19:15:30 UTC 2025
GN Group,Mon Mar 17 20:09:53 UTC 2025
Nume,Mon Mar 17 18:22:27 UTC 2025
SYBO,Thu Mar 13 19:02:33 UTC 2025
Festina Finance,Thu Mar 13 17:32:04 UTC 2025
Synthesia,Thu Mar 13 17:30:20 UTC 2025
Project Europe,Wed Mar 12 19:59:55 UTC 2025
Flying Tiger Copenhagen,Wed Mar 12 19:04:24 UTC 2025
Normative.io,Wed Mar 12 19:03:56 UTC 2025
Saxo Bank,Tue Mar 11 19:05:53 UTC 2025
Commercial Banking Applications AS,Tue Mar 11 18:50:33 UTC 2025
Ramiro AI,Tue Mar 11 18:39:36 UTC 2025
Netguru | B Corp™,Tue Mar 11 14:02:57 UTC 2025
BY THE RAY,Mon Mar 10 18:53:07 UTC 2025
Sunrise,Mon Mar 10 18:22:06 UTC 2025
Heyra,Mon Mar 10 15:30:26 UTC 2025
Fresto.io,Mon Mar 10 15:29:53 UTC 2025
Strategy,Mon Mar 10 14:42:31 UTC 2025
Cadeler,Mon Mar 10 13:59:22 UTC 2025
Bookboost,Mon Mar 10 05:55:03 UTC 2025
njuko,Sun Mar 09 08:02:06 UTC 2025
DFDS,Sat Mar 08 20:51:25 UTC 2025
Chime,Sat Mar 08 20:38:04 UTC 2025
Paystack,Thu Mar 06 20:31:32 UTC 2025
CTO Craft,Thu Mar 06 20:04:22 UTC 2025
The Cynefin Company,Thu Feb 27 08:01:39 UTC 2025
Empathy Lab by EPAM,Wed Feb 26 06:51:41 UTC 2025
YouSee,Sun Feb 23 18:03:29 UTC 2025
3Shape,Thu Feb 20 16:34:43 UTC 2025
TODAY,Tue Feb 18 08:19:56 UTC 2025
Market Pay,Mon Feb 17 11:43:47 UTC 2025
TP Aerospace,Sun Feb 16 09:33:07 UTC 2025
Lumon Industries,Sat Feb 15 20:40:56 UTC 2025
AI Endurance,Sat Feb 15 19:30:35 UTC 2025
Incharge Capital Partners,Fri Feb 14 17:05:33 UTC 2025
DeepSeek AI,Thu Feb 13 13:43:50 UTC 2025
ClickUp,Thu Feb 13 13:43:48 UTC 2025
Lovable,Thu Feb 13 13:43:32 UTC 2025
Whimsical,Thu Feb 13 13:43:26 UTC 2025
ACCURE Battery Intelligence,Wed Feb 12 20:57:56 UTC 2025
Treatwell,Wed Feb 05 15:11:24 UTC 2025
ComplyCloud,Wed Feb 05 05:17:44 UTC 2025
Duolingo,Sat Feb 01 07:46:59 UTC 2025
mondayfriday media,Thu Jan 30 20:44:27 UTC 2025
Foodbrain.health,Thu Jan 30 17:06:46 UTC 2025
Ugly Duckling Ventures,Wed Jan 29 20:12:19 UTC 2025
Reitan Convenience,Sun Jan 26 12:36:19 UTC 2025
LangChain,Fri Jan 24 17:28:15 UTC 2025
Mistral AI,Fri Jan 24 17:28:10 UTC 2025
Microsoft Copilot,Sat Jan 18 08:13:57 UTC 2025
Nordic Fintech Week,Wed Jan 08 12:29:54 UTC 2025
TestaViva,Wed Jan 08 01:36:07 UTC 2025
GetWhy,Tue Jan 07 12:42:43 UTC 2025
Lessor,Tue Jan 07 02:41:28 UTC 2025
INVISIO,Wed Dec 25 18:05:56 UTC 2024
Matter,Mon Dec 23 08:40:54 UTC 2024
FinTech Magazine,Sat Dec 21 19:13:40 UTC 2024
The Paypers,Sat Dec 21 19:13:34 UTC 2024
FinTech Futures,Sat Dec 21 19:13:33 UTC 2024
PYMNTS,Sat Dec 21 19:13:31 UTC 2024
Finextra,Sat Dec 21 19:13:25 UTC 2024
WaveCrest.io,Wed Dec 18 18:18:27 UTC 2024
DataLøn,Sun Dec 15 14:13:12 UTC 2024
On-Courze,Fri Dec 13 21:00:11 UTC 2024
Parloa,Thu Dec 05 09:38:36 UTC 2024
Nordic Secondary Fund,Sat Nov 16 14:28:27 UTC 2024
Bain & Company,Sat Nov 02 20:29:55 UTC 2024
Balderton,Fri Nov 01 20:25:27 UTC 2024
Bifrost Studios,Thu Oct 31 21:26:58 UTC 2024
Blissgrowth,Thu Oct 31 10:40:29 UTC 2024
Sage,Mon Oct 28 13:42:09 UTC 2024
Social Tip,Wed Oct 23 19:46:10 UTC 2024
The Fehmarnbelt Project,Wed Oct 16 18:41:02 UTC 2024
Trueso,Wed Oct 16 18:33:04 UTC 2024
Growblocks,Wed Oct 16 18:31:55 UTC 2024
momondo,Wed Oct 16 18:30:22 UTC 2024
AI Meetup Copenhagen,Wed Oct 16 18:30:03 UTC 2024
LEO Pharma,Mon Oct 14 20:04:20 UTC 2024
Monumental,Thu Oct 03 18:01:14 UTC 2024
SHAPING NEW TOMORROW,Mon Sep 30 18:07:45 UTC 2024
Technical Leadership,Sat Sep 28 18:43:02 UTC 2024
Team Leadership,Sat Sep 28 18:42:27 UTC 2024
VeerOne,Sat Sep 28 16:06:35 UTC 2024
OrderYOYO,Sat Sep 28 10:29:40 UTC 2024
Numina™,Thu Sep 19 18:25:09 UTC 2024
Just Eat Takeaway.com,Tue Sep 03 10:55:25 UTC 2024
Moving Lane // Archived,Mon Sep 02 17:46:34 UTC 2024
Amsterbarretje,Tue Aug 27 20:27:45 UTC 2024
Copenhagen Cycling Club,Sun Aug 25 07:04:20 UTC 2024
Walldorf Consult,Wed Aug 21 19:56:59 UTC 2024
Sorcerer,Wed Aug 21 19:23:52 UTC 2024
Driversnote,Tue Aug 20 19:41:18 UTC 2024
ComplyPay,Thu Aug 15 15:27:20 UTC 2024
Hubapps,Wed Aug 14 07:00:24 UTC 2024
Even Realities,Sat Aug 10 16:47:21 UTC 2024
Polyteia,Thu Aug 01 17:36:43 UTC 2024
Team Danmark,Sun Jul 28 18:40:40 UTC 2024
Danmarks Idrætsforbund (DIF),Sun Jul 28 18:40:37 UTC 2024
Homerunner,Tue Jul 23 13:05:37 UTC 2024
Devengo,Mon Jul 22 13:45:31 UTC 2024
Viva.com,Thu Jul 18 08:15:41 UTC 2024
Tech Leadership Summit,Thu Jul 18 08:14:10 UTC 2024
Index Ventures,Sun Jul 14 18:37:13 UTC 2024
Kanpla,Sun Jul 14 07:29:00 UTC 2024
The TMRW Foundation,Fri Jul 12 20:58:47 UTC 2024
C-Vision International,Sat Jul 06 16:08:24 UTC 2024
Mangopay,Sat Jul 06 08:49:08 UTC 2024
Apadmi,Sat Jul 06 08:05:04 UTC 2024
Agreena,Sat Jun 29 07:48:23 UTC 2024
Perplexity,Tue Jun 25 06:32:51 UTC 2024
Rejsekort & Rejseplan A/S,Tue Jun 25 06:32:45 UTC 2024
NVIDIA,Wed Jun 19 19:19:53 UTC 2024
Porsche Automobil Holding SE,Tue Jun 18 19:18:45 UTC 2024
Mokumono,Sun Jun 16 18:15:53 UTC 2024
Antom,Sun Jun 16 16:39:05 UTC 2024
Ravio,Sat Jun 15 15:55:53 UTC 2024
Tight,Fri Jun 14 22:09:13 UTC 2024
Light,Fri Jun 14 09:59:54 UTC 2024
Sequoia Capital,Thu Jun 13 20:15:30 UTC 2024
Distribuciones Cutrín,Thu Jun 13 19:42:46 UTC 2024
Decision Makers,Thu Jun 13 14:23:46 UTC 2024
Chargebee,Tue Jun 11 09:44:54 UTC 2024
Frisbii,Thu Jun 13 03:51:49 UTC 2024
Layer,Tue Jun 11 08:22:25 UTC 2024
Ryzon,Tue Jun 11 08:09:36 UTC 2024
commercetools,Tue Jun 11 08:08:45 UTC 2024
Monterro,Fri Jun 07 07:55:20 UTC 2024
Autoflows,Fri Jun 07 07:55:15 UTC 2024
Amplitude,Wed Jun 05 13:24:11 UTC 2024
Mixpanel,Wed Jun 05 13:23:23 UTC 2024
Movability,Wed Jun 05 07:04:55 UTC 2024
Eurocities,Tue Jun 04 19:44:23 UTC 2024
Varefakta,Tue Jun 04 18:01:18 UTC 2024
Celta,Tue Jun 04 18:00:49 UTC 2024
​Colexio Profesional de Enxeñaría en Informática de Galicia,Tue Jun 04 18:00:36 UTC 2024
ViaBill,Tue Jun 04 09:09:55 UTC 2024
Connected Cars,Thu May 30 19:57:38 UTC 2024
Mouseflow,Thu May 30 19:40:14 UTC 2024
Glovo,Wed May 29 17:11:42 UTC 2024
hiJoey,Wed May 29 17:11:23 UTC 2024
Proper,Wed May 29 12:32:20 UTC 2024
Anthropic,Sun May 26 08:30:55 UTC 2024
Undo,Sun May 26 07:29:36 UTC 2024
Money20/20,Sat May 25 19:50:11 UTC 2024
Publicis Sapient,Fri May 24 21:11:52 UTC 2024
Personio,Fri May 24 13:20:36 UTC 2024
Wayve,Thu May 23 19:36:23 UTC 2024
Baillie Gifford,Tue May 21 18:18:29 UTC 2024
Adevinta,Mon May 20 06:41:03 UTC 2024
Reshape Biotech,Sat May 18 19:04:19 UTC 2024
NODA | not a soda,Sat May 18 11:53:18 UTC 2024
Train2Go,Sun May 12 14:56:24 UTC 2024
Spire.,Mon May 06 11:14:53 UTC 2024
Understory,Wed May 01 09:22:21 UTC 2024
Niimblr,Sun Apr 28 06:17:45 UTC 2024
Foreningen LINX,Wed Apr 24 07:41:41 UTC 2024
IDA IT,Wed Apr 24 05:25:36 UTC 2024
Digiseg,Wed Apr 24 05:25:02 UTC 2024
Tricent - A BetterCloud Company,Wed Apr 24 05:24:48 UTC 2024
Copenhagen Merch Studio,Mon Apr 22 11:38:41 UTC 2024
alphalist,Sat Apr 20 09:03:57 UTC 2024
CopenhagenJS,Fri Apr 19 16:56:23 UTC 2024
ELC,Wed Apr 17 15:58:25 UTC 2024
Netdania,Wed Apr 17 14:50:52 UTC 2024
Nordic Fintech Magazine,Wed Apr 17 14:46:01 UTC 2024
Seed Capital,Wed Apr 17 07:26:46 UTC 2024
Upsun (formerly Platform.sh),Mon Apr 15 19:34:15 UTC 2024
LanguageWire,Sun Apr 14 18:43:33 UTC 2024
Barncancerfonden,Fri Apr 12 12:33:33 UTC 2024
Trifork,Thu Apr 11 11:04:07 UTC 2024
Orkla ASA,Wed Apr 03 03:47:02 UTC 2024
Reitan Retail,Wed Apr 03 03:45:42 UTC 2024
7-Eleven Danmark,Wed Apr 03 03:40:54 UTC 2024
Monthio,Tue Apr 02 11:11:16 UTC 2024
Como Darwin,Tue Apr 02 10:32:35 UTC 2024
Quintessential AI,Mon Apr 01 07:50:51 UTC 2024
BEC Financial Technologies,Sun Mar 31 20:52:57 UTC 2024
ØNSK,Fri Mar 29 16:34:16 UTC 2024
Meetup,Thu Mar 28 16:57:00 UTC 2024
Celonis,Tue Mar 26 12:59:57 UTC 2024
Linear,Tue Mar 26 08:39:16 UTC 2024
Grafana Labs,Tue Mar 26 08:39:15 UTC 2024
AIRTOX Professional Footwear,Sun Mar 24 18:37:53 UTC 2024
FireHydrant,Wed Mar 20 20:07:11 UTC 2024
Bemakers,Mon Mar 18 21:41:19 UTC 2024
Keepit,Mon Mar 18 21:41:07 UTC 2024
European Tech Alliance,Sat Mar 09 15:22:07 UTC 2024
Fresha,Thu Mar 07 21:52:00 UTC 2024
SaaSiest,Mon Mar 04 22:10:23 UTC 2024
Miinto,Thu Feb 22 13:08:31 UTC 2024
Mutebox,Thu Feb 22 13:08:10 UTC 2024
Cleo,Mon Feb 19 22:04:19 UTC 2024
JPMorganChase,Sun Feb 18 17:33:28 UTC 2024
Pylon,Thu Feb 15 20:51:56 UTC 2024
Lightspeed Commerce,Thu Feb 15 09:57:39 UTC 2024
Payhawk,Thu Feb 15 09:49:08 UTC 2024
Product People,Wed Feb 14 12:51:31 UTC 2024
BILL,Wed Feb 14 08:43:47 UTC 2024
HubSpot,Wed Feb 14 08:43:45 UTC 2024
Intuit,Wed Feb 14 08:43:15 UTC 2024
Radity,Sun Feb 11 20:55:43 UTC 2024
Metro Service A/S,Sat Feb 10 17:53:38 UTC 2024
Nordcraft,Sun Feb 04 21:47:20 UTC 2024
Greater Copenhagen,Sun Feb 04 14:13:41 UTC 2024
Connecting the dots in Payments...,Sat Feb 03 21:35:05 UTC 2024
Fighter Wing Skrydstrup,Sat Feb 03 18:35:00 UTC 2024
Companyons,Fri Feb 02 22:38:27 UTC 2024
The Future Of Banking,Fri Feb 02 22:27:46 UTC 2024
Nine A/S,Sat Jan 27 20:00:03 UTC 2024
Coinify,Sat Jan 27 19:58:28 UTC 2024
Cobe,Sat Jan 27 09:39:59 UTC 2024
The Union,Fri Jan 26 20:59:59 UTC 2024
Newsec,Fri Jan 26 20:57:13 UTC 2024
Urban Partners,Fri Jan 26 20:57:11 UTC 2024
Nrep,Fri Jan 26 20:56:23 UTC 2024
woods office - Danmark,Fri Jan 26 20:56:17 UTC 2024
NNE,Thu Jan 25 09:32:24 UTC 2024
Fiscal Solutions,Mon Jan 22 20:58:40 UTC 2024
Upfin.vc,Sun Jan 21 19:02:19 UTC 2024
kompasbank,Sun Jan 21 19:02:08 UTC 2024
Two Wheel Company A/S,Sun Jan 21 09:02:45 UTC 2024
Chargemap,Sat Jan 20 11:24:55 UTC 2024
Expend,Wed Jan 17 12:50:50 UTC 2024
Semrush,Sat Jan 13 17:39:08 UTC 2024
Tomorrow,Sat Jan 13 17:39:01 UTC 2024
Electricity Maps,Thu Jan 11 19:49:34 UTC 2024
Lun,Thu Jan 11 19:49:27 UTC 2024
Banedanmark,Wed Jan 10 10:05:16 UTC 2024
Sg Tech,Tue Jan 09 10:48:27 UTC 2024
Mastercard Open Finance,Tue Jan 09 08:50:22 UTC 2024
Starling,Mon Jan 08 16:19:35 UTC 2024
Monese,Mon Jan 08 16:19:34 UTC 2024
HSBC,Mon Jan 08 16:19:31 UTC 2024
Zing,Mon Jan 08 16:19:51 UTC 2024
XYB,Mon Jan 08 16:19:24 UTC 2024
Tiimo,Fri Jan 05 18:35:41 UTC 2024
Visma Danmark,Tue Jan 02 21:35:09 UTC 2024
e-conomic,Tue Jan 02 21:35:02 UTC 2024
Publicis Groupe Denmark,Sun Dec 31 17:54:13 UTC 2023
Amsterdam Bike City,Mon Dec 25 20:36:24 UTC 2023
Netcompany,Thu Dec 21 20:26:27 UTC 2023
Lintrup & Norgart A/S,Tue Dec 19 14:39:08 UTC 2023
Akamai Technologies,Fri Dec 15 17:06:57 UTC 2023
Copenhagen Business School,Fri Dec 15 17:06:54 UTC 2023
PagerDuty,Fri Dec 15 17:06:09 UTC 2023
Operator Stack Fund,Thu Dec 14 21:04:50 UTC 2023
Fonoa,Mon Dec 11 21:14:50 UTC 2023
FF News | Fintech Finance,Mon Dec 11 12:45:46 UTC 2023
Salonized,Fri Dec 08 19:35:17 UTC 2023
Copenhagen Capacity,Mon Dec 04 07:53:43 UTC 2023
Rockstar Games,Sun Dec 03 19:08:01 UTC 2023
Invopop (YC W23),Fri Dec 01 18:43:28 UTC 2023
Spirii,Sat Nov 25 16:32:49 UTC 2023
Bellingcat,Tue Nov 21 15:18:28 UTC 2023
Gamma Brewing Company A/S,Thu Nov 16 21:38:49 UTC 2023
Freenow,Thu Nov 16 21:21:22 UTC 2023
Mercer,Mon Nov 06 19:24:21 UTC 2023
BETA TECHNOLOGIES,Sat Nov 04 22:41:25 UTC 2023
Tryg,Fri Nov 03 22:27:39 UTC 2023
Black Swans Exist,Fri Nov 03 22:22:45 UTC 2023
Key Search,Sat Oct 28 14:59:19 UTC 2023
OnlinePOS,Fri Oct 27 17:11:38 UTC 2023
Heaps Digital Ventures,Fri Oct 27 17:11:21 UTC 2023
Google DeepMind,Tue Oct 24 17:11:48 UTC 2023
Decathlon Digital,Tue Oct 24 17:11:41 UTC 2023
Blumen,Sun Oct 15 06:56:44 UTC 2023
Polestar,Sat Oct 14 16:32:47 UTC 2023
LEKKER Bikes,Sat Oct 14 14:24:51 UTC 2023
Rains,Thu Oct 12 22:05:41 UTC 2023
FTN Motion,Thu Oct 12 14:29:54 UTC 2023
"DDD Invoices - One API, global invoicing compliance",Tue Oct 10 09:36:16 UTC 2023
Mover Systems,Sun Oct 08 15:09:33 UTC 2023
Boliga Gruppen A/S,Thu Oct 05 09:39:06 UTC 2023
Trustly,Wed Oct 04 11:51:57 UTC 2023
Tink,Wed Oct 04 11:51:54 UTC 2023
Spiir,Wed Oct 04 11:51:44 UTC 2023
Nordic Makers,Tue Oct 03 16:08:59 UTC 2023
Injurymap,Tue Oct 03 15:37:29 UTC 2023
Froda,Sun Oct 01 13:31:47 UTC 2023
EPI Company,Sun Oct 01 13:09:59 UTC 2023
Euromoney,Fri Sep 29 18:39:27 UTC 2023
Orb,Fri Sep 29 02:54:55 UTC 2023
Cardless,Fri Sep 29 01:38:47 UTC 2023
Moss,Fri Sep 22 20:41:42 UTC 2023
Angell Mobility,Tue Sep 19 18:43:11 UTC 2023
Cardlay,Mon Sep 18 18:51:26 UTC 2023
Health Tech Hub Copenhagen,Sat Sep 09 21:21:13 UTC 2023
The Female Quotient,Wed Sep 06 21:10:03 UTC 2023
Polaroid,Mon Sep 04 20:43:07 UTC 2023
KENZI,Fri Sep 01 21:19:38 UTC 2023
Cortex,Thu Aug 24 16:31:42 UTC 2023
Systems Thinking Standards Institute,Mon Aug 21 08:40:41 UTC 2023
Toast,Sun Aug 13 04:54:17 UTC 2023
Hugging Face,Fri Aug 04 21:18:40 UTC 2023
Edelman,Thu Aug 03 06:18:01 UTC 2023
State of Green Denmark,Sun Jul 16 20:57:01 UTC 2023
Xero,Sat Jul 08 16:51:51 UTC 2023
Cord,Tue Jul 04 08:50:29 UTC 2023
Zetland,Wed Jun 21 11:13:17 UTC 2023
Norrsken VC,Sun Jun 18 15:09:52 UTC 2023
Norrsken,Sun Jun 18 15:09:43 UTC 2023
Artifeks,Fri Jun 09 11:19:01 UTC 2023
Fiserv,Thu Jun 08 11:30:06 UTC 2023
Clover,Thu Jun 08 11:30:00 UTC 2023
Campagnolo,Tue May 30 13:32:39 UTC 2023
Topo Designs,Mon May 29 13:46:53 UTC 2023
PEARL iZUMi,Mon May 29 13:46:08 UTC 2023
Hjælp Din Næste,Sun May 28 11:51:19 UTC 2023
Thena,Fri May 26 20:55:07 UTC 2023
komoot for Business,Thu May 18 08:16:24 UTC 2023
Tænketanken DEA,Thu May 18 08:16:12 UTC 2023
EIVEE™,Tue May 16 21:45:43 UTC 2023
Roadie,Tue May 16 20:21:10 UTC 2023
Spotify for Backstage,Tue May 16 20:21:08 UTC 2023
Cycling Industries Europe,Mon May 15 20:21:06 UTC 2023
Forbes Technology Council,Wed May 10 19:56:12 UTC 2023
Vipps MobilePay,Sat May 06 21:59:58 UTC 2023
Oatly,Wed May 03 07:25:41 UTC 2023
Ecosia,Wed May 03 07:25:39 UTC 2023
Cron,Tue May 02 05:50:18 UTC 2023
Mono Solutions,Thu Apr 27 11:04:09 UTC 2023
Evryone Group,Thu Apr 27 11:02:38 UTC 2023
Signicat,Wed Apr 26 17:29:03 UTC 2023
World Press Photo,Fri Apr 21 18:11:06 UTC 2023
Innovationsfonden,Fri Apr 21 18:08:48 UTC 2023
Januar,Wed Apr 19 20:45:58 UTC 2023
Maersk Growth,Wed Apr 19 19:15:26 UTC 2023
Metroselskabet,Wed Apr 19 19:09:54 UTC 2023
Nordic Innovation,Wed Apr 19 04:57:24 UTC 2023
Tech.eu,Tue Apr 18 11:56:45 UTC 2023
Motivu - medlemsrekruttering,Sun Apr 16 20:58:19 UTC 2023
Lundbeck,Sun Apr 16 08:36:36 UTC 2023
/tri club denmark,Sat Apr 15 08:23:25 UTC 2023
BLIK,Fri Apr 14 20:48:27 UTC 2023
Vestjysk Bank,Fri Apr 14 15:04:36 UTC 2023
Sapiens,Fri Apr 14 12:42:23 UTC 2023
Tia Technology - a Sapiens company,Fri Apr 14 12:42:20 UTC 2023
Corti,Fri Apr 14 12:41:28 UTC 2023
Greenify.dk,Sun Apr 09 16:13:30 UTC 2023
GlobalConnect,Fri Apr 07 21:20:56 UTC 2023
Netlight,Wed Apr 05 08:19:32 UTC 2023
n8n,Mon Apr 03 14:53:04 UTC 2023
Inpay,Mon Apr 03 11:47:04 UTC 2023
Enginears,Tue Mar 28 20:01:45 UTC 2023
Nordea,Mon Mar 27 13:53:18 UTC 2023
Danske Bank,Mon Mar 27 13:53:16 UTC 2023
Evolution Nordics,Sat Mar 25 08:29:55 UTC 2023
Rootly,Fri Mar 24 11:56:44 UTC 2023
Canva,Fri Mar 24 08:18:39 UTC 2023
Danish Innovation Index (DII),Sat Mar 11 08:14:36 UTC 2023
honeycomb.io,Thu Mar 09 15:08:18 UTC 2023
Issuu,Thu Mar 02 22:12:19 UTC 2023
Annapurna,Thu Mar 02 22:07:45 UTC 2023
Frontify,Mon Feb 27 20:23:34 UTC 2023
Framna Denmark,Tue Feb 21 19:33:31 UTC 2023
Smartling,Tue Feb 21 10:28:04 UTC 2023
Code Climate,Fri Feb 17 21:59:14 UTC 2023
Nexi Group,Tue Feb 14 12:27:10 UTC 2023
Morning Brew,Sun Feb 12 16:04:58 UTC 2023
SHARE NOW,Sun Feb 12 14:09:47 UTC 2023
MILES,Sat Feb 11 15:44:24 UTC 2023
SHARE NOW Danmark,Sat Feb 11 15:44:23 UTC 2023
Evolution,Thu Feb 09 09:50:38 UTC 2023
Monstarlab,Wed Feb 08 20:28:19 UTC 2023
Fintech,Sat Feb 04 20:48:28 UTC 2023
Swish (Getswish AB),Fri Feb 03 15:45:17 UTC 2023
Vipps,Fri Feb 03 15:45:16 UTC 2023
Blinkist,Thu Feb 02 20:52:41 UTC 2023
DEUS: human(ity)-centered AI,Wed Feb 01 20:59:14 UTC 2023
incident.io,Wed Feb 01 14:38:39 UTC 2023
Fearless into Tech,Sun Jan 29 07:10:22 UTC 2023
Bizum,Fri Jan 27 23:01:39 UTC 2023
SIMDO - Apps & web,Fri Jan 27 17:42:48 UTC 2023
ATLANT 3D,Tue Jan 24 22:02:41 UTC 2023
FATMAP (by Strava),Tue Jan 24 21:59:21 UTC 2023
Logpoint,Tue Jan 24 21:49:46 UTC 2023
Vejdirektoratet,Fri Jan 20 23:45:23 UTC 2023
Build Circle,Fri Jan 20 10:30:54 UTC 2023
STX Next,Tue Jan 17 08:38:53 UTC 2023
OneFootball,Mon Jan 16 12:36:56 UTC 2023
lemon.markets,Fri Jan 13 11:48:18 UTC 2023
ChatGPT & AI News,Tue Jan 10 23:07:38 UTC 2023
OpenAI,Tue Jan 10 23:07:35 UTC 2023
Billie,Tue Jan 10 09:14:07 UTC 2023
Mondu,Tue Jan 10 09:11:48 UTC 2023
Literal Humans | B Corp,Mon Jan 09 16:24:47 UTC 2023
Checkly,Mon Jan 09 12:18:18 UTC 2023
Wherewithall,Sun Jan 08 21:00:57 UTC 2023
Stratechery,Sun Jan 08 17:23:53 UTC 2023
Hello Monday / DEPT®,Fri Jan 06 19:37:40 UTC 2023
The Product Folks,Wed Jan 04 12:21:42 UTC 2023
Mind the Product,Wed Jan 04 12:21:34 UTC 2023
United Fintech,Tue Jan 03 19:44:40 UTC 2023
Copenhagen Infrastructure Partners,Sat Dec 31 13:51:08 UTC 2022
Female Invest,Sat Dec 31 13:49:35 UTC 2022
Hacon,Sat Dec 31 07:54:06 UTC 2022
Cloetta,Fri Dec 30 16:31:14 UTC 2022
McKinsey & Company,Thu Dec 29 21:59:17 UTC 2022
Kuba Denmark,Thu Dec 29 15:43:37 UTC 2022
Nets,Thu Dec 29 15:37:06 UTC 2022
Softpay,Thu Dec 29 15:37:02 UTC 2022
Billwerk+ Denmark,Thu Dec 29 15:35:27 UTC 2022
Netlify,Mon Dec 26 10:13:06 UTC 2022
Vercel,Mon Dec 26 10:12:45 UTC 2022
Twilio,Mon Dec 26 10:12:29 UTC 2022
Vay,Wed Dec 21 13:44:40 UTC 2022
Fastly,Tue Dec 20 17:08:08 UTC 2022
Bankdata,Sat Dec 17 23:06:17 UTC 2022
LinkedIn News Europe,Sat Dec 17 23:03:09 UTC 2022
Nuvei,Tue Dec 13 16:40:37 UTC 2022
Merkle Danmark,Sun Dec 11 15:47:39 UTC 2022
Reel,Sun Dec 11 15:47:24 UTC 2022
Hubs,Sun Dec 11 11:47:51 UTC 2022
Raspberry Pi,Sat Dec 10 19:13:37 UTC 2022
Boston Consulting Group (BCG),Wed Dec 07 13:35:53 UTC 2022
Mutiny,Tue Dec 06 21:49:09 UTC 2022
Notion,Mon Dec 05 21:11:25 UTC 2022
KLM Royal Dutch Airlines,Sat Dec 03 18:02:12 UTC 2022
GripGrab,Sat Dec 03 17:33:19 UTC 2022
KptnCook,Fri Dec 02 10:05:31 UTC 2022
Classified Cycling,Thu Dec 01 21:21:45 UTC 2022
Pandora,Thu Dec 01 21:15:08 UTC 2022
AltaPay,Thu Dec 01 21:15:04 UTC 2022
Junu.io,Thu Dec 01 19:42:01 UTC 2022
Team Topologies,Thu Dec 01 19:12:22 UTC 2022
topi,Mon Nov 28 20:22:08 UTC 2022
Boldest.io,Mon Nov 28 19:52:36 UTC 2022
DONG Energy,Mon Nov 28 19:08:11 UTC 2022
Ørsted,Mon Nov 28 19:08:10 UTC 2022
Crediwire,Mon Nov 28 12:51:15 UTC 2022
SECRID,Wed Nov 23 22:24:56 UTC 2022
Zalando Lounge,Wed Nov 23 21:28:02 UTC 2022
Tiller by SumUp,Wed Nov 23 21:25:50 UTC 2022
SOUNDBOKS,Tue Nov 22 10:24:10 UTC 2022
The Fintech Times,Tue Nov 22 09:45:36 UTC 2022
DeepL,Tue Nov 22 09:34:00 UTC 2022
Rancher,Tue Nov 22 09:33:48 UTC 2022
GLS Denmark,Tue Nov 22 08:55:14 UTC 2022
Bring Danmark,Mon Nov 21 09:27:43 UTC 2022
CPH MONSTER - AI Image/video Production,Sun Nov 20 21:02:52 UTC 2022
Bring Norge,Sun Nov 20 20:59:59 UTC 2022
Flatpay,Sat Nov 19 21:24:25 UTC 2022
UX Unite,Mon Nov 14 16:46:12 UTC 2022
Sportful,Fri Nov 11 18:43:20 UTC 2022
Castelli Cycling,Fri Nov 11 18:43:15 UTC 2022
Higuita,Sun Nov 06 21:58:02 UTC 2022
ByteByteGo,Sun Nov 06 19:36:45 UTC 2022
SimCorp,Sun Nov 06 19:35:59 UTC 2022
Tide,Sun Nov 06 17:13:27 UTC 2022
Lysa,Sat Nov 05 17:12:51 UTC 2022
Palantir Technologies,Fri Nov 04 06:51:06 UTC 2022
Instagram,Thu Nov 03 17:47:14 UTC 2022
Tjommi,Tue Oct 25 10:30:48 UTC 2022
Dealflow - Invoicing,Tue Oct 25 10:19:35 UTC 2022
Digitale Leute,Mon Oct 24 20:45:54 UTC 2022
Work Chronicles,Mon Oct 24 13:47:10 UTC 2022
Comic Agilé,Mon Oct 24 13:47:05 UTC 2022
Bitpanda,Sat Oct 22 16:34:19 UTC 2022
DWARF,Fri Oct 21 09:51:24 UTC 2022
Checkout.com,Thu Oct 20 13:47:06 UTC 2022
Afterpay,Thu Oct 20 13:46:59 UTC 2022
The Social Hub (B Corp™),Tue Dec 16 14:58:01 UTC 2025
Lenus,Fri Sep 30 20:01:56 UTC 2022
LIEWOOD,Fri Sep 30 20:01:45 UTC 2022
Vibrant.io,Fri Sep 16 10:16:09 UTC 2022
Cabal,Fri Sep 16 10:11:36 UTC 2022
Podimo,Wed Sep 14 20:15:40 UTC 2022
Sequence,Sat Sep 10 20:28:40 UTC 2022
Shimano Europe Group,Tue Sep 06 14:29:35 UTC 2022
Cervélo,Tue Sep 06 14:23:02 UTC 2022
Gazelle,Tue Sep 06 14:23:00 UTC 2022
Pon,Tue Sep 06 14:22:57 UTC 2022
Zoho,Tue Sep 06 14:21:22 UTC 2022
Qonto,Tue Sep 06 13:22:01 UTC 2022
Skyscanner,Tue Sep 06 13:13:44 UTC 2022
Trainline,Tue Sep 06 13:13:40 UTC 2022
Storytel,Mon Sep 05 17:36:18 UTC 2022
Feebee | Team Feedback,Mon Sep 05 14:53:15 UTC 2022
Dreamdata,Sat Sep 03 19:43:27 UTC 2022
Airtame,Sat Sep 03 19:43:06 UTC 2022
Linkfire,Sat Sep 03 19:42:54 UTC 2022
SiteCampaign,Sat Sep 03 19:21:00 UTC 2022
Cookie Information,Sat Sep 03 17:15:13 UTC 2022
MAAP,Wed Aug 31 19:49:37 UTC 2022
Milence,Wed Aug 31 18:11:32 UTC 2022
B Lab Europe,Wed Aug 31 18:09:24 UTC 2022
TechSavvy Live,Mon Aug 29 20:25:11 UTC 2022
TechSavvy Media - leading Nordic innovation,Mon Aug 29 20:25:07 UTC 2022
JOIN Cycling,Sat Aug 27 18:54:59 UTC 2022
Honeypot.io,Thu Aug 25 19:39:23 UTC 2022
Muc-Off,Wed Aug 24 12:51:52 UTC 2022
BrewDog,Wed Aug 24 12:51:15 UTC 2022
FAIRTIQ,Thu Aug 18 19:01:45 UTC 2022
Bike Europe,Mon Aug 15 13:28:07 UTC 2022
Follow the Money NL,Mon Aug 15 13:28:05 UTC 2022
Wood Wood,Sat Aug 06 17:23:03 UTC 2022
fizik,Sat Aug 06 13:08:27 UTC 2022
AppLovin,Fri Aug 05 20:33:14 UTC 2022
B Lab Nordics,Fri Aug 05 15:08:29 UTC 2022
Leadership First,Fri Aug 05 15:04:43 UTC 2022
Zwift,Fri Aug 05 12:28:38 UTC 2022
Scott Sports SA,Fri Aug 05 12:28:29 UTC 2022
AI at Meta,Fri Aug 05 12:28:28 UTC 2022
This Week in Fintech,Fri Aug 05 12:28:24 UTC 2022
Specialized Bicycle Components,Fri Aug 05 12:28:18 UTC 2022
Shimano,Fri Aug 05 12:28:00 UTC 2022
Mastercard Insights & Intelligence,Mon Aug 01 06:40:57 UTC 2022
Visa,Mon Aug 01 06:40:55 UTC 2022
RingCentral Events,Sun Jul 31 16:51:25 UTC 2022
New Payment Platforms - Mastercard,Sun Jul 31 16:51:22 UTC 2022
PayPal,Sun Jul 31 16:51:20 UTC 2022
Curve,Sun Jul 31 16:39:43 UTC 2022
Deel,Sun Jul 31 16:39:38 UTC 2022
Mastercard,Sun Jul 31 16:39:31 UTC 2022
Wiggle,Sun Jul 31 15:18:43 UTC 2022
Harba,Thu Jul 28 11:37:56 UTC 2022
A.S.O. - Amaury Sport Organisation,Mon Jul 25 18:08:03 UTC 2022
Go Autonomous,Mon Jul 18 20:42:56 UTC 2022
Ethical Trading Initiative,Mon Jul 18 20:41:24 UTC 2022
Female Founders,Sun Jul 17 17:28:15 UTC 2022
Spendesk,Thu Jul 14 20:44:36 UTC 2022
Grammarly,Thu Jul 14 20:26:40 UTC 2022
Grand Départ Copenhagen Denmark Tour de France 2022 I/S,Thu Jul 14 09:58:54 UTC 2022
Nike,Wed Jul 13 20:18:23 UTC 2022
The Pragmatic Engineer,Thu Jun 23 21:45:38 UTC 2022
NØIE,Thu Jun 23 21:36:37 UTC 2022
Bain Capital,Thu Jun 23 19:28:44 UTC 2022
Product Hunt,Wed Jun 22 21:51:17 UTC 2022
Juni,Mon Jun 20 20:30:03 UTC 2022
Yaak,Fri Jun 17 07:19:06 UTC 2022
W.DIGITAL,Tue Jun 14 19:07:57 UTC 2022
SinumVendo,Tue Jun 14 19:07:39 UTC 2022
GrowthBusters,Tue Jun 14 08:58:00 UTC 2022
Lightyear,Fri Jun 10 05:27:08 UTC 2022
Tradeshift,Thu Jun 09 20:04:37 UTC 2022
PagBank,Thu Jun 09 13:23:23 UTC 2022
Nubank,Thu Jun 09 13:23:22 UTC 2022
Google Developer Experts,Tue Jun 07 17:45:09 UTC 2022
Google for Developers,Tue Jun 07 17:39:35 UTC 2022
Contractbook,Mon Jun 06 19:22:41 UTC 2022
Openli,Mon Jun 06 19:22:31 UTC 2022
Payne Talent - Zealand,Mon Jun 06 19:22:24 UTC 2022
HackYourFuture Denmark,Sun Jun 05 19:46:28 UTC 2022
Primer,Mon May 30 08:40:34 UTC 2022
Nordic Initiative,Thu May 26 21:21:37 UTC 2022
JACK WOLFSKIN,Thu May 26 21:17:37 UTC 2022
StandWithUkraine,Thu May 26 20:48:35 UTC 2022
Ageras Advisor,Thu May 26 20:21:22 UTC 2022
Shine,Thu May 26 20:21:15 UTC 2022
freeCodeCamp,Thu May 26 11:54:43 UTC 2022
Levels.fyi,Tue May 24 13:55:13 UTC 2022
Fullview AI,Sun May 22 06:04:02 UTC 2022
AFC Ajax,Sat May 21 17:35:44 UTC 2022
J.P. Morgan,Sat May 21 16:39:32 UTC 2022
Danmarks Grønne Investeringsfond,Thu May 19 15:50:33 UTC 2022
TEIMAS,Thu May 19 15:49:44 UTC 2022
orderbird,Sat May 14 19:13:14 UTC 2022
Momkai,Sat May 07 20:14:59 UTC 2022
European Central Bank,Sat May 07 19:44:40 UTC 2022
Paysolut,Fri Apr 29 13:00:30 UTC 2022
Tech Funding News,Fri Apr 29 06:34:36 UTC 2022
MariaDB,Wed Apr 13 15:49:18 UTC 2022
Trade Republic,Tue Apr 12 11:58:28 UTC 2022
Penta by Qonto,Tue Apr 12 11:58:23 UTC 2022
Taxfix,Tue Apr 12 10:36:42 UTC 2022
Wise,Sun Apr 03 15:09:32 UTC 2022
Carlsberg Group,Sat Apr 02 21:39:19 UTC 2022
Queue-it,Sat Apr 02 21:01:03 UTC 2022
Danske Tech Startups // Danish Tech Startups 🇩🇰 🚀,Sat Apr 02 21:00:54 UTC 2022
Digital Hub Denmark,Sat Apr 02 21:00:51 UTC 2022
Butter 🧈 (Acquired by Miro),Sat Apr 02 21:00:31 UTC 2022
Pipedrive,Sat Apr 02 08:17:44 UTC 2022
Plaid,Fri Apr 01 21:57:15 UTC 2022
European Space Agency - ESA,Fri Apr 01 08:51:52 UTC 2022
Canyon,Thu Mar 24 15:28:47 UTC 2022
Union Cycliste Internationale,Mon Mar 21 10:31:23 UTC 2022
JavaScript,Fri Mar 18 12:33:18 UTC 2022
Pas Normal Studios,Tue Mar 15 07:47:59 UTC 2022
Equals,Sat Mar 12 11:54:21 UTC 2022
Uber Engineering,Sat Mar 12 11:52:14 UTC 2022
Dance,Fri Mar 11 09:23:47 UTC 2022
The Economist,Fri Mar 11 09:18:53 UTC 2022
komoot,Fri Mar 11 09:17:10 UTC 2022
Localyze,Tue Mar 08 05:39:55 UTC 2022
Coinbase,Sun Mar 06 16:12:11 UTC 2022
Monzo Bank,Sun Mar 06 16:12:10 UTC 2022
LinkedIn,Sun Mar 06 09:50:45 UTC 2022
Open Banking,Sun Mar 06 09:50:42 UTC 2022
HelloFresh,Sun Mar 06 09:50:40 UTC 2022
Revolut,Sun Mar 06 09:50:40 UTC 2022
European Parliament,Sat Feb 26 11:19:40 UTC 2022
European Council on Foreign Relations,Sat Feb 26 11:19:38 UTC 2022
F.C. København,Fri Feb 18 23:33:09 UTC 2022
The Student Hotel (now The Social Hub),Thu Feb 10 12:48:25 UTC 2022
Cycling Industry News,Tue Feb 08 20:47:09 UTC 2022
Bird,Tue Feb 08 20:47:06 UTC 2022
WildSteps,Mon Feb 07 21:05:38 UTC 2022
GrayHair Software,Thu Feb 03 20:38:01 UTC 2022
Andreessen Horowitz,Tue Feb 01 20:46:47 UTC 2022
Figma,Tue Feb 01 20:46:45 UTC 2022
Gorillas,Tue Feb 01 20:46:43 UTC 2022
Rapha,Tue Feb 01 20:46:42 UTC 2022
"Reddit, Inc.",Tue Feb 01 20:46:41 UTC 2022
Gemeente Amsterdam,Sat Jan 29 21:04:39 UTC 2022
Corporate Rebels,Sat Jan 29 20:15:48 UTC 2022
Coding Class Cph,Fri Jan 28 14:13:20 UTC 2022
Instated,Wed Jan 19 19:59:09 UTC 2022
Urban Arrow,Mon Jan 17 12:48:28 UTC 2022
Catawiki,Fri Jan 14 15:32:30 UTC 2022
Bolt,Fri Jan 14 15:32:18 UTC 2022
TrueLayer,Fri Jan 14 15:32:15 UTC 2022
HACK A BOSS,Thu Jan 13 07:48:00 UTC 2022
Block,Thu Jan 13 07:46:20 UTC 2022
Bolt,Sat Jan 08 21:48:46 UTC 2022
Maltego Monitor - PublicSonar,Wed Jan 05 11:41:27 UTC 2022
sunday,Tue Jan 04 14:51:23 UTC 2022
UpLink – World Economic Forum,Mon Jan 03 14:51:07 UTC 2022
World Economic Forum,Mon Jan 03 14:47:53 UTC 2022
Developing you - every day,Sun Dec 26 08:32:17 UTC 2021
Learningbank,Sun Dec 26 08:30:27 UTC 2021
Nevoira | Moda Urbana Sostenible,Sat Dec 25 19:27:15 UTC 2021
Remote,Thu Dec 23 12:01:47 UTC 2021
Dealroom.co,Wed Dec 22 12:52:47 UTC 2021
Goodnature,Wed Dec 22 09:12:50 UTC 2021
Perk,Tue Dec 21 21:34:41 UTC 2021
Chipolo,Tue Dec 21 19:40:12 UTC 2021
Atlassian,Tue Dec 21 12:31:45 UTC 2021
GitLab,Tue Dec 21 12:31:25 UTC 2021
MobilePay,Tue Dec 21 11:40:58 UTC 2021
ZARA,Tue Dec 21 07:44:44 UTC 2021
Ramboll,Mon Dec 20 18:53:45 UTC 2021
Københavns Kommune,Mon Dec 20 18:49:31 UTC 2021
Travis,Mon Dec 20 18:48:02 UTC 2021
Monta,Mon Dec 20 16:44:08 UTC 2021
Banking Circle,Mon Dec 20 16:43:16 UTC 2021
PLAYTOMIC,Mon Dec 20 12:36:14 UTC 2021
byFounders,Mon Dec 20 11:25:28 UTC 2021
Y Combinator,Mon Dec 20 07:59:25 UTC 2021
Thoughtworks,Sat Dec 18 09:00:44 UTC 2021
Cassette,Fri Dec 17 18:52:01 UTC 2021
Vio.com,Thu Dec 16 18:03:30 UTC 2021
Onomondo,Thu Dec 16 13:13:34 UTC 2021
WWF,Thu Dec 16 09:49:35 UTC 2021
Flash ⚡️,Thu Dec 16 09:42:14 UTC 2021
GoCardless,Tue Dec 14 18:31:49 UTC 2021
Red Bull Racing & Red Bull Technology,Sat Dec 11 18:50:10 UTC 2021
DSB,Fri Dec 10 21:26:05 UTC 2021
Slack,Wed Dec 08 21:49:56 UTC 2021
ZeroNorth,Wed Dec 08 14:48:15 UTC 2021
Silicon Valley Product Group,Tue Dec 07 16:21:38 UTC 2021
BetterUp,Sun Dec 05 16:39:43 UTC 2021
Kafka,Fri Dec 03 22:07:24 UTC 2021
MATE.,Fri Dec 03 18:58:27 UTC 2021
Confluent,Fri Dec 03 14:19:36 UTC 2021
Jabra,Fri Dec 03 12:48:03 UTC 2021
Detectify,Fri Dec 03 08:59:02 UTC 2021
Everflow - Partner Marketing Platform,Thu Dec 02 18:51:42 UTC 2021
Craft Docs,Thu Dec 02 18:08:59 UTC 2021
IDA,Thu Dec 02 17:02:30 UTC 2021
Cash App,Thu Dec 02 17:01:40 UTC 2021
Delivery Hero,Thu Nov 25 20:33:33 UTC 2021
N26,Thu Nov 25 20:33:24 UTC 2021
Fusion Toastmasters Amsterdam,Wed Nov 24 09:00:07 UTC 2021
1% for the Planet,Thu Nov 18 22:09:36 UTC 2021
Droppery,Wed Nov 17 09:08:40 UTC 2021
JavaScript Developer,Tue Nov 16 13:12:13 UTC 2021
EU-Startups,Sat Nov 13 21:46:13 UTC 2021
Details,Sat Nov 13 12:32:14 UTC 2021
Wahl&Ross,Sat Nov 13 12:31:30 UTC 2021
Billy by Shine,Thu Nov 11 13:12:53 UTC 2021
Otrium,Wed Nov 10 20:28:00 UTC 2021
Fivestars by SumUp,Fri Nov 05 12:42:22 UTC 2021
Snowflake,Tue Nov 02 10:44:22 UTC 2021
Adyen,Tue Nov 02 10:44:21 UTC 2021
European Cyclists'​ Federation,Tue Nov 02 10:44:20 UTC 2021
Copenhagen Fintech,Tue Nov 02 10:44:18 UTC 2021
LIDR.co | AI-Powered Careers,Thu Oct 28 20:29:39 UTC 2021
NTT DATA Europe & Latam,Thu Oct 28 06:44:17 UTC 2021
Copenhagenize,Wed Oct 27 05:33:43 UTC 2021
Kinety,Tue Oct 26 11:37:21 UTC 2021
lululemon,Mon Oct 25 13:13:07 UTC 2021
Garmin,Mon Oct 25 13:13:05 UTC 2021
On,Mon Oct 25 09:31:11 UTC 2021
Vivino,Thu Oct 21 21:41:39 UTC 2021
Labster,Thu Oct 21 21:41:30 UTC 2021
Falcon.io,Thu Oct 21 21:40:56 UTC 2021
Templafy,Thu Oct 21 21:37:57 UTC 2021
Planday,Thu Oct 21 21:36:19 UTC 2021
Fundiment,Thu Oct 21 21:20:06 UTC 2021
Fresh.Land,Thu Oct 21 21:18:46 UTC 2021
Cogo,Wed Oct 20 22:05:44 UTC 2021
"HelloFlow, now part of Trulioo",Wed Oct 20 22:03:33 UTC 2021
Dixa,Wed Oct 20 22:02:56 UTC 2021
Leapwork,Wed Oct 20 22:01:55 UTC 2021
"Pento, a HiBob company",Wed Oct 20 21:59:13 UTC 2021
Moodagent,Wed Oct 20 21:58:54 UTC 2021
Chainalysis,Wed Oct 20 21:58:38 UTC 2021
Siteimprove,Wed Oct 20 21:58:12 UTC 2021
Office App - by HqO,Tue Oct 19 16:05:38 UTC 2021
Cloudbeds,Wed Oct 13 19:33:13 UTC 2021
Worksome,Wed Oct 13 15:46:47 UTC 2021
Business,Wed Oct 13 15:46:38 UTC 2021
Son of a Tailor,Wed Oct 13 15:45:32 UTC 2021
Rokoko,Wed Oct 13 12:18:07 UTC 2021
Too Good To Go,Tue Oct 12 13:03:48 UTC 2021
Eat Grim,Tue Oct 12 13:02:15 UTC 2021
Klarna,Tue Oct 12 13:00:14 UTC 2021
GreenMobility A/S,Tue Oct 12 11:25:34 UTC 2021
Trustpilot,Tue Oct 12 07:12:06 UTC 2021
Veo Technologies,Mon Oct 11 20:03:07 UTC 2021
CTO Connection,Mon Oct 11 07:51:13 UTC 2021
Liva Healthcare,Thu Oct 07 09:49:20 UTC 2021
People Ventures,Sat Oct 02 13:13:19 UTC 2021
The Hub,Wed Sep 29 11:57:10 UTC 2021
Dott,Tue Sep 28 19:16:38 UTC 2021
Zendesk,Tue Sep 28 19:14:44 UTC 2021
Copenhagen School of Entrepreneurship,Tue Sep 28 08:52:53 UTC 2021
Nuuday,Mon Sep 27 09:13:18 UTC 2021
Expedia Group,Tue Sep 21 14:52:43 UTC 2021
FC Finance,Tue Sep 21 14:09:16 UTC 2021
Weld,Tue Sep 14 12:01:36 UTC 2021
felyx - Part of Cooltra group,Thu Sep 09 14:12:39 UTC 2021
Beam,Wed Sep 08 13:32:45 UTC 2021
Tech Lead Journal,Wed Sep 08 12:54:57 UTC 2021
IRONMAN Foundation,Tue Sep 07 13:22:48 UTC 2021
The IRONMAN Group,Tue Sep 07 13:22:44 UTC 2021
DRIVR,Sat Sep 04 14:43:33 UTC 2021
PNO,Fri Sep 03 19:00:38 UTC 2021
GOODIEBOX,Fri Sep 03 09:04:35 UTC 2021
Clio,Wed Sep 01 21:52:32 UTC 2021
Forecast,Wed Sep 01 21:41:05 UTC 2021
Wolt,Wed Sep 01 21:31:52 UTC 2021
MyMonii,Wed Sep 01 09:27:59 UTC 2021
Awaze,Sat Aug 28 21:45:12 UTC 2021
TechBBQ,Fri Aug 27 13:07:44 UTC 2021
A.P. Moller - Maersk,Thu Aug 26 06:54:07 UTC 2021
Hedia,Wed Aug 25 18:56:15 UTC 2021
Velo-city conference,Wed Aug 25 12:26:26 UTC 2021
LetsGo Fleet ApS,Wed Aug 25 09:03:30 UTC 2021
LetsGo - Lev simpelt,Wed Aug 25 09:03:17 UTC 2021
Tame,Mon Aug 23 11:42:07 UTC 2021
Yapily,Wed Jul 28 11:40:07 UTC 2021
Goodtill by SumUp,Tue Jul 20 12:51:22 UTC 2021
Ace & Tate,Fri Jul 16 08:02:55 UTC 2021
Wrap My Bike,Mon Jun 28 05:43:41 UTC 2021
Urban Cycling Institute,Wed Jun 23 08:45:16 UTC 2021
Aruma Studios,Tue Jun 22 18:46:03 UTC 2021
Boozt,Mon Jun 21 09:52:24 UTC 2021
Novo Nordisk R&D,Mon Jun 14 13:32:50 UTC 2021
Novo Nordisk,Mon Jun 14 13:32:37 UTC 2021
Copenhagen Airports A/S,Mon Jun 14 13:32:31 UTC 2021
ELEVEN SPORTS HQ,Mon Jun 14 12:27:33 UTC 2021
The Female Lead,Sun Jun 13 17:12:36 UTC 2021
Certainly,Tue Jun 01 08:32:50 UTC 2021
Superb,Thu May 27 09:51:41 UTC 2021
Bitrise,Thu May 06 18:27:10 UTC 2021
Werfen,Fri Apr 16 12:27:03 UTC 2021
Datadog,Wed Apr 14 14:31:10 UTC 2021
Cercle,Mon Apr 12 19:49:53 UTC 2021
TicketSwap,Mon Apr 12 17:01:19 UTC 2021
Felix Capital,Fri Apr 09 09:02:04 UTC 2021
"HeleCloud, A SoftwareOne Company",Thu Apr 08 14:34:56 UTC 2021
Zalando,Thu Mar 25 22:32:29 UTC 2021
Silicon Canals,Thu Mar 25 10:39:13 UTC 2021
Dutch Digital Agencies,Tue Mar 23 22:04:17 UTC 2021
Debitoor is now SumUp,Sun Mar 14 19:16:57 UTC 2021
Shopify,Tue Mar 09 21:37:56 UTC 2021
Stripe,Tue Mar 09 21:37:56 UTC 2021
Square,Tue Mar 09 21:37:52 UTC 2021
Zettle by PayPal,Tue Mar 09 21:37:47 UTC 2021
awwwards.,Tue Mar 09 21:37:26 UTC 2021
Ashby,Sun Mar 07 17:51:34 UTC 2021
IKEA,Sun Mar 07 14:00:21 UTC 2021
Clever,Sat Mar 06 20:54:48 UTC 2021
Mollie,Sat Mar 06 20:51:40 UTC 2021
Wilson's Workouts,Mon Mar 01 17:15:00 UTC 2021
SumUp,Tue Feb 23 16:59:00 UTC 2021
Supercykelstier (Cycle Superhighways),Sat Feb 20 15:39:15 UTC 2021
Elderlearn,Sat Feb 20 08:39:57 UTC 2021
eloomi,Tue Feb 16 09:11:24 UTC 2021
PADI,Tue Feb 16 09:08:24 UTC 2021
Tribos.AI,Thu Feb 11 11:48:32 UTC 2021
Donkey Republic,Sun Feb 07 21:09:51 UTC 2021
Payne Talent,Fri Jan 29 00:25:37 UTC 2021
Workday Peakon Employee Voice,Fri Jan 29 00:24:36 UTC 2021
Valtech,Thu Jan 28 21:59:25 UTC 2021
Gehl - Making Cities for People,Thu Jan 21 14:56:37 UTC 2021
Netflix,Thu Jan 21 14:56:25 UTC 2021
Wilier Triestina,Mon Jan 18 12:24:09 UTC 2021
Miro,Sat Jan 16 16:52:51 UTC 2021
Strava,Sat Jan 16 16:52:51 UTC 2021
Relive,Sat Jan 16 16:52:47 UTC 2021
"Aiia, a Mastercard Company",Sun Dec 13 20:55:09 UTC 2020
Lunar,Sun Dec 13 20:53:38 UTC 2020
Pleo,Sun Dec 13 20:52:14 UTC 2020
DuckDuckGo,Thu Nov 26 10:23:19 UTC 2020
Brave,Thu Nov 26 10:23:17 UTC 2020
Cargoroo,Sun Nov 15 17:30:30 UTC 2020
Emergento,Mon Nov 09 14:46:01 UTC 2020
Emakina.BE,Wed Sep 30 11:13:24 UTC 2020
365 Capital,Wed Aug 26 12:29:44 UTC 2020
Cycling Embassy of Denmark,Thu Aug 13 09:58:05 UTC 2020
Axway,Thu Jul 16 09:58:42 UTC 2020
Dimensiona Consultoría Tecnolóxica,Wed Jun 24 14:21:20 UTC 2020
INNOTO,Wed Jun 24 14:21:18 UTC 2020
Cowboy,Thu Jun 04 11:58:25 UTC 2020
Stormly,Tue May 26 12:18:49 UTC 2020
Dutch Cycling Embassy,Mon May 18 09:13:38 UTC 2020
Red Dot Design Award,Thu Apr 30 20:23:59 UTC 2020
Simon Sinek's The Optimism Company,Sun Apr 26 16:18:51 UTC 2020
Micromobility Industries,Wed Apr 22 17:15:58 UTC 2020
The North Face,Sun Apr 12 09:13:39 UTC 2020
TPC Leadership,Tue Mar 31 18:59:26 UTC 2020
CircleCI,Wed Jan 08 17:29:22 UTC 2020
Personnel Search +31765205511,Tue Dec 10 14:46:24 UTC 2019
L1NDA,Thu Dec 05 20:17:09 UTC 2019
Royal Schiphol Group,Tue Nov 26 14:23:10 UTC 2019
NASA - National Aeronautics and Space Administration,Sun Nov 10 17:43:22 UTC 2019
Bocca Coffee,Wed Nov 06 14:23:10 UTC 2019
The Ocean Cleanup,Mon Oct 28 11:53:17 UTC 2019
Fourthline,Fri Oct 11 19:46:37 UTC 2019
Capital House,Wed Sep 25 08:50:59 UTC 2019
pakal,Tue Sep 24 13:49:55 UTC 2019
Bee IT LLC,Tue Sep 24 13:43:02 UTC 2019
SkinVision,Mon Aug 12 12:37:12 UTC 2019
Stack Overflow,Fri Aug 02 21:55:09 UTC 2019
Yotpo,Fri Aug 02 21:54:59 UTC 2019
Emakina TR,Fri Aug 02 08:59:23 UTC 2019
Swapfiets,Thu Aug 01 20:03:38 UTC 2019
VELORETTI,Thu Aug 01 20:03:35 UTC 2019
VanMoof,Thu Aug 01 20:03:32 UTC 2019
GRRR (now Norday),Tue Jul 30 13:08:25 UTC 2019
Client Server,Wed Jun 12 20:47:48 UTC 2019
INFO - Digital Decoded,Fri May 31 09:26:13 UTC 2019
Safened,Mon May 27 12:18:33 UTC 2019
"Appodeal, Inc.",Fri Apr 26 10:41:40 UTC 2019
GitHub,Tue Apr 02 16:26:23 UTC 2019
Monstarlab Europe,Fri Jan 18 20:54:23 UTC 2019
SwipeGuide (powered by L2L),Thu Jan 10 05:49:48 UTC 2019
Salomon,Wed Dec 05 13:59:03 UTC 2018
Patagonia,Wed Dec 05 13:58:53 UTC 2018
Emakina.RS,Sat Nov 24 22:58:41 UTC 2018
Tony's Chocolonely,Mon Nov 19 13:35:24 UTC 2018
NewMotion,Fri Nov 02 11:55:50 UTC 2018
Taleron (formerly RocketPeople),Thu Nov 01 19:47:25 UTC 2018
DEPT®,Fri Sep 28 11:09:50 UTC 2018
Smartify,Tue Sep 18 07:26:01 UTC 2018
HackerRank,Tue Sep 11 11:04:27 UTC 2018
Fastned,Mon Aug 20 09:29:33 UTC 2018
Design is Dead,Mon Jul 23 12:40:58 UTC 2018
Mozilla,Fri Jul 13 21:58:23 UTC 2018
SODAQ,Sun Jul 08 13:33:59 UTC 2018
Spotify,Wed Jun 20 09:44:27 UTC 2018
Amazon Web Services (AWS),Mon Jun 18 22:04:02 UTC 2018
Vega IT,Wed Jun 13 22:21:29 UTC 2018
Deiser | Tu partner en transformación digital,Fri May 25 18:57:08 UTC 2018
Signify,Tue May 15 14:52:20 UTC 2018
Jobs at Mirabeau - Cognizant Digital Business,Thu May 10 20:49:32 UTC 2018
Delta V Studio,Wed Mar 21 12:34:36 UTC 2018
Center for Humane Technology,Wed Mar 21 09:36:30 UTC 2018
FROLIC studio,Sun Mar 18 15:43:45 UTC 2018
European Commission,Thu Feb 15 19:47:13 UTC 2018
The Next Speaker,Thu Feb 15 19:46:20 UTC 2018
Emakina,Thu Feb 13 17:27:37 UTC 2025
Toastmasters International,Wed Jan 24 23:39:35 UTC 2018
Samsung Mobile,Tue Jan 09 13:02:19 UTC 2018
MuleSoft,Fri Jan 05 12:34:47 UTC 2018
Yearn,Wed Nov 22 11:07:40 UTC 2017
MaaS Global Ltd,Tue Nov 21 10:49:32 UTC 2017
Touchwonders,Fri Nov 10 10:06:28 UTC 2017
Agentforce Commerce,Mon Nov 06 11:07:49 UTC 2017
Emakina.NL,Thu Sep 28 14:49:56 UTC 2017
Returnista,Wed Sep 20 08:29:46 UTC 2017
Metamarkets (now Rill Data),Thu Sep 07 10:00:09 UTC 2017
Reaktor,Tue Sep 05 22:08:40 UTC 2017
Arrows,Wed Aug 30 20:55:30 UTC 2017
Relay42 by Supermetrics,Wed Aug 30 13:43:09 UTC 2017
Philips Lighting,Tue Aug 29 07:25:57 UTC 2017
EasyPark formerly Parkmobile,Thu Aug 17 14:29:47 UTC 2017
invalid157242,Fri Aug 11 21:13:51 UTC 2017
Tripadvisor,Thu Jun 29 23:49:04 UTC 2017
Greenhouse Innovation,Wed Jun 14 10:37:32 UTC 2017
Polarsteps,Tue May 23 11:59:05 UTC 2017
DataRow,Fri May 12 12:25:11 UTC 2017
Digiday,Wed Apr 26 09:05:59 UTC 2017
MZ,Tue Jan 10 23:58:33 UTC 2017
"Targetoo - Managed, Self-Serve & White Label DSP Solutions",Sun Jan 08 14:40:51 UTC 2017
UltiMaker,Sun Dec 18 18:26:17 UTC 2016
Buddy - CI/CD made easy,Tue Dec 13 13:14:29 UTC 2016
Nielsen,Wed Dec 07 00:02:45 UTC 2016
Jampp,Tue Nov 22 17:12:20 UTC 2016
Matomo,Tue Nov 22 15:54:07 UTC 2016
Blippar,Tue Nov 22 15:53:04 UTC 2016
Screen6,Tue Nov 22 15:53:02 UTC 2016
Hyves,Tue Nov 22 15:52:59 UTC 2016
Avenga Poland,Tue Nov 22 11:14:46 UTC 2016
VeerOne (Legacy),Tue Nov 22 11:09:32 UTC 2016
MobPro,Mon Nov 21 13:56:17 UTC 2016
TransIP,Mon Nov 21 13:49:08 UTC 2016
Tesla,Sat Nov 19 02:20:38 UTC 2016
Delft University of Technology,Sat Nov 19 02:20:37 UTC 2016
Spaces. offices | co-working | meeting rooms.,Thu Nov 17 15:04:15 UTC 2016
Bird,Wed Nov 09 16:00:54 UTC 2016
the LEGO Group,Fri Oct 28 12:26:42 UTC 2016
Adition Technologies GmbH,Tue Oct 25 11:52:28 UTC 2016
Frontend Revolution | @thefrontendlab company,Mon Oct 24 09:54:57 UTC 2016
Chameleon Ad,Mon Oct 17 08:45:08 UTC 2016
Glispa,Thu Oct 13 10:55:47 UTC 2016
Valve corporation,Sun Oct 02 22:32:50 UTC 2016
adidas,Tue Sep 27 12:06:29 UTC 2016
Geozzy,Tue Sep 20 14:15:33 UTC 2016
Techstars Startup Weekend,Mon Sep 19 17:35:37 UTC 2016
Founders,Mon Sep 19 17:35:35 UTC 2016
Appodeal123,Sun Sep 18 22:43:37 UTC 2016
Trovit,Mon Sep 12 10:17:12 UTC 2016
ADSAXIS,Tue Sep 06 16:46:26 UTC 2016
Airbnb,Mon Sep 05 17:51:19 UTC 2016
IPONWEB (acquired by Criteo),Fri Sep 02 10:32:12 UTC 2016
Adform,Fri Sep 02 08:00:49 UTC 2016
StoreDNA,Thu Sep 01 15:57:53 UTC 2016
Passionate People,Wed Aug 31 19:41:57 UTC 2016
Mobusi,Wed Aug 24 15:16:33 UTC 2016
native.ad,Wed Aug 24 15:13:18 UTC 2016
TripleLift,Wed Aug 24 13:02:04 UTC 2016
PowerLinks,Wed Aug 24 12:27:49 UTC 2016
Polymorph (acq. Walmart),Tue Aug 23 15:47:22 UTC 2016
MoPub has been acquired by AppLovin,Fri Aug 05 12:50:18 UTC 2016
Supersonic (Merged with ironSource),Wed Jul 27 09:21:51 UTC 2016
BESTSELLER,Wed Jul 13 22:45:21 UTC 2016
Zent.io,Wed Jul 13 15:46:48 UTC 2016
Booking.com,Sun Jul 03 20:22:31 UTC 2016
TMC Portfolio,Mon May 09 16:58:26 UTC 2016
Harvard Business Review,Fri Feb 26 16:41:40 UTC 2016
TechCrunch,Fri Feb 26 16:41:30 UTC 2016
Engadget,Fri Feb 26 16:41:22 UTC 2016
Impala Studios,Mon Feb 22 23:46:50 UTC 2016
TED Conferences,Mon Feb 22 19:47:38 UTC 2016
"Kerad Games, S.L.",Sun Feb 21 11:25:16 UTC 2016
Workday,Sun Feb 21 11:24:51 UTC 2016
CLIQ Digital,Tue Feb 16 11:31:27 UTC 2016
The Main Ingredient,Sun Jan 10 00:11:13 UTC 2016
Ligo BV,Thu Jan 07 20:58:13 UTC 2016
Unilever,Tue Jan 05 11:10:15 UTC 2016
HitFox Group,Tue Jan 05 10:50:41 UTC 2016
Applift,Tue Jan 05 10:50:25 UTC 2016
Digital Turbine,Tue Jan 05 10:50:04 UTC 2016
Appia-A part of Digital Turbine,Tue Jan 05 10:49:55 UTC 2016
Appnext,Tue Jan 05 10:49:45 UTC 2016
TravelBird,Tue Jan 05 09:54:21 UTC 2016
TUNE,Mon Dec 21 12:42:00 UTC 2015
Coolblue,Wed Dec 09 11:34:04 UTC 2015
Incentro,Wed Dec 09 11:33:53 UTC 2015
TNW,Sun Nov 29 22:23:53 UTC 2015
Recode,Sun Nov 29 22:23:30 UTC 2015
Wallapop,Tue Nov 24 10:52:04 UTC 2015
On the GO!,Thu Nov 19 10:09:23 UTC 2015
IAB,Tue Nov 17 09:50:15 UTC 2015
HP,Fri Oct 23 20:23:57 UTC 2015
Marktplaats,Tue Oct 20 11:26:44 UTC 2015
Philips,Tue Oct 20 09:49:52 UTC 2015
TomTom,Fri Oct 16 20:06:24 UTC 2015
Neocles,Tue Oct 13 19:52:12 UTC 2015
Pebble,Sat Oct 10 22:00:59 UTC 2015
bol,Mon Oct 05 20:47:41 UTC 2015
Uber,Sun Oct 04 14:31:17 UTC 2015
Tarlogic,Sun Oct 04 14:13:30 UTC 2015
MyCujoo (An ELEVEN Company) - Legacy/Archive Page,Wed Sep 30 12:35:16 UTC 2015
Confirmsign,Tue Sep 01 16:58:28 UTC 2015
UPRouted Events,Tue Sep 01 16:58:05 UTC 2015
Working Class Heroes,Tue Aug 18 23:37:47 UTC 2015
ANWB,Mon Aug 17 17:43:10 UTC 2015
E2M Technologies,Fri Aug 14 00:19:02 UTC 2015
AerData  B.V.,Wed Jul 29 00:00:33 UTC 2015
Knowledge Values,Tue Jul 14 22:28:09 UTC 2015
Xebia,Tue Jul 07 07:39:17 UTC 2015
XebiaLabs (now Digital.ai),Tue Jul 07 07:39:04 UTC 2015
Q42,Wed Jun 24 20:47:48 UTC 2015
"Qardio, Inc.",Thu May 21 22:29:21 UTC 2015
BeTIC,Tue May 12 09:34:05 UTC 2015
Icemobile,Mon Apr 20 22:14:52 UTC 2015
Notificare,Sat Apr 18 20:17:47 UTC 2015
Pocket Media (acquired by Tradedoubler AG 01-10-2020),Mon Mar 23 22:15:55 UTC 2015
The Mobile Company | part of Apadmi,Wed Jan 21 11:56:26 UTC 2015
Itnig - Startup Ecosystem,Fri Jan 16 11:40:40 UTC 2015
The Apache Software Foundation,Sun Jan 11 01:46:46 UTC 2015
BQ,Fri Jan 09 17:00:57 UTC 2015
Enxine,Fri Jan 09 00:19:32 UTC 2015
Zappy,Wed Jan 07 16:10:47 UTC 2015
eBuddy,Mon Jan 05 08:44:19 UTC 2015
BUX,Mon Jan 05 08:44:14 UTC 2015
Bloomreach,Tue Dec 30 17:59:53 UTC 2014
Scytl,Tue Dec 30 16:35:04 UTC 2014
THOMPSON,Tue Dec 30 12:48:57 UTC 2014
ServiceNow,Tue Dec 30 11:37:58 UTC 2014
Novarama,Tue Dec 30 11:07:21 UTC 2014
That Recruitment Company,Tue Dec 30 01:00:31 UTC 2014
bunq,Tue Dec 30 00:40:06 UTC 2014
Thales Cyber and Digital,Sun Dec 28 23:51:21 UTC 2014
AppdeSalud,Wed Dec 24 11:39:29 UTC 2014
Saludyprofesionales.com,Wed Dec 24 11:39:23 UTC 2014
Situm Indoor Positioning,Tue Dec 23 12:43:43 UTC 2014
ING Nederland,Mon Dec 22 23:30:28 UTC 2014
Optare Solutions,Sat Dec 20 13:57:33 UTC 2014
Seed.jobs,Thu Dec 18 15:25:07 UTC 2014
Wayra,Mon Dec 15 18:52:37 UTC 2014
UppTalk,Mon Dec 15 18:49:08 UTC 2014
Real Madrid C.F.,Sat Dec 13 20:16:17 UTC 2014
Signo Ingeniería del Territorio,Wed Dec 03 19:05:44 UTC 2014
Searchlite,Fri Nov 28 15:49:56 UTC 2014
Roamler,Thu Nov 27 13:22:11 UTC 2014
Reseteando.org,Wed Nov 26 15:56:40 UTC 2014
Accenture Interactive Amsterdam,Mon Nov 24 23:46:47 UTC 2014
Talio Technologies,Wed Nov 19 10:47:07 UTC 2014
Mobile Now Group,Tue Nov 11 10:18:59 UTC 2014
Silenus Consultoría,Tue Oct 28 15:14:03 UTC 2014
Try Catch (acquired by OfferZen),Mon Oct 20 08:48:31 UTC 2014
Taptil,Wed Oct 15 14:15:23 UTC 2014
Serinfer S.L.,Mon Oct 13 21:29:24 UTC 2014
Locket,Thu Sep 25 10:55:32 UTC 2014
YUMP.com,Sun Sep 21 23:26:06 UTC 2014
Softonic,Fri Sep 12 16:58:49 UTC 2014
Mapbox,Wed Sep 10 17:32:05 UTC 2014
Vizzuality,Wed Sep 10 17:31:58 UTC 2014
CARTO,Wed Sep 10 17:31:46 UTC 2014
Simbiótica,Wed Sep 10 17:30:38 UTC 2014
Linknovate,Tue Sep 09 10:55:02 UTC 2014
SERVICIOS SEVIGAL,Wed Aug 27 14:55:16 UTC 2014
Samsung Mobile,Thu Aug 21 08:01:51 UTC 2014
Otogami,Thu Aug 21 08:01:48 UTC 2014
OLEI Aceite Oliva Virgen Extra,Tue Aug 12 15:24:26 UTC 2014
ameiga,Thu Jul 31 23:11:39 UTC 2014
OVHcloud,Wed Jul 30 14:41:32 UTC 2014
CheckSec,Thu Jun 19 23:52:56 UTC 2014
"Tecnicas de Soft, S.A.",Wed Jun 11 18:27:50 UTC 2014
Agencia Nasas,Fri May 23 11:39:14 UTC 2014
Vidahora,Fri Apr 25 08:31:44 UTC 2014
Polygon-e,Tue Apr 01 22:32:23 UTC 2014
Ant Web S.L.,Thu Mar 27 10:29:16 UTC 2014
84kids,Fri Mar 07 00:58:42 UTC 2014
RedEmprendia,Wed Mar 05 16:20:17 UTC 2014
Corunet by SNGULAR,Fri Feb 21 19:13:31 UTC 2014
Qindel Group,Tue Feb 18 15:03:33 UTC 2014
Desoños,Thu Feb 13 13:24:37 UTC 2014
Ganapán Comunicación,Wed Feb 12 00:37:12 UTC 2014
Cilenis Language Technology,Wed Feb 12 00:32:55 UTC 2014
Ibermática,Mon Feb 10 23:03:30 UTC 2014
Televes,Tue Dec 17 18:30:30 UTC 2013
Fundación Galicia Sustentable,Fri Dec 13 17:07:39 UTC 2013
ServiguideBPO,Thu Dec 12 10:34:44 UTC 2013
ACUNTIA/AXIANS,Tue Dec 03 18:36:47 UTC 2013
"Tesla Technologies & Software, S.L.",Wed Nov 27 21:09:43 UTC 2013
eLABORO s.l.,Wed Nov 27 21:08:57 UTC 2013
Tyba,Tue Nov 26 00:45:55 UTC 2013
Amosamos Solucións S.L.,Mon Nov 25 17:53:36 UTC 2013
Salesforce,Fri Nov 08 18:49:23 UTC 2013
interQué Networks SL,Thu Nov 07 12:31:51 UTC 2013
Abertal Networks,Tue Oct 22 17:51:12 UTC 2013
DobleClic,Wed Oct 16 18:03:19 UTC 2013
MobGen Business Solutions,Thu Oct 10 19:46:40 UTC 2013
Plexus Tech,Tue Oct 01 10:30:11 UTC 2013
Vincutato | Marketing & Comunicación,Tue Oct 01 07:31:26 UTC 2013
AlineaSol,Wed Sep 18 09:54:59 UTC 2013
Rigel Mobile Solutions Provider,Mon Sep 16 12:31:34 UTC 2013
Metadrop,Sat Sep 14 00:17:58 UTC 2013
Trileuco Solutions,Fri Jul 12 00:35:46 UTC 2013
Linking Paths,Fri Jul 12 00:32:52 UTC 2013
Trabe,Fri Jul 12 00:32:48 UTC 2013
CiTIUS - Research Centre on Intelligent Technologies,Thu Jun 13 09:22:12 UTC 2013
Yeeply,Tue May 28 20:59:35 UTC 2013
Tuapli,Thu May 23 17:08:14 UTC 2013
Bibafly,Wed May 08 16:22:40 UTC 2013
Cactus Digital - Agencia de Marketing digital,Thu Apr 25 17:21:47 UTC 2013
Ipglobal Tech Hub,Wed Apr 03 18:21:17 UTC 2013
Peixe Software (ahora Grupo Castilla),Mon Apr 01 15:26:26 UTC 2013
Top Around,Tue Mar 19 11:50:50 UTC 2013
Cyclon Media,Tue Mar 19 11:50:33 UTC 2013
Tracing Tech,Mon Feb 18 19:28:08 UTC 2013
CERSIA Empresa,Thu Dec 20 17:53:13 UTC 2012
Startup Congress Galicia,Thu Dec 20 17:53:08 UTC 2012
Blusens,Mon Nov 26 17:21:12 UTC 2012
CESGA,Mon Nov 26 17:21:08 UTC 2012
Mobilendo SL,Thu Nov 15 09:44:25 UTC 2012
2demil,Wed Nov 14 10:53:10 UTC 2012
Sixtema,Tue Nov 13 18:40:43 UTC 2012
FEUGA. Fundación Empresa Universidad Gallega,Mon Nov 12 19:15:53 UTC 2012
Dygra Films,Mon Nov 12 19:15:37 UTC 2012
Moonbite Games,Mon Nov 12 19:15:28 UTC 2012
Inditex,Mon Nov 12 19:15:20 UTC 2012
appslab,Mon Nov 12 19:13:10 UTC 2012
"Nextgal Soluciones Informáticas, s.l.",Mon Oct 01 09:53:42 UTC 2012
Gradiant,Thu Sep 06 15:22:51 UTC 2012
Alba Technology,Thu Aug 30 09:54:15 UTC 2012
Esmerarte Industrias Creativas,Mon Jul 09 10:18:41 UTC 2012
IE Business School,Sat Jun 30 21:55:20 UTC 2012
Alternia Energías Renovables,Wed Jun 20 09:50:51 UTC 2012
"Isenda telemática, S.L.",Tue Jun 19 17:39:01 UTC 2012
Sound of Numbers S.L.,Tue May 22 22:55:58 UTC 2012
Krasis - Plataforma SELF,Wed May 09 11:19:24 UTC 2012
Contidos Dixitais,Wed May 09 09:49:36 UTC 2012
Gilogiq,Wed May 02 12:00:58 UTC 2012
GES CONSULTORES,Thu Apr 26 15:02:24 UTC 2012
Teixuapps,Tue Apr 17 23:07:38 UTC 2012
SetPay,Tue Apr 17 11:29:30 UTC 2012
Balidea,Tue Apr 03 15:46:50 UTC 2012
Ozono Multimedia S.L.L.,Mon Apr 02 12:13:40 UTC 2012
Wireless Galicia,Mon Apr 02 08:17:49 UTC 2012
Pinuts Studios,Fri Mar 30 14:33:02 UTC 2012
Come'n'Click Networks S.L.,Thu Mar 29 17:54:12 UTC 2012
Telefonica Digital,Thu Mar 29 11:10:44 UTC 2012
Streye,Thu Mar 29 11:10:39 UTC 2012
Movidilo,Thu Mar 29 11:09:46 UTC 2012
LinkedIn España,Wed Mar 28 12:14:34 UTC 2012
Máis Que Deseño,Tue Mar 27 14:26:00 UTC 2012
Ideateca,Tue Mar 27 11:10:46 UTC 2012
BuyVIP,Mon Mar 26 00:33:48 UTC 2012
Motorola Mobility (a Lenovo Company),Thu Mar 22 23:17:20 UTC 2012
SEASVET Servicios tecnológicos SL,Thu Mar 15 17:46:44 UTC 2012
Tempos 21,Wed Mar 14 23:21:55 UTC 2012
Arista,Wed Mar 14 00:39:58 UTC 2012
INNOVA IDIOMAS (www.binaurality.com),Tue Mar 13 13:27:40 UTC 2012
CORTES Consulting,Tue Mar 13 12:52:03 UTC 2012
Lusco Tekhne,Tue Mar 13 00:06:01 UTC 2012
usacd,Tue Mar 13 00:04:42 UTC 2012
Nem-hi Consulting,Tue Mar 13 00:04:20 UTC 2012
Freelance Mobile App Development,Tue Mar 13 00:03:43 UTC 2012
Digital Legends Entertainment,Tue Mar 13 00:03:37 UTC 2012
Mobivery,Tue Mar 13 00:03:10 UTC 2012
biapum,Tue Mar 13 00:02:54 UTC 2012
Tuenti,Mon Mar 12 23:54:06 UTC 2012
Redcore,Tue Mar 13 00:00:31 UTC 2012
Netex Learning,Thu Mar 08 17:31:07 UTC 2012
RootedCON,Wed Mar 07 08:50:43 UTC 2012
ideup,Tue Mar 06 09:35:54 UTC 2012
ticketea by Eventbrite,Tue Mar 06 00:39:26 UTC 2012
PR2Studio,Fri Mar 02 15:09:05 UTC 2012
VML THE COCKTAIL,Mon Feb 20 18:14:27 UTC 2012
FLAG Solutions,Sat Feb 18 11:49:08 UTC 2012
"Algueirada, S.L.",Tue Feb 14 11:32:35 UTC 2012
Red TiCos,Sat Feb 11 11:51:50 UTC 2012
Webphone,Fri Feb 10 15:51:00 UTC 2012
tresCtres,Thu Feb 09 15:04:58 UTC 2012
NikoNiko Mobile,Thu Feb 09 09:59:37 UTC 2012
Docuten,Tue Feb 07 17:28:47 UTC 2012
Lambda Calidad y Tecnología,Tue Feb 07 17:24:03 UTC 2012
Redegal,Tue Jan 31 15:18:59 UTC 2012
La Camorra,Sat Jan 28 10:58:57 UTC 2012
GAMELSA S.A.,Fri Jan 20 19:30:30 UTC 2012
Movendo,Fri Jan 20 19:09:32 UTC 2012
AENTOS,Fri Jan 20 13:28:13 UTC 2012
SonoAsh,Mon Dec 19 00:11:23 UTC 2011
QUADRAM | Agencia de Apps y proyectos digitales,Mon Dec 19 00:10:26 UTC 2011
Ozona Consulting,Mon Dec 19 00:08:18 UTC 2011
Universidade de Santiago de Compostela,Mon Dec 19 00:07:57 UTC 2011
Agil-AZ S.L.,Tue Nov 15 21:49:02 UTC 2011
Sináptika,Mon Nov 14 08:19:08 UTC 2011
Primate,Mon Nov 14 08:18:46 UTC 2011
Dinahosting,Mon Nov 14 08:18:35 UTC 2011
Arsys,Mon Nov 14 08:17:59 UTC 2011
Meta,Sat Nov 12 19:01:50 UTC 2011
WeKAb.com - El Portal del Formador,Mon Nov 07 23:55:35 UTC 2011
imatia,Mon Nov 07 23:54:58 UTC 2011
AVA Soluciones Tecnológicas,Mon Nov 07 23:54:51 UTC 2011
datos.gob.es - Dirección General del Dato,Fri Oct 28 09:42:57 UTC 2011
WerfenLife Distribution,Mon Oct 24 09:28:47 UTC 2011
agalip,Mon Oct 17 14:30:32 UTC 2011
Hacce Soluciones TIC,Mon Oct 17 13:50:04 UTC 2011
Mestrelab Research S.L.,Mon Oct 17 13:49:51 UTC 2011
Quobis,Fri Oct 07 12:58:55 UTC 2011
El Correo Gallego,Wed Oct 05 11:06:42 UTC 2011
Axway Developer,Wed Oct 05 11:06:39 UTC 2011
Acquia,Wed Oct 05 11:06:31 UTC 2011
Nimbuzz,Wed Oct 05 11:06:26 UTC 2011
Xamalú Filmes,Wed Aug 24 22:37:52 UTC 2011
Tapershop,Wed Aug 24 22:37:40 UTC 2011
Knowledge Investors,Tue Jul 12 20:03:46 UTC 2011
Iniciador,Mon Jun 06 17:41:44 UTC 2011
Amazon,Sun Jun 05 16:06:15 UTC 2011
Softwhisper,Wed May 25 18:21:27 UTC 2011
Aich Technologies,Fri Apr 29 06:31:58 UTC 2011
Atos,Tue Apr 26 13:35:55 UTC 2011
Atos Consulting,Tue Apr 26 13:35:52 UTC 2011
Inforhouse,Thu Apr 14 19:04:49 UTC 2011
Erasmusu,Thu Apr 14 13:29:43 UTC 2011
Tagen Ata,Tue Apr 12 23:18:42 UTC 2011
Openhost,Tue Apr 12 23:17:41 UTC 2011
PistaOculta.com,Tue Apr 12 22:14:16 UTC 2011
APD,Mon Mar 21 07:57:07 UTC 2011
Experis Nederland,Mon Mar 21 07:57:06 UTC 2011
Zadia Software,Tue Mar 08 23:40:24 UTC 2011
GE,Wed Mar 02 08:31:26 UTC 2011
GRAND,Fri Feb 18 08:55:34 UTC 2011
Vostok Studio,Mon Feb 07 12:22:16 UTC 2011
Treelogic,Tue Feb 01 23:15:40 UTC 2011
A Navalla Suiza,Tue Feb 01 08:33:55 UTC 2011
imaxin,Tue Feb 01 08:33:14 UTC 2011
Grupo Oesía,Tue Feb 01 08:32:51 UTC 2011
Telefónica,Tue Feb 01 08:31:54 UTC 2011
Soluziona,Tue Feb 01 08:31:51 UTC 2011
Cisco,Tue Feb 01 08:30:59 UTC 2011
Apple,Tue Feb 01 08:30:43 UTC 2011
Hewlett Packard Enterprise,Tue Feb 01 08:29:49 UTC 2011
IBM,Tue Feb 01 08:29:38 UTC 2011
Igalia,Sun Jan 30 22:06:39 UTC 2011
Vodafone,Sun Jan 30 22:05:48 UTC 2011
Classora Technologies,Wed Jan 19 20:41:48 UTC 2011
Bahia Software,Thu Jan 13 10:19:33 UTC 2011
Indra,Thu Jan 13 10:18:53 UTC 2011
Coremain,Thu Jan 13 10:18:30 UTC 2011
Altia,Thu Jan 13 10:18:16 UTC 2011
Microsoft,Thu Jan 13 10:17:55 UTC 2011
Fon,Thu Jan 13 10:17:15 UTC 2011
Google,Thu Jan 13 10:17:10 UTC 2011
Accenture Technology Solutions,Thu Jan 13 10:16:08 UTC 2011
everis,Thu Jan 13 10:16:07 UTC 2011
Oracle,Thu Jan 13 10:16:06 UTC 2011