Endorsement Date,Skill Name,Endorser First Name,Endorser Last Name,Endorser Public Url,Endorsement Status
2025/04/25 07:51:31 UTC,Team Leadership,David,Muehlfeld,www.linkedin.com/in/davidmuehlfeld,ACCEPTED
2025/04/25 07:51:22 UTC,Problem Solving,David,Muehlfeld,www.linkedin.com/in/davidmuehlfeld,ACCEPTED
2025/04/25 07:51:11 UTC,People Management,David,Muehlfeld,www.linkedin.com/in/davidmuehlfeld,ACCEPTED
2025/04/25 07:51:01 UTC,Strategy,David,Muehlfeld,www.linkedin.com/in/davidmuehlfeld,ACCEPTED
2025/04/25 07:50:57 UTC,Development Strategy,David,Muehlfeld,www.linkedin.com/in/davidmuehlfeld,ACCEPTED
2025/04/25 07:50:29 UTC,Communication,David,Muehlfeld,www.linkedin.com/in/davidmuehlfeld,ACCEPTED
2023/04/18 07:48:34 UTC,Mentoring,Igor,Gorodnikov,www.linkedin.com/in/igor-gorodnikov-14b54384,ACCEPTED
2023/04/18 07:48:32 UTC,Public Speaking,Igor,Gorodnikov,www.linkedin.com/in/igor-gorodnikov-14b54384,ACCEPTED
2023/04/18 07:48:29 UTC,Leadership,Igor,Gorodnikov,www.linkedin.com/in/igor-gorodnikov-14b54384,ACCEPTED
2021/12/09 09:44:21 UTC,Agile Methodologies,Joy,Adamson,www.linkedin.com/in/adamsonj,ACCEPTED
2021/09/30 12:16:43 UTC,Leadership,Ryely,Newman,www.linkedin.com/in/ryely-newman,ACCEPTED
2021/09/30 12:16:06 UTC,Agile Methodologies,Ryely,Newman,www.linkedin.com/in/ryely-newman,ACCEPTED
2021/09/30 12:15:49 UTC,Java,Ryely,Newman,www.linkedin.com/in/ryely-newman,ACCEPTED
2021/09/27 20:34:34 UTC,Drupal,César,Represa Bautista,www.linkedin.com/in/cesar-represa-bautista,ACCEPTED
2021/09/27 20:34:34 UTC,Java,César,Represa Bautista,www.linkedin.com/in/cesar-represa-bautista,ACCEPTED
2021/09/27 20:34:34 UTC,JavaScript,César,Represa Bautista,www.linkedin.com/in/cesar-represa-bautista,ACCEPTED
2021/09/27 20:34:34 UTC,MySQL,César,Represa Bautista,www.linkedin.com/in/cesar-represa-bautista,ACCEPTED
2021/09/27 20:34:34 UTC,PHP,César,Represa Bautista,www.linkedin.com/in/cesar-represa-bautista,ACCEPTED
2021/04/28 12:19:26 UTC,Agile Methodologies,Martijn,Hazelaar,www.linkedin.com/in/martijnhazelaar,ACCEPTED
2017/10/30 08:47:00 UTC,iOS,Bjorn,Mooijekind,www.linkedin.com/in/bjornmooijekind,ACCEPTED
2017/10/30 08:46:58 UTC,J2EE,Bjorn,Mooijekind,www.linkedin.com/in/bjornmooijekind,ACCEPTED
2017/10/30 08:46:57 UTC,Java EE,Bjorn,Mooijekind,www.linkedin.com/in/bjornmooijekind,ACCEPTED
2017/10/30 08:46:55 UTC,Wordpress Design,Bjorn,Mooijekind,www.linkedin.com/in/bjornmooijekind,ACCEPTED
2017/10/30 08:46:54 UTC,Open Source,Bjorn,Mooijekind,www.linkedin.com/in/bjornmooijekind,ACCEPTED
2017/10/30 08:46:54 UTC,Web Design,Bjorn,Mooijekind,www.linkedin.com/in/bjornmooijekind,ACCEPTED
2017/10/30 08:46:51 UTC,Web Services,Bjorn,Mooijekind,www.linkedin.com/in/bjornmooijekind,ACCEPTED
2017/10/30 08:46:49 UTC,Linux,Bjorn,Mooijekind,www.linkedin.com/in/bjornmooijekind,ACCEPTED
2017/10/30 08:46:47 UTC,Mobile Programming,Bjorn,Mooijekind,www.linkedin.com/in/bjornmooijekind,ACCEPTED
2017/10/30 08:46:38 UTC,MySQL,Bjorn,Mooijekind,www.linkedin.com/in/bjornmooijekind,ACCEPTED
2017/10/30 08:46:37 UTC,iPhone,Bjorn,Mooijekind,www.linkedin.com/in/bjornmooijekind,ACCEPTED
2017/10/30 08:46:25 UTC,HTML 5,Bjorn,Mooijekind,www.linkedin.com/in/bjornmooijekind,ACCEPTED
2017/10/30 08:46:23 UTC,Web Development,Bjorn,Mooijekind,www.linkedin.com/in/bjornmooijekind,ACCEPTED
2017/10/30 08:46:19 UTC,Android,Bjorn,Mooijekind,www.linkedin.com/in/bjornmooijekind,ACCEPTED
2017/10/30 08:46:18 UTC,Mobile Applications,Bjorn,Mooijekind,www.linkedin.com/in/bjornmooijekind,ACCEPTED
2017/10/30 08:46:12 UTC,JavaScript,Bjorn,Mooijekind,www.linkedin.com/in/bjornmooijekind,ACCEPTED
2017/10/30 08:46:06 UTC,Java,Bjorn,Mooijekind,www.linkedin.com/in/bjornmooijekind,ACCEPTED
2017/10/23 12:33:39 UTC,MySQL,Brenda,Szongoth,www.linkedin.com/in/brendaszongoth,ACCEPTED
2017/10/23 12:33:32 UTC,JSP,Brenda,Szongoth,www.linkedin.com/in/brendaszongoth,ACCEPTED
2017/10/23 12:33:31 UTC,SQL,Brenda,Szongoth,www.linkedin.com/in/brendaszongoth,ACCEPTED
2017/10/23 12:33:29 UTC,iOS,Brenda,Szongoth,www.linkedin.com/in/brendaszongoth,ACCEPTED
2017/10/23 12:33:23 UTC,iPhone,Brenda,Szongoth,www.linkedin.com/in/brendaszongoth,ACCEPTED
2017/10/23 12:33:18 UTC,Web Development,Brenda,Szongoth,www.linkedin.com/in/brendaszongoth,ACCEPTED
2017/10/23 12:33:17 UTC,Android,Brenda,Szongoth,www.linkedin.com/in/brendaszongoth,ACCEPTED
2017/10/23 12:33:15 UTC,Mobile Applications,Brenda,Szongoth,www.linkedin.com/in/brendaszongoth,ACCEPTED
2017/10/23 12:33:13 UTC,Java,Brenda,Szongoth,www.linkedin.com/in/brendaszongoth,ACCEPTED
2017/10/23 12:33:11 UTC,JavaScript,Brenda,Szongoth,www.linkedin.com/in/brendaszongoth,ACCEPTED
2017/10/23 12:33:11 UTC,PHP,Brenda,Szongoth,www.linkedin.com/in/brendaszongoth,ACCEPTED
2017/02/08 05:51:30 UTC,PHP,Diego,Giao García,www.linkedin.com/in/diego-giao,ACCEPTED
2017/02/08 05:51:27 UTC,Java,Diego,Giao García,www.linkedin.com/in/diego-giao,ACCEPTED
2017/01/15 19:44:38 UTC,MySQL,Óscar,Casal Sánchez,www.linkedin.com/in/óscar-casal-sánchez-a2aa847,ACCEPTED
2017/01/06 09:07:14 UTC,JavaScript,Alberto,Alonso Ruibal,www.linkedin.com/in/albertoruibal,ACCEPTED
2016/12/08 20:52:31 UTC,jQuery,Gabriel,Sanmartín Díaz,www.linkedin.com/in/gabrielsanmartin,ACCEPTED
2016/11/21 13:14:09 UTC,Mobile Applications,Stijn,Huijsmans,www.linkedin.com/in/stijn-huijsmans-164b707,ACCEPTED
2016/11/21 13:14:08 UTC,jQuery,Stijn,Huijsmans,www.linkedin.com/in/stijn-huijsmans-164b707,ACCEPTED
2016/11/21 13:14:07 UTC,JavaScript,Stijn,Huijsmans,www.linkedin.com/in/stijn-huijsmans-164b707,ACCEPTED
2016/11/21 13:14:07 UTC,PHP,Stijn,Huijsmans,www.linkedin.com/in/stijn-huijsmans-164b707,ACCEPTED
2016/11/21 13:14:06 UTC,Java,Stijn,Huijsmans,www.linkedin.com/in/stijn-huijsmans-164b707,ACCEPTED
2016/11/14 19:58:40 UTC,iOS,Yuanrui(Rea),Dou,www.linkedin.com/in/rea-dou,ACCEPTED
2016/11/14 19:58:34 UTC,Web Design,Yuanrui(Rea),Dou,www.linkedin.com/in/rea-dou,ACCEPTED
2016/11/14 19:58:32 UTC,Web Services,Yuanrui(Rea),Dou,www.linkedin.com/in/rea-dou,ACCEPTED
2016/11/14 19:58:29 UTC,Mobile Programming,Yuanrui(Rea),Dou,www.linkedin.com/in/rea-dou,ACCEPTED
2016/11/14 19:58:28 UTC,iPhone,Yuanrui(Rea),Dou,www.linkedin.com/in/rea-dou,ACCEPTED
2016/11/14 19:58:25 UTC,Web Development,Yuanrui(Rea),Dou,www.linkedin.com/in/rea-dou,ACCEPTED
2016/11/14 19:58:24 UTC,Android,Yuanrui(Rea),Dou,www.linkedin.com/in/rea-dou,ACCEPTED
2016/11/14 19:58:22 UTC,Mobile Applications,Yuanrui(Rea),Dou,www.linkedin.com/in/rea-dou,ACCEPTED
2016/11/14 19:58:20 UTC,Java,Yuanrui(Rea),Dou,www.linkedin.com/in/rea-dou,ACCEPTED
2016/11/10 12:09:31 UTC,Web Development,Reinaldo (Rei),Aguilera,www.linkedin.com/in/reiaguilera,ACCEPTED
2016/11/10 12:09:30 UTC,WordPress,Reinaldo (Rei),Aguilera,www.linkedin.com/in/reiaguilera,ACCEPTED
2016/10/18 16:47:09 UTC,Android,Rafa,Couto,www.linkedin.com/in/rafacouto,ACCEPTED
2016/10/14 07:01:39 UTC,HTML5,Noel,González Fernández,www.linkedin.com/in/noel-gonzález-fernández,ACCEPTED
2016/10/14 07:01:38 UTC,Web Development,Noel,González Fernández,www.linkedin.com/in/noel-gonzález-fernández,ACCEPTED
2016/10/03 20:51:05 UTC,Mobile Programming,Rogier,van Dodewaard,www.linkedin.com/in/rogiervandodewaard,ACCEPTED
2016/10/03 20:50:39 UTC,Android,Rogier,van Dodewaard,www.linkedin.com/in/rogiervandodewaard,ACCEPTED
2016/10/03 20:50:34 UTC,Mobile Applications,Rogier,van Dodewaard,www.linkedin.com/in/rogiervandodewaard,ACCEPTED
2016/09/24 09:57:24 UTC,Android,Joseph,Youssef,www.linkedin.com/in/josephyoussef,ACCEPTED
2016/09/24 09:57:24 UTC,Drupal,Joseph,Youssef,www.linkedin.com/in/josephyoussef,ACCEPTED
2016/09/24 09:57:24 UTC,HTML,Joseph,Youssef,www.linkedin.com/in/josephyoussef,ACCEPTED
2016/09/24 09:57:24 UTC,Mobile Applications,Joseph,Youssef,www.linkedin.com/in/josephyoussef,ACCEPTED
2016/09/24 09:57:24 UTC,Web Development,Joseph,Youssef,www.linkedin.com/in/josephyoussef,ACCEPTED
2016/09/07 06:46:54 UTC,Mobile Applications,Leslie,Keijzer,www.linkedin.com/in/leslie-keijzer-0351743,ACCEPTED
2016/08/10 08:04:13 UTC,Java,Robin Jonathan,van der Heiden,www.linkedin.com/in/robinjvanderheiden,ACCEPTED
2016/08/10 07:31:28 UTC,JavaScript,Paz,Cariñena Amigo,www.linkedin.com/in/pazcarinena,ACCEPTED
2016/08/08 10:39:37 UTC,NetBeans,César,Osorio Peláez,www.linkedin.com/in/cesarosoriopelaez,ACCEPTED
2016/08/08 10:39:35 UTC,Eclipse,César,Osorio Peláez,www.linkedin.com/in/cesarosoriopelaez,ACCEPTED
2016/08/08 10:39:29 UTC,Desarrollo web,César,Osorio Peláez,www.linkedin.com/in/cesarosoriopelaez,ACCEPTED
2016/08/08 10:39:02 UTC,HTML 5,César,Osorio Peláez,www.linkedin.com/in/cesarosoriopelaez,ACCEPTED
2016/08/08 10:38:57 UTC,HTML5,César,Osorio Peláez,www.linkedin.com/in/cesarosoriopelaez,ACCEPTED
2016/08/08 10:38:40 UTC,Web Development,César,Osorio Peláez,www.linkedin.com/in/cesarosoriopelaez,ACCEPTED
2016/08/08 10:38:38 UTC,jQuery,César,Osorio Peláez,www.linkedin.com/in/cesarosoriopelaez,ACCEPTED
2016/08/08 10:38:37 UTC,JavaScript,César,Osorio Peláez,www.linkedin.com/in/cesarosoriopelaez,ACCEPTED
2016/08/08 10:38:37 UTC,PHP,César,Osorio Peláez,www.linkedin.com/in/cesarosoriopelaez,ACCEPTED
2016/08/08 10:38:36 UTC,Java,César,Osorio Peláez,www.linkedin.com/in/cesarosoriopelaez,ACCEPTED
2016/08/08 10:38:34 UTC,Drupal,César,Osorio Peláez,www.linkedin.com/in/cesarosoriopelaez,ACCEPTED
2016/08/04 13:35:08 UTC,MySQL,Noel,González Fernández,www.linkedin.com/in/noel-gonzález-fernández,ACCEPTED
2016/08/04 13:35:07 UTC,Java,Noel,González Fernández,www.linkedin.com/in/noel-gonzález-fernández,ACCEPTED
2016/07/26 14:58:22 UTC,Web Services,Rafael,Martinez Valera,www.linkedin.com/in/rafamvalera,ACCEPTED
2016/07/26 14:58:21 UTC,HTML,Rafael,Martinez Valera,www.linkedin.com/in/rafamvalera,ACCEPTED
2016/07/26 14:58:20 UTC,Desarrollo web,Rafael,Martinez Valera,www.linkedin.com/in/rafamvalera,ACCEPTED
2016/07/26 14:58:18 UTC,Aplicaciones móviles,Rafael,Martinez Valera,www.linkedin.com/in/rafamvalera,ACCEPTED
2016/07/26 14:58:15 UTC,Mobile Applications,Rafael,Martinez Valera,www.linkedin.com/in/rafamvalera,ACCEPTED
2016/07/02 13:16:15 UTC,Java,Pedro,Montoto,www.linkedin.com/in/pedromontoto,ACCEPTED
2016/06/27 09:10:21 UTC,JavaScript,Robin Jonathan,van der Heiden,www.linkedin.com/in/robinjvanderheiden,ACCEPTED
2016/06/18 17:14:38 UTC,Java,David,Freijeiro González,www.linkedin.com/in/davidfreijeiro,ACCEPTED
2016/06/13 22:45:05 UTC,Java,Óscar,Casal Sánchez,www.linkedin.com/in/óscar-casal-sánchez-a2aa847,ACCEPTED
2016/05/12 13:52:06 UTC,Java,Heidi,Ehlers,www.linkedin.com/in/heidi-c-ehlers,ACCEPTED
2016/05/03 16:31:56 UTC,JavaScript,Tal,Burdman,www.linkedin.com/in/talburdman,ACCEPTED
2016/04/27 09:00:43 UTC,HTML,Manuel,Suárez,www.linkedin.com/in/manuelso,ACCEPTED
2016/04/25 13:58:02 UTC,Java Enterprise Edition,Martiño,Suárez Fraga,www.linkedin.com/in/martiño-suárez-fraga,ACCEPTED
2016/04/25 13:57:55 UTC,MySQL,Martiño,Suárez Fraga,www.linkedin.com/in/martiño-suárez-fraga,ACCEPTED
2016/04/24 22:01:44 UTC,JavaScript,Amelia,Sydney,www.linkedin.com/in/ameliasydney,ACCEPTED
2016/04/24 22:01:10 UTC,Mobile Applications,Amelia,Sydney,www.linkedin.com/in/ameliasydney,ACCEPTED
2016/04/24 22:01:05 UTC,PHP,Amelia,Sydney,www.linkedin.com/in/ameliasydney,ACCEPTED
2016/04/18 15:23:13 UTC,HTML5,Joseph,Youssef,www.linkedin.com/in/josephyoussef,ACCEPTED
2016/04/18 15:23:13 UTC,Java,Joseph,Youssef,www.linkedin.com/in/josephyoussef,ACCEPTED
2016/04/18 15:23:13 UTC,JavaScript,Joseph,Youssef,www.linkedin.com/in/josephyoussef,ACCEPTED
2016/04/18 15:23:13 UTC,jQuery,Joseph,Youssef,www.linkedin.com/in/josephyoussef,ACCEPTED
2016/04/18 15:23:13 UTC,PHP,Joseph,Youssef,www.linkedin.com/in/josephyoussef,ACCEPTED
2016/04/11 08:51:38 UTC,Java,Rob,Hekkers,www.linkedin.com/in/robhekkers,ACCEPTED
2016/03/23 18:07:33 UTC,Mobile Applications,Willem-Jan,van den Bichelaer,www.linkedin.com/in/willemjanvandenbichelaer,ACCEPTED
2016/03/23 18:07:15 UTC,Android,Willem-Jan,van den Bichelaer,www.linkedin.com/in/willemjanvandenbichelaer,ACCEPTED
2016/03/12 08:22:53 UTC,JavaScript,Leslie,Keijzer,www.linkedin.com/in/leslie-keijzer-0351743,ACCEPTED
2016/03/01 22:06:35 UTC,Web Development,Marcos,Ferreira Sanmamed,www.linkedin.com/in/marcosfsanmamed,ACCEPTED
2016/03/01 22:06:01 UTC,Mobile Applications,Marcos,Ferreira Sanmamed,www.linkedin.com/in/marcosfsanmamed,ACCEPTED
2016/02/26 16:28:41 UTC,Java,Amelia,Sydney,www.linkedin.com/in/ameliasydney,ACCEPTED
2016/02/22 19:38:27 UTC,HTML5,Marcos,Ferreira Sanmamed,www.linkedin.com/in/marcosfsanmamed,ACCEPTED
2016/02/22 19:38:27 UTC,Java,Marcos,Ferreira Sanmamed,www.linkedin.com/in/marcosfsanmamed,ACCEPTED
2016/02/22 19:38:27 UTC,JavaScript,Marcos,Ferreira Sanmamed,www.linkedin.com/in/marcosfsanmamed,ACCEPTED
2016/02/22 19:38:27 UTC,jQuery,Marcos,Ferreira Sanmamed,www.linkedin.com/in/marcosfsanmamed,ACCEPTED
2016/02/22 19:38:27 UTC,PHP,Marcos,Ferreira Sanmamed,www.linkedin.com/in/marcosfsanmamed,ACCEPTED
2016/02/17 15:09:26 UTC,Swift,Pablo,Elizalde,www.linkedin.com/in/pabloelizalde,ACCEPTED
2016/02/17 15:09:18 UTC,Mobile Programming,Pablo,Elizalde,www.linkedin.com/in/pabloelizalde,ACCEPTED
2016/02/17 15:09:16 UTC,iPhone,Pablo,Elizalde,www.linkedin.com/in/pabloelizalde,ACCEPTED
2016/02/17 15:09:10 UTC,jQuery,Pablo,Elizalde,www.linkedin.com/in/pabloelizalde,ACCEPTED
2016/02/17 15:09:06 UTC,JavaScript,Pablo,Elizalde,www.linkedin.com/in/pabloelizalde,ACCEPTED
2016/02/17 15:09:05 UTC,HTML 5,Pablo,Elizalde,www.linkedin.com/in/pabloelizalde,ACCEPTED
2016/02/17 15:09:04 UTC,Android,Pablo,Elizalde,www.linkedin.com/in/pabloelizalde,ACCEPTED
2016/02/17 15:09:04 UTC,Mobile Applications,Pablo,Elizalde,www.linkedin.com/in/pabloelizalde,ACCEPTED
2016/02/17 15:09:03 UTC,Java,Pablo,Elizalde,www.linkedin.com/in/pabloelizalde,ACCEPTED
2016/02/17 15:09:01 UTC,PHP,Pablo,Elizalde,www.linkedin.com/in/pabloelizalde,ACCEPTED
2016/02/11 07:37:35 UTC,MySQL,Manuel,Suárez,www.linkedin.com/in/manuelso,ACCEPTED
2016/02/06 09:12:11 UTC,Android,Manuel,Suárez,www.linkedin.com/in/manuelso,ACCEPTED
2016/02/06 09:12:11 UTC,Drupal,Manuel,Suárez,www.linkedin.com/in/manuelso,ACCEPTED
2016/02/06 09:12:11 UTC,HTML5,Manuel,Suárez,www.linkedin.com/in/manuelso,ACCEPTED
2016/02/06 09:12:11 UTC,jQuery,Manuel,Suárez,www.linkedin.com/in/manuelso,ACCEPTED
2016/02/06 09:12:11 UTC,PHP,Manuel,Suárez,www.linkedin.com/in/manuelso,ACCEPTED
2016/01/20 19:13:59 UTC,JavaScript,Roberto,Casas Abeijón,www.linkedin.com/in/robertoecasas,ACCEPTED
2016/01/20 19:13:12 UTC,PHP,Roberto,Casas Abeijón,www.linkedin.com/in/robertoecasas,ACCEPTED
2016/01/15 17:15:50 UTC,Enterprise Architect,Héctor,Rodríguez Canda,www.linkedin.com/in/hrcanda,ACCEPTED
2015/11/29 20:58:03 UTC,HTML5,Reinaldo (Rei),Aguilera,www.linkedin.com/in/reiaguilera,ACCEPTED
2015/11/29 20:58:01 UTC,PHP,Reinaldo (Rei),Aguilera,www.linkedin.com/in/reiaguilera,ACCEPTED
2015/11/29 20:57:58 UTC,Java,Reinaldo (Rei),Aguilera,www.linkedin.com/in/reiaguilera,ACCEPTED
2015/11/13 18:20:32 UTC,Mobile Applications,Darío,Garrido,www.linkedin.com/in/dariogarrido,ACCEPTED
2015/11/13 18:20:14 UTC,JavaScript,Darío,Garrido,www.linkedin.com/in/dariogarrido,ACCEPTED
2015/11/13 18:20:13 UTC,jQuery,Darío,Garrido,www.linkedin.com/in/dariogarrido,ACCEPTED
2015/11/13 18:20:12 UTC,PHP,Darío,Garrido,www.linkedin.com/in/dariogarrido,ACCEPTED
2015/11/13 18:20:11 UTC,Java,Darío,Garrido,www.linkedin.com/in/dariogarrido,ACCEPTED
2015/10/16 16:09:43 UTC,Desarrollo web,Jesús,López Búa,www.linkedin.com/in/jesuslopezbua,ACCEPTED
2015/10/16 16:09:33 UTC,Web Development,Jesús,López Búa,www.linkedin.com/in/jesuslopezbua,ACCEPTED
2015/10/16 16:09:30 UTC,Mobile Applications,Jesús,López Búa,www.linkedin.com/in/jesuslopezbua,ACCEPTED
2015/10/16 16:09:30 UTC,Android,Jesús,López Búa,www.linkedin.com/in/jesuslopezbua,ACCEPTED
2015/10/16 16:09:26 UTC,HTML 5,Jesús,López Búa,www.linkedin.com/in/jesuslopezbua,ACCEPTED
2015/10/14 06:40:49 UTC,JavaScript,Jesús,López Búa,www.linkedin.com/in/jesuslopezbua,ACCEPTED
2015/10/14 06:40:45 UTC,Java,Jesús,López Búa,www.linkedin.com/in/jesuslopezbua,ACCEPTED
2015/09/16 11:44:12 UTC,Drupal,Ramiro,Amorena,www.linkedin.com/in/ramiro-amorena-922a592a,ACCEPTED
2015/09/16 11:44:05 UTC,Mobile Applications,Ramiro,Amorena,www.linkedin.com/in/ramiro-amorena-922a592a,ACCEPTED
2015/09/16 11:43:58 UTC,Web Development,Ramiro,Amorena,www.linkedin.com/in/ramiro-amorena-922a592a,ACCEPTED
2015/09/15 07:52:01 UTC,Linux,Martiño,Suárez Fraga,www.linkedin.com/in/martiño-suárez-fraga,ACCEPTED
2015/09/15 07:51:59 UTC,HTML,Martiño,Suárez Fraga,www.linkedin.com/in/martiño-suárez-fraga,ACCEPTED
2015/09/07 22:05:42 UTC,REST,Jose Angel,Franco Navarro,www.linkedin.com/in/jose-angel-franco-navarro-702a5259,ACCEPTED
2015/09/07 22:05:33 UTC,Servicios web,Jose Angel,Franco Navarro,www.linkedin.com/in/jose-angel-franco-navarro-702a5259,ACCEPTED
2015/09/07 22:05:31 UTC,Java Enterprise Edition,Jose Angel,Franco Navarro,www.linkedin.com/in/jose-angel-franco-navarro-702a5259,ACCEPTED
2015/09/07 22:05:16 UTC,Java EE,Jose Angel,Franco Navarro,www.linkedin.com/in/jose-angel-franco-navarro-702a5259,ACCEPTED
2015/09/07 22:05:14 UTC,UML,Jose Angel,Franco Navarro,www.linkedin.com/in/jose-angel-franco-navarro-702a5259,ACCEPTED
2015/09/07 22:05:07 UTC,Desarrollo web,Jose Angel,Franco Navarro,www.linkedin.com/in/jose-angel-franco-navarro-702a5259,ACCEPTED
2015/09/07 22:05:05 UTC,NetBeans,Jose Angel,Franco Navarro,www.linkedin.com/in/jose-angel-franco-navarro-702a5259,ACCEPTED
2015/09/07 22:05:02 UTC,Web Services,Jose Angel,Franco Navarro,www.linkedin.com/in/jose-angel-franco-navarro-702a5259,ACCEPTED
2015/09/07 22:04:57 UTC,Eclipse,Jose Angel,Franco Navarro,www.linkedin.com/in/jose-angel-franco-navarro-702a5259,ACCEPTED
2015/09/07 22:04:55 UTC,HTML,Jose Angel,Franco Navarro,www.linkedin.com/in/jose-angel-franco-navarro-702a5259,ACCEPTED
2015/09/07 22:04:51 UTC,J2EE,Jose Angel,Franco Navarro,www.linkedin.com/in/jose-angel-franco-navarro-702a5259,ACCEPTED
2015/05/05 13:55:08 UTC,JavaScript,Fran,Diéguez,www.linkedin.com/in/frandieguez,ACCEPTED
2015/05/04 13:53:39 UTC,Java,Martiño,Suárez Fraga,www.linkedin.com/in/martiño-suárez-fraga,ACCEPTED
2015/05/04 13:53:34 UTC,JavaScript,Martiño,Suárez Fraga,www.linkedin.com/in/martiño-suárez-fraga,ACCEPTED
2015/04/10 21:19:34 UTC,Web Services,Manuel,Suárez,www.linkedin.com/in/manuelso,ACCEPTED
2015/04/10 21:19:32 UTC,Linux,Manuel,Suárez,www.linkedin.com/in/manuelso,ACCEPTED
2015/04/10 21:19:22 UTC,WordPress,Manuel,Suárez,www.linkedin.com/in/manuelso,ACCEPTED
2015/04/10 21:19:15 UTC,Java,Manuel,Suárez,www.linkedin.com/in/manuelso,ACCEPTED
2015/04/10 21:19:12 UTC,JavaScript,Manuel,Suárez,www.linkedin.com/in/manuelso,ACCEPTED
2015/04/10 21:19:08 UTC,HTML 5,Manuel,Suárez,www.linkedin.com/in/manuelso,ACCEPTED
2015/04/10 21:19:08 UTC,Mobile Applications,Manuel,Suárez,www.linkedin.com/in/manuelso,ACCEPTED
2015/04/10 21:19:06 UTC,Web Development,Manuel,Suárez,www.linkedin.com/in/manuelso,ACCEPTED
2015/04/10 21:19:04 UTC,Desarrollo web,Manuel,Suárez,www.linkedin.com/in/manuelso,ACCEPTED
2015/02/23 07:14:14 UTC,JavaScript,Marcos,Quintáns,www.linkedin.com/in/marcosquintans,ACCEPTED
2015/02/14 23:07:33 UTC,PHP,Gonzalo,Mateo Sixto,www.linkedin.com/in/gonzalomateo,ACCEPTED
2015/02/12 14:41:18 UTC,Aplicaciones móviles,Manuel,Bravo Veiguela,www.linkedin.com/in/mbravei,ACCEPTED
2015/02/12 14:41:16 UTC,Desarrollo web,Manuel,Bravo Veiguela,www.linkedin.com/in/mbravei,ACCEPTED
2015/02/12 14:41:02 UTC,Drupal,Manuel,Bravo Veiguela,www.linkedin.com/in/mbravei,ACCEPTED
2015/02/12 14:41:01 UTC,HTML5,Manuel,Bravo Veiguela,www.linkedin.com/in/mbravei,ACCEPTED
2015/02/12 14:41:00 UTC,Web Development,Manuel,Bravo Veiguela,www.linkedin.com/in/mbravei,ACCEPTED
2015/02/12 14:40:59 UTC,Mobile Applications,Manuel,Bravo Veiguela,www.linkedin.com/in/mbravei,ACCEPTED
2015/02/12 14:40:58 UTC,Android,Manuel,Bravo Veiguela,www.linkedin.com/in/mbravei,ACCEPTED
2015/02/12 14:40:57 UTC,HTML 5,Manuel,Bravo Veiguela,www.linkedin.com/in/mbravei,ACCEPTED
2015/02/12 14:40:57 UTC,JavaScript,Manuel,Bravo Veiguela,www.linkedin.com/in/mbravei,ACCEPTED
2015/02/12 14:40:56 UTC,jQuery,Manuel,Bravo Veiguela,www.linkedin.com/in/mbravei,ACCEPTED
2015/02/12 14:40:55 UTC,Java,Manuel,Bravo Veiguela,www.linkedin.com/in/mbravei,ACCEPTED
2015/02/12 14:40:54 UTC,PHP,Manuel,Bravo Veiguela,www.linkedin.com/in/mbravei,ACCEPTED
2015/02/11 14:27:45 UTC,Servicios web,Iñaki,Quenerapú,www.linkedin.com/in/quenerapu,ACCEPTED
2015/02/06 14:10:46 UTC,iPhone,Marcos,Gómez Buceta,www.linkedin.com/in/mgomezbuceta,ACCEPTED
2015/02/06 14:10:46 UTC,Eclipse,Marcos,Gómez Buceta,www.linkedin.com/in/mgomezbuceta,ACCEPTED
2015/02/06 14:10:45 UTC,Drupal,Marcos,Gómez Buceta,www.linkedin.com/in/mgomezbuceta,ACCEPTED
2015/02/06 14:10:40 UTC,Android,Marcos,Gómez Buceta,www.linkedin.com/in/mgomezbuceta,ACCEPTED
2015/02/04 08:54:35 UTC,PHP,Álvaro,Velasco,www.linkedin.com/in/alvarovelasco,ACCEPTED
2015/02/02 16:43:53 UTC,PHP,Isabel,Vila Díaz,www.linkedin.com/in/isabelvila,ACCEPTED
2015/02/02 16:43:42 UTC,Java,Isabel,Vila Díaz,www.linkedin.com/in/isabelvila,ACCEPTED
2015/01/29 20:53:17 UTC,HTML,Antonio,Salmerón Bermúdez,www.linkedin.com/in/antonio-salmerón-bermúdez-96351b28,ACCEPTED
2015/01/29 20:52:59 UTC,WordPress,Antonio,Salmerón Bermúdez,www.linkedin.com/in/antonio-salmerón-bermúdez-96351b28,ACCEPTED
2015/01/29 10:17:34 UTC,Java,Teresa,Neo Pérez,www.linkedin.com/in/teresaneo,ACCEPTED
2015/01/29 07:53:58 UTC,Desarrollo web,Hernán,Rodríguez Martínez,www.linkedin.com/in/hernanrodriguez,ACCEPTED
2015/01/28 12:52:26 UTC,JavaScript,Xabier,Martínez Rolán,www.linkedin.com/in/xabierrolan,ACCEPTED
2015/01/27 18:04:29 UTC,Desarrollo web,Beatriz,Lorenzo Pérez,www.linkedin.com/in/beatrizlp,ACCEPTED
2015/01/27 18:04:28 UTC,Wordpress Design,Beatriz,Lorenzo Pérez,www.linkedin.com/in/beatrizlp,ACCEPTED
2015/01/27 18:04:20 UTC,Web Development,Beatriz,Lorenzo Pérez,www.linkedin.com/in/beatrizlp,ACCEPTED
2015/01/27 18:04:18 UTC,Drupal,Beatriz,Lorenzo Pérez,www.linkedin.com/in/beatrizlp,ACCEPTED
2015/01/27 18:03:44 UTC,Aplicaciones móviles,Beatriz,Lorenzo Pérez,www.linkedin.com/in/beatrizlp,ACCEPTED
2015/01/27 18:03:44 UTC,HTML5,Beatriz,Lorenzo Pérez,www.linkedin.com/in/beatrizlp,ACCEPTED
2015/01/27 18:03:44 UTC,Java,Beatriz,Lorenzo Pérez,www.linkedin.com/in/beatrizlp,ACCEPTED
2015/01/27 18:03:44 UTC,jQuery,Beatriz,Lorenzo Pérez,www.linkedin.com/in/beatrizlp,ACCEPTED
2015/01/27 18:03:44 UTC,PHP,Beatriz,Lorenzo Pérez,www.linkedin.com/in/beatrizlp,ACCEPTED
2015/01/21 08:28:12 UTC,Aplicaciones móviles,Carolina,Barreiro Cancela,www.linkedin.com/in/droideca,ACCEPTED
2015/01/21 08:28:12 UTC,Desarrollo web,Carolina,Barreiro Cancela,www.linkedin.com/in/droideca,ACCEPTED
2015/01/21 08:28:12 UTC,HTML5,Carolina,Barreiro Cancela,www.linkedin.com/in/droideca,ACCEPTED
2015/01/21 08:28:12 UTC,jQuery,Carolina,Barreiro Cancela,www.linkedin.com/in/droideca,ACCEPTED
2015/01/21 08:28:12 UTC,PHP,Carolina,Barreiro Cancela,www.linkedin.com/in/droideca,ACCEPTED
2015/01/20 20:39:15 UTC,Arquitectura orientada a servicios,Iñaki,Quenerapú,www.linkedin.com/in/quenerapu,ACCEPTED
2015/01/20 20:39:12 UTC,Drupal,Iñaki,Quenerapú,www.linkedin.com/in/quenerapu,ACCEPTED
2015/01/15 17:43:49 UTC,HTML,Jaime,Barreiro Laredo,www.linkedin.com/in/jaimebarreiro,ACCEPTED
2015/01/15 13:21:03 UTC,Aplicaciones móviles,José Alberto,Pazos Ferreiro,www.linkedin.com/in/josé-alberto-pazos-ferreiro-64006359,ACCEPTED
2015/01/15 13:21:03 UTC,HTML5,José Alberto,Pazos Ferreiro,www.linkedin.com/in/josé-alberto-pazos-ferreiro-64006359,ACCEPTED
2015/01/15 13:21:03 UTC,Java,José Alberto,Pazos Ferreiro,www.linkedin.com/in/josé-alberto-pazos-ferreiro-64006359,ACCEPTED
2015/01/15 13:21:03 UTC,jQuery,José Alberto,Pazos Ferreiro,www.linkedin.com/in/josé-alberto-pazos-ferreiro-64006359,ACCEPTED
2015/01/15 13:21:03 UTC,PHP,José Alberto,Pazos Ferreiro,www.linkedin.com/in/josé-alberto-pazos-ferreiro-64006359,ACCEPTED
2015/01/14 15:10:10 UTC,Aplicaciones móviles,Jaime,Barreiro Laredo,www.linkedin.com/in/jaimebarreiro,ACCEPTED
2015/01/12 20:48:23 UTC,Aplicaciones móviles,Marcos,Gómez Buceta,www.linkedin.com/in/mgomezbuceta,ACCEPTED
2015/01/12 20:48:23 UTC,HTML5,Marcos,Gómez Buceta,www.linkedin.com/in/mgomezbuceta,ACCEPTED
2015/01/12 20:48:23 UTC,Java,Marcos,Gómez Buceta,www.linkedin.com/in/mgomezbuceta,ACCEPTED
2015/01/12 20:48:23 UTC,JavaScript,Marcos,Gómez Buceta,www.linkedin.com/in/mgomezbuceta,ACCEPTED
2015/01/12 20:48:23 UTC,PHP,Marcos,Gómez Buceta,www.linkedin.com/in/mgomezbuceta,ACCEPTED
2015/01/09 20:37:19 UTC,Web Development,Jose A.,Garcia,www.linkedin.com/in/joseantoniogarcia,ACCEPTED
2015/01/09 20:37:17 UTC,Mobile Applications,Jose A.,Garcia,www.linkedin.com/in/joseantoniogarcia,ACCEPTED
2015/01/05 13:16:28 UTC,Android,Iñaki,Quenerapú,www.linkedin.com/in/quenerapu,ACCEPTED
2015/01/05 13:16:28 UTC,Código abierto,Iñaki,Quenerapú,www.linkedin.com/in/quenerapu,ACCEPTED
2015/01/05 13:16:28 UTC,HTML5,Iñaki,Quenerapú,www.linkedin.com/in/quenerapu,ACCEPTED
2015/01/05 13:16:28 UTC,MySQL,Iñaki,Quenerapú,www.linkedin.com/in/quenerapu,ACCEPTED
2015/01/05 13:16:28 UTC,WordPress,Iñaki,Quenerapú,www.linkedin.com/in/quenerapu,ACCEPTED
2015/01/05 08:50:31 UTC,Aplicaciones móviles,David,Rodríguez del Río,www.linkedin.com/in/davidrodriguezdelrio,ACCEPTED
2015/01/05 08:50:31 UTC,HTML5,David,Rodríguez del Río,www.linkedin.com/in/davidrodriguezdelrio,ACCEPTED
2015/01/05 08:50:31 UTC,jQuery,David,Rodríguez del Río,www.linkedin.com/in/davidrodriguezdelrio,ACCEPTED
2015/01/05 08:50:31 UTC,PHP,David,Rodríguez del Río,www.linkedin.com/in/davidrodriguezdelrio,ACCEPTED
2015/01/05 08:49:23 UTC,HTML 5,David,Rodríguez del Río,www.linkedin.com/in/davidrodriguezdelrio,ACCEPTED
2015/01/05 08:49:12 UTC,Android,David,Rodríguez del Río,www.linkedin.com/in/davidrodriguezdelrio,ACCEPTED
2015/01/05 08:49:11 UTC,Java,David,Rodríguez del Río,www.linkedin.com/in/davidrodriguezdelrio,ACCEPTED
2015/01/04 06:32:07 UTC,Desarrollo web,Marcos,Gómez Buceta,www.linkedin.com/in/mgomezbuceta,ACCEPTED
2015/01/01 19:24:31 UTC,jQuery,Marcos,Gómez Buceta,www.linkedin.com/in/mgomezbuceta,ACCEPTED
2014/12/31 13:03:08 UTC,Aplicaciones móviles,Jose Alberto,Obarrio Sánchez,www.linkedin.com/in/bertoobarrio,ACCEPTED
2014/12/31 13:03:08 UTC,HTML5,Jose Alberto,Obarrio Sánchez,www.linkedin.com/in/bertoobarrio,ACCEPTED
2014/12/31 13:03:08 UTC,Java,Jose Alberto,Obarrio Sánchez,www.linkedin.com/in/bertoobarrio,ACCEPTED
2014/12/31 13:03:08 UTC,jQuery,Jose Alberto,Obarrio Sánchez,www.linkedin.com/in/bertoobarrio,ACCEPTED
2014/12/31 13:03:08 UTC,PHP,Jose Alberto,Obarrio Sánchez,www.linkedin.com/in/bertoobarrio,ACCEPTED
2014/12/29 10:57:08 UTC,JavaScript,Jesús Ramón,Vidal Valdés,www.linkedin.com/in/jesús-ramón-vidal-valdés-38308370,ACCEPTED
2014/12/29 10:57:05 UTC,HTML 5,Jesús Ramón,Vidal Valdés,www.linkedin.com/in/jesús-ramón-vidal-valdés-38308370,ACCEPTED
2014/12/29 10:55:58 UTC,HTML5,Jesús Ramón,Vidal Valdés,www.linkedin.com/in/jesús-ramón-vidal-valdés-38308370,ACCEPTED
2014/12/29 10:55:57 UTC,jQuery,Jesús Ramón,Vidal Valdés,www.linkedin.com/in/jesús-ramón-vidal-valdés-38308370,ACCEPTED
2014/12/29 10:55:56 UTC,Aplicaciones móviles,Jesús Ramón,Vidal Valdés,www.linkedin.com/in/jesús-ramón-vidal-valdés-38308370,ACCEPTED
2014/12/29 10:55:24 UTC,Java,Jesús Ramón,Vidal Valdés,www.linkedin.com/in/jesús-ramón-vidal-valdés-38308370,ACCEPTED
2014/12/29 10:55:13 UTC,PHP,Jesús Ramón,Vidal Valdés,www.linkedin.com/in/jesús-ramón-vidal-valdés-38308370,ACCEPTED
2014/12/22 13:44:04 UTC,MySQL,Marcos,Gómez Buceta,www.linkedin.com/in/mgomezbuceta,ACCEPTED
2014/12/20 10:18:13 UTC,HTML,Iago,Lozano Núñez,www.linkedin.com/in/iagolozano,ACCEPTED
2014/12/18 16:47:16 UTC,JavaScript,Jaime,Barreiro Laredo,www.linkedin.com/in/jaimebarreiro,ACCEPTED
2014/12/16 15:07:27 UTC,Java EE,Iñaki,Quenerapú,www.linkedin.com/in/quenerapu,ACCEPTED
2014/12/15 13:03:14 UTC,JavaScript,José Luis,Merino,www.linkedin.com/in/jlmerino,ACCEPTED
2014/12/13 01:33:15 UTC,Java,Francisco Angel,Freire Montero,www.linkedin.com/in/francisco-angel-freire-montero-32911530,ACCEPTED
2014/12/13 01:32:30 UTC,jQuery,Francisco Angel,Freire Montero,www.linkedin.com/in/francisco-angel-freire-montero-32911530,ACCEPTED
2014/12/12 04:00:07 UTC,Aplicaciones móviles,Ramon Antonio,Parada,www.linkedin.com/in/brainsqueezer,ACCEPTED
2014/12/12 03:59:57 UTC,Mobile Applications,Ramon Antonio,Parada,www.linkedin.com/in/brainsqueezer,ACCEPTED
2014/12/10 13:24:36 UTC,Java,Miguel Angel,Molinero Alvarez,www.linkedin.com/in/miguel-angel-molinero-alvarez-7b004852,ACCEPTED
2014/12/09 16:42:37 UTC,HTML,Iñaki,Quenerapú,www.linkedin.com/in/quenerapu,ACCEPTED
2014/12/09 16:42:09 UTC,Aplicaciones móviles,Iñaki,Quenerapú,www.linkedin.com/in/quenerapu,ACCEPTED
2014/12/09 16:42:08 UTC,Linux,Iñaki,Quenerapú,www.linkedin.com/in/quenerapu,ACCEPTED
2014/12/09 14:59:46 UTC,Eclipse,Patricio Jose,Rodriguez Arias,www.linkedin.com/in/patricio-rodriguez-arias,ACCEPTED
2014/12/07 11:10:18 UTC,Desarrollo web,Isaac,Castro Fuentes,www.linkedin.com/in/isaacastro,ACCEPTED
2014/12/07 11:10:16 UTC,WordPress,Isaac,Castro Fuentes,www.linkedin.com/in/isaacastro,ACCEPTED
2014/12/07 11:10:09 UTC,Drupal,Isaac,Castro Fuentes,www.linkedin.com/in/isaacastro,ACCEPTED
2014/12/07 11:10:05 UTC,Web Development,Isaac,Castro Fuentes,www.linkedin.com/in/isaacastro,ACCEPTED
2014/12/07 11:10:04 UTC,Mobile Applications,Isaac,Castro Fuentes,www.linkedin.com/in/isaacastro,ACCEPTED
2014/12/07 11:10:01 UTC,PHP,Isaac,Castro Fuentes,www.linkedin.com/in/isaacastro,ACCEPTED
2014/12/07 11:10:01 UTC,Java,Isaac,Castro Fuentes,www.linkedin.com/in/isaacastro,ACCEPTED
2014/12/07 11:10:00 UTC,jQuery,Isaac,Castro Fuentes,www.linkedin.com/in/isaacastro,ACCEPTED
2014/12/07 11:09:59 UTC,JavaScript,Isaac,Castro Fuentes,www.linkedin.com/in/isaacastro,ACCEPTED
2014/12/07 11:09:58 UTC,HTML 5,Isaac,Castro Fuentes,www.linkedin.com/in/isaacastro,ACCEPTED
2014/12/07 11:09:56 UTC,Android,Isaac,Castro Fuentes,www.linkedin.com/in/isaacastro,ACCEPTED
2014/12/04 13:26:48 UTC,Mobile Programming,Iago,Lozano Núñez,www.linkedin.com/in/iagolozano,ACCEPTED
2014/12/01 22:02:38 UTC,Java EE,Antonio,Salmerón Bermúdez,www.linkedin.com/in/antonio-salmerón-bermúdez-96351b28,ACCEPTED
2014/12/01 22:01:20 UTC,Linux,Antonio,Salmerón Bermúdez,www.linkedin.com/in/antonio-salmerón-bermúdez-96351b28,ACCEPTED
2014/12/01 10:58:16 UTC,PHP,Marcos,Quintáns,www.linkedin.com/in/marcosquintans,ACCEPTED
2014/12/01 09:23:39 UTC,Desarrollo web,Iago,Lozano Núñez,www.linkedin.com/in/iagolozano,ACCEPTED
2014/11/24 20:14:25 UTC,jQuery,Ana,Argiz,www.linkedin.com/in/ana-argiz-8901b711,ACCEPTED
2014/11/24 20:14:20 UTC,JavaScript,Ana,Argiz,www.linkedin.com/in/ana-argiz-8901b711,ACCEPTED
2014/11/24 18:14:18 UTC,Desarrollo web,Jaime,Barreiro Laredo,www.linkedin.com/in/jaimebarreiro,ACCEPTED
2014/11/24 18:14:04 UTC,jQuery,Jaime,Barreiro Laredo,www.linkedin.com/in/jaimebarreiro,ACCEPTED
2014/11/21 04:22:33 UTC,Java,Jaime,Barreiro Laredo,www.linkedin.com/in/jaimebarreiro,ACCEPTED
2014/11/20 06:59:09 UTC,JavaScript,David,G. Lamas,www.linkedin.com/in/davidglezlamas,ACCEPTED
2014/11/19 12:08:26 UTC,JavaScript,Francisco Angel,Freire Montero,www.linkedin.com/in/francisco-angel-freire-montero-32911530,ACCEPTED
2014/11/18 08:08:04 UTC,Desarrollo web,Iñaki,Quenerapú,www.linkedin.com/in/quenerapu,ACCEPTED
2014/11/18 08:07:51 UTC,PHP,Iñaki,Quenerapú,www.linkedin.com/in/quenerapu,ACCEPTED
2014/11/18 08:07:48 UTC,Java,Iñaki,Quenerapú,www.linkedin.com/in/quenerapu,ACCEPTED
2014/11/18 00:32:00 UTC,jQuery,Jesús María,Cendán Vázquez,www.linkedin.com/in/jesuscendan,ACCEPTED
2014/11/18 00:31:02 UTC,PHP,Jesús María,Cendán Vázquez,www.linkedin.com/in/jesuscendan,ACCEPTED
2014/11/18 00:30:31 UTC,Java,Jesús María,Cendán Vázquez,www.linkedin.com/in/jesuscendan,ACCEPTED
2014/11/13 02:17:46 UTC,JavaScript,Jesús María,Cendán Vázquez,www.linkedin.com/in/jesuscendan,ACCEPTED
2014/11/10 14:07:52 UTC,JavaScript,José Ramón,Fernandez Leis,www.linkedin.com/in/josé-ramón-fernandez-leis-1bb37b43,ACCEPTED
2014/11/08 12:14:37 UTC,PHP,Jaime,Barreiro Laredo,www.linkedin.com/in/jaimebarreiro,ACCEPTED
2014/11/06 21:30:56 UTC,JavaScript,Patricio Jose,Rodriguez Arias,www.linkedin.com/in/patricio-rodriguez-arias,ACCEPTED
2014/11/04 08:20:17 UTC,PHP,Samuel,Jarque,www.linkedin.com/in/samuel-jarque-30141552,ACCEPTED
2014/10/30 09:43:14 UTC,PHP,Miguel Angel,Molinero Alvarez,www.linkedin.com/in/miguel-angel-molinero-alvarez-7b004852,ACCEPTED
2014/10/28 17:52:18 UTC,Java,Hernán,Rodríguez Martínez,www.linkedin.com/in/hernanrodriguez,ACCEPTED
2014/10/18 16:08:30 UTC,PHP,Javier,Mosquera Gómez,www.linkedin.com/in/javimos,ACCEPTED
2014/10/11 11:45:34 UTC,JavaScript,Juan Antonio,Mosquera Casais,www.linkedin.com/in/juan-antonio-mosquera-casais-147b4625,ACCEPTED
2014/10/11 07:54:05 UTC,Web Design,Iago,Lozano Núñez,www.linkedin.com/in/iagolozano,ACCEPTED
2014/10/11 07:53:48 UTC,jQuery,Iago,Lozano Núñez,www.linkedin.com/in/iagolozano,ACCEPTED
2014/10/11 07:53:40 UTC,Java,Iago,Lozano Núñez,www.linkedin.com/in/iagolozano,ACCEPTED
2014/10/11 07:53:29 UTC,HTML 5,Iago,Lozano Núñez,www.linkedin.com/in/iagolozano,ACCEPTED
2014/10/11 07:51:42 UTC,HTML5,Iago,Lozano Núñez,www.linkedin.com/in/iagolozano,ACCEPTED
2014/10/11 07:49:37 UTC,JavaScript,Iago,Lozano Núñez,www.linkedin.com/in/iagolozano,ACCEPTED
2014/10/10 22:35:03 UTC,Java,Ana,Argiz,www.linkedin.com/in/ana-argiz-8901b711,ACCEPTED
2014/10/09 14:05:48 UTC,JavaScript,Iñaki,Quenerapú,www.linkedin.com/in/quenerapu,ACCEPTED
2014/09/26 11:53:28 UTC,Mobile Applications,Pablo,Formoso Estrada,www.linkedin.com/in/pabloformoso,ACCEPTED
2014/09/26 11:53:27 UTC,HTML 5,Pablo,Formoso Estrada,www.linkedin.com/in/pabloformoso,ACCEPTED
2014/09/26 11:53:26 UTC,PHP,Pablo,Formoso Estrada,www.linkedin.com/in/pabloformoso,ACCEPTED
2014/09/02 19:50:47 UTC,Drupal,Javier,Pena,www.linkedin.com/in/javipena,ACCEPTED
2014/09/01 11:22:17 UTC,HTML5,Héctor,Anllo Yebra,www.linkedin.com/in/anllo,ACCEPTED
2014/07/17 08:54:17 UTC,Mobile Applications,Fran,Diéguez,www.linkedin.com/in/frandieguez,ACCEPTED
2014/07/16 12:08:50 UTC,Mobile Applications,Fabian,Lopez Coloma,www.linkedin.com/in/fabianlopezcoloma,ACCEPTED
2014/06/25 06:32:33 UTC,JavaScript,Simon,Neira,www.linkedin.com/in/simonneira,ACCEPTED
2014/06/25 06:32:30 UTC,Web Development,Simon,Neira,www.linkedin.com/in/simonneira,ACCEPTED
2014/06/25 06:32:30 UTC,HTML 5,Simon,Neira,www.linkedin.com/in/simonneira,ACCEPTED
2014/06/25 06:32:28 UTC,jQuery,Simon,Neira,www.linkedin.com/in/simonneira,ACCEPTED
2014/06/25 06:32:25 UTC,PHP,Simon,Neira,www.linkedin.com/in/simonneira,ACCEPTED
2014/06/25 06:32:24 UTC,Java,Simon,Neira,www.linkedin.com/in/simonneira,ACCEPTED
2014/06/25 06:32:03 UTC,Open Source,Simon,Neira,www.linkedin.com/in/simonneira,ACCEPTED
2014/06/25 06:32:00 UTC,Web Services,Simon,Neira,www.linkedin.com/in/simonneira,ACCEPTED
2014/06/25 06:31:28 UTC,iPhone,Simon,Neira,www.linkedin.com/in/simonneira,ACCEPTED
2014/06/25 06:31:26 UTC,Mobile Applications,Simon,Neira,www.linkedin.com/in/simonneira,ACCEPTED
2014/06/25 06:31:20 UTC,Android,Simon,Neira,www.linkedin.com/in/simonneira,ACCEPTED
2014/04/24 17:01:29 UTC,Mobile Applications,Tomás,Fernández Pena,www.linkedin.com/in/tfpena,ACCEPTED
2014/04/03 13:08:53 UTC,HTML 5,Lucas,Vieites,www.linkedin.com/in/lucasvieites,ACCEPTED
2014/03/17 11:24:56 UTC,Android,David,G. Lamas,www.linkedin.com/in/davidglezlamas,ACCEPTED
2014/02/23 13:38:17 UTC,Enterprise Architect,Carlos,Antelo,www.linkedin.com/in/carlosantelo,ACCEPTED
2014/02/23 13:38:06 UTC,JSP,Carlos,Antelo,www.linkedin.com/in/carlosantelo,ACCEPTED
2014/02/23 13:38:02 UTC,BPEL,Carlos,Antelo,www.linkedin.com/in/carlosantelo,ACCEPTED
2014/02/23 13:37:46 UTC,SOA,Carlos,Antelo,www.linkedin.com/in/carlosantelo,ACCEPTED
2014/02/23 13:37:43 UTC,Web Services,Carlos,Antelo,www.linkedin.com/in/carlosantelo,ACCEPTED
2014/02/23 13:37:30 UTC,Hibernate,Carlos,Antelo,www.linkedin.com/in/carlosantelo,ACCEPTED
2014/02/23 13:37:16 UTC,UML,Carlos,Antelo,www.linkedin.com/in/carlosantelo,ACCEPTED
2014/02/23 13:37:13 UTC,J2EE,Carlos,Antelo,www.linkedin.com/in/carlosantelo,ACCEPTED
2014/02/23 13:37:02 UTC,Open Source,Carlos,Antelo,www.linkedin.com/in/carlosantelo,ACCEPTED
2014/02/23 13:36:46 UTC,NetBeans,Carlos,Antelo,www.linkedin.com/in/carlosantelo,ACCEPTED
2014/02/23 13:36:30 UTC,Eclipse,Carlos,Antelo,www.linkedin.com/in/carlosantelo,ACCEPTED
2014/02/23 13:36:16 UTC,Web Development,Carlos,Antelo,www.linkedin.com/in/carlosantelo,ACCEPTED
2014/02/23 13:35:46 UTC,HTML 5,Carlos,Antelo,www.linkedin.com/in/carlosantelo,ACCEPTED
2014/02/23 13:35:41 UTC,Java,Carlos,Antelo,www.linkedin.com/in/carlosantelo,ACCEPTED
2014/02/14 15:41:18 UTC,Web Development,David,G. Lamas,www.linkedin.com/in/davidglezlamas,ACCEPTED
2014/02/14 15:41:04 UTC,PHP,David,G. Lamas,www.linkedin.com/in/davidglezlamas,ACCEPTED
2014/02/10 16:39:05 UTC,NetBeans,Alejandro,Álvarez Corujo,www.linkedin.com/in/alejandro-álvarez-corujo-6b215689,ACCEPTED
2014/02/10 16:39:03 UTC,Drupal,Alejandro,Álvarez Corujo,www.linkedin.com/in/alejandro-álvarez-corujo-6b215689,ACCEPTED
2014/02/10 16:39:02 UTC,WordPress,Alejandro,Álvarez Corujo,www.linkedin.com/in/alejandro-álvarez-corujo-6b215689,ACCEPTED
2014/02/10 16:39:02 UTC,MySQL,Alejandro,Álvarez Corujo,www.linkedin.com/in/alejandro-álvarez-corujo-6b215689,ACCEPTED
2014/02/10 16:39:01 UTC,Wordpress Design,Alejandro,Álvarez Corujo,www.linkedin.com/in/alejandro-álvarez-corujo-6b215689,ACCEPTED
2014/02/10 16:39:00 UTC,Web Design,Alejandro,Álvarez Corujo,www.linkedin.com/in/alejandro-álvarez-corujo-6b215689,ACCEPTED
2014/02/10 16:38:59 UTC,Mobile Programming,Alejandro,Álvarez Corujo,www.linkedin.com/in/alejandro-álvarez-corujo-6b215689,ACCEPTED
2014/02/10 16:38:55 UTC,Open Source,Alejandro,Álvarez Corujo,www.linkedin.com/in/alejandro-álvarez-corujo-6b215689,ACCEPTED
2014/02/10 16:38:50 UTC,HTML5,Alejandro,Álvarez Corujo,www.linkedin.com/in/alejandro-álvarez-corujo-6b215689,ACCEPTED
2014/02/10 16:38:45 UTC,Eclipse,Alejandro,Álvarez Corujo,www.linkedin.com/in/alejandro-álvarez-corujo-6b215689,ACCEPTED
2014/02/10 16:38:45 UTC,JavaScript,Alejandro,Álvarez Corujo,www.linkedin.com/in/alejandro-álvarez-corujo-6b215689,ACCEPTED
2014/02/10 16:38:44 UTC,iPhone,Alejandro,Álvarez Corujo,www.linkedin.com/in/alejandro-álvarez-corujo-6b215689,ACCEPTED
2014/02/10 16:38:44 UTC,Mobile Applications,Alejandro,Álvarez Corujo,www.linkedin.com/in/alejandro-álvarez-corujo-6b215689,ACCEPTED
2014/02/10 16:38:44 UTC,Web Development,Alejandro,Álvarez Corujo,www.linkedin.com/in/alejandro-álvarez-corujo-6b215689,ACCEPTED
2014/02/10 16:38:43 UTC,HTML 5,Alejandro,Álvarez Corujo,www.linkedin.com/in/alejandro-álvarez-corujo-6b215689,ACCEPTED
2014/02/10 16:38:42 UTC,PHP,Alejandro,Álvarez Corujo,www.linkedin.com/in/alejandro-álvarez-corujo-6b215689,ACCEPTED
2014/02/10 16:38:42 UTC,Java,Alejandro,Álvarez Corujo,www.linkedin.com/in/alejandro-álvarez-corujo-6b215689,ACCEPTED
2014/02/10 16:38:41 UTC,Android,Alejandro,Álvarez Corujo,www.linkedin.com/in/alejandro-álvarez-corujo-6b215689,ACCEPTED
2014/02/10 16:38:41 UTC,jQuery,Alejandro,Álvarez Corujo,www.linkedin.com/in/alejandro-álvarez-corujo-6b215689,ACCEPTED
2014/02/01 19:05:24 UTC,HTML 5,Fernando,Martinez-Gil Gutierrez de la Camara,www.linkedin.com/in/fernandomartinezgil,ACCEPTED
2014/01/24 07:56:15 UTC,Java,Patricio Jose,Rodriguez Arias,www.linkedin.com/in/patricio-rodriguez-arias,ACCEPTED
2014/01/24 07:56:02 UTC,Android,Patricio Jose,Rodriguez Arias,www.linkedin.com/in/patricio-rodriguez-arias,ACCEPTED
2014/01/22 21:08:19 UTC,Web Development,Javier,Pena,www.linkedin.com/in/javipena,ACCEPTED
2014/01/22 21:03:27 UTC,HTML 5,Javier,Pena,www.linkedin.com/in/javipena,ACCEPTED
2013/11/28 08:24:23 UTC,Web Development,Ivar,Rekve,www.linkedin.com/in/ivarrekve,ACCEPTED
2013/11/12 11:52:03 UTC,HTML 5,Ivar,Rekve,www.linkedin.com/in/ivarrekve,ACCEPTED
2013/10/31 11:49:48 UTC,Mobile Applications,David,G. Lamas,www.linkedin.com/in/davidglezlamas,ACCEPTED
2013/10/30 00:22:06 UTC,jQuery,Jesús,López Búa,www.linkedin.com/in/jesuslopezbua,ACCEPTED
2013/10/22 10:25:56 UTC,PHP,Jose,Cutrín,www.linkedin.com/in/cutrin,ACCEPTED
2013/10/22 10:25:42 UTC,MySQL,Jose,Cutrín,www.linkedin.com/in/cutrin,ACCEPTED
2013/10/22 10:25:32 UTC,Drupal,Jose,Cutrín,www.linkedin.com/in/cutrin,ACCEPTED
2013/10/22 10:25:30 UTC,Web Development,Jose,Cutrín,www.linkedin.com/in/cutrin,ACCEPTED
2013/10/18 15:47:36 UTC,HTML 5,Iñaki,Quenerapú,www.linkedin.com/in/quenerapu,ACCEPTED
2013/10/18 15:45:31 UTC,jQuery,Iñaki,Quenerapú,www.linkedin.com/in/quenerapu,ACCEPTED
2013/10/16 21:40:41 UTC,Mobile Applications,Pablo,Roca Rozas,www.linkedin.com/in/pablorocarozas,ACCEPTED
2013/10/16 21:40:39 UTC,iPhone,Pablo,Roca Rozas,www.linkedin.com/in/pablorocarozas,ACCEPTED
2013/09/25 11:32:22 UTC,Web Development,Arturo,Coego,www.linkedin.com/in/arturocoego,ACCEPTED
2013/09/21 09:05:24 UTC,Java,Mia,Illodo,www.linkedin.com/in/miaillodo,ACCEPTED
2013/09/21 09:05:15 UTC,Drupal,Mia,Illodo,www.linkedin.com/in/miaillodo,ACCEPTED
2013/09/21 09:05:09 UTC,HTML5,Mia,Illodo,www.linkedin.com/in/miaillodo,ACCEPTED
2013/09/21 09:05:07 UTC,iPhone,Mia,Illodo,www.linkedin.com/in/miaillodo,ACCEPTED
2013/09/21 09:05:06 UTC,JavaScript,Mia,Illodo,www.linkedin.com/in/miaillodo,ACCEPTED
2013/09/21 09:05:05 UTC,HTML 5,Mia,Illodo,www.linkedin.com/in/miaillodo,ACCEPTED
2013/09/21 09:05:02 UTC,PHP,Mia,Illodo,www.linkedin.com/in/miaillodo,ACCEPTED
2013/09/21 09:05:01 UTC,Android,Mia,Illodo,www.linkedin.com/in/miaillodo,ACCEPTED
2013/09/05 17:02:22 UTC,Drupal,Antonio,Salmerón Bermúdez,www.linkedin.com/in/antonio-salmerón-bermúdez-96351b28,ACCEPTED
2013/09/05 17:02:19 UTC,Web Design,Antonio,Salmerón Bermúdez,www.linkedin.com/in/antonio-salmerón-bermúdez-96351b28,ACCEPTED
2013/09/05 17:02:17 UTC,Wordpress Design,Antonio,Salmerón Bermúdez,www.linkedin.com/in/antonio-salmerón-bermúdez-96351b28,ACCEPTED
2013/09/05 17:02:07 UTC,Web Development,Antonio,Salmerón Bermúdez,www.linkedin.com/in/antonio-salmerón-bermúdez-96351b28,ACCEPTED
2013/09/05 17:02:06 UTC,JavaScript,Antonio,Salmerón Bermúdez,www.linkedin.com/in/antonio-salmerón-bermúdez-96351b28,ACCEPTED
2013/09/05 17:02:05 UTC,HTML 5,Antonio,Salmerón Bermúdez,www.linkedin.com/in/antonio-salmerón-bermúdez-96351b28,ACCEPTED
2013/09/05 17:02:04 UTC,Mobile Applications,Antonio,Salmerón Bermúdez,www.linkedin.com/in/antonio-salmerón-bermúdez-96351b28,ACCEPTED
2013/09/05 17:02:03 UTC,Eclipse,Antonio,Salmerón Bermúdez,www.linkedin.com/in/antonio-salmerón-bermúdez-96351b28,ACCEPTED
2013/09/05 17:02:01 UTC,PHP,Antonio,Salmerón Bermúdez,www.linkedin.com/in/antonio-salmerón-bermúdez-96351b28,ACCEPTED
2013/09/05 17:01:59 UTC,Android,Antonio,Salmerón Bermúdez,www.linkedin.com/in/antonio-salmerón-bermúdez-96351b28,ACCEPTED
2013/09/05 17:01:59 UTC,Java,Antonio,Salmerón Bermúdez,www.linkedin.com/in/antonio-salmerón-bermúdez-96351b28,ACCEPTED
2013/09/05 17:01:58 UTC,jQuery,Antonio,Salmerón Bermúdez,www.linkedin.com/in/antonio-salmerón-bermúdez-96351b28,ACCEPTED
2013/09/05 09:49:27 UTC,Mobile Applications,Carolina,Barreiro Cancela,www.linkedin.com/in/droideca,ACCEPTED
2013/09/05 09:49:12 UTC,Java,Carolina,Barreiro Cancela,www.linkedin.com/in/droideca,ACCEPTED
2013/09/05 09:49:01 UTC,Android,Carolina,Barreiro Cancela,www.linkedin.com/in/droideca,ACCEPTED
2013/08/11 09:41:16 UTC,HTML,Héctor,Anllo Yebra,www.linkedin.com/in/anllo,ACCEPTED
2013/08/08 22:21:22 UTC,Mobile Programming,Carlos,García García,www.linkedin.com/in/carlisgg,ACCEPTED
2013/08/08 22:21:10 UTC,iPhone,Carlos,García García,www.linkedin.com/in/carlisgg,ACCEPTED
2013/08/08 22:21:00 UTC,Mobile Applications,Carlos,García García,www.linkedin.com/in/carlisgg,ACCEPTED
2013/08/08 22:20:30 UTC,Eclipse,Carlos,García García,www.linkedin.com/in/carlisgg,ACCEPTED
2013/08/08 22:20:26 UTC,Java,Carlos,García García,www.linkedin.com/in/carlisgg,ACCEPTED
2013/08/08 22:20:24 UTC,Android,Carlos,García García,www.linkedin.com/in/carlisgg,ACCEPTED
2013/06/26 10:27:53 UTC,PHP,Ivar,Rekve,www.linkedin.com/in/ivarrekve,ACCEPTED
2013/06/25 11:36:11 UTC,Web Development,Martiño,Suárez Fraga,www.linkedin.com/in/martiño-suárez-fraga,ACCEPTED
2013/06/25 11:36:01 UTC,WordPress,Martiño,Suárez Fraga,www.linkedin.com/in/martiño-suárez-fraga,ACCEPTED
2013/05/22 16:57:05 UTC,Java,Jose Angel,Franco Navarro,www.linkedin.com/in/jose-angel-franco-navarro-702a5259,ACCEPTED
2013/05/21 08:36:04 UTC,Linux,Lucas,Vieites,www.linkedin.com/in/lucasvieites,ACCEPTED
2013/05/16 10:53:20 UTC,PHP,Martiño,Suárez Fraga,www.linkedin.com/in/martiño-suárez-fraga,ACCEPTED
2013/05/16 10:53:20 UTC,Android,Martiño,Suárez Fraga,www.linkedin.com/in/martiño-suárez-fraga,ACCEPTED
2013/05/16 10:53:20 UTC,Mobile Applications,Martiño,Suárez Fraga,www.linkedin.com/in/martiño-suárez-fraga,ACCEPTED
2013/05/16 10:53:20 UTC,HTML 5,Martiño,Suárez Fraga,www.linkedin.com/in/martiño-suárez-fraga,ACCEPTED
2013/05/16 10:53:20 UTC,jQuery,Martiño,Suárez Fraga,www.linkedin.com/in/martiño-suárez-fraga,ACCEPTED
2013/05/07 13:23:40 UTC,MySQL,Fran,Diéguez,www.linkedin.com/in/frandieguez,ACCEPTED
2013/04/30 07:53:52 UTC,HTML 5,David,G. Lamas,www.linkedin.com/in/davidglezlamas,ACCEPTED
2013/04/23 19:15:37 UTC,WordPress,Lucas,Vieites,www.linkedin.com/in/lucasvieites,ACCEPTED
2013/04/11 09:55:46 UTC,jQuery,Fran,Diéguez,www.linkedin.com/in/frandieguez,ACCEPTED
2013/04/11 09:55:46 UTC,PHP,Fran,Diéguez,www.linkedin.com/in/frandieguez,ACCEPTED
2013/04/05 17:56:03 UTC,jQuery,José Ramón,Varela Pernas,www.linkedin.com/in/jvarper,ACCEPTED
2013/04/05 17:55:53 UTC,iPhone,José Ramón,Varela Pernas,www.linkedin.com/in/jvarper,ACCEPTED
2013/03/21 10:14:08 UTC,Android,Marco,Gándara Rey,www.linkedin.com/in/marcogandara,ACCEPTED
2013/03/18 11:37:00 UTC,jQuery,Ivar,Rekve,www.linkedin.com/in/ivarrekve,ACCEPTED
2013/03/14 08:10:43 UTC,jQuery,Lucas,Vieites,www.linkedin.com/in/lucasvieites,ACCEPTED
2013/03/05 18:13:47 UTC,HTML5,Pablo,Formoso Estrada,www.linkedin.com/in/pabloformoso,ACCEPTED
2013/03/05 18:13:45 UTC,jQuery,Pablo,Formoso Estrada,www.linkedin.com/in/pabloformoso,ACCEPTED
2013/03/05 18:13:36 UTC,Android,Pablo,Formoso Estrada,www.linkedin.com/in/pabloformoso,ACCEPTED
2013/03/05 18:13:34 UTC,Java,Pablo,Formoso Estrada,www.linkedin.com/in/pabloformoso,ACCEPTED
2013/02/22 11:38:19 UTC,Mobile Applications,Lucas,Vieites,www.linkedin.com/in/lucasvieites,ACCEPTED
2013/02/05 20:54:49 UTC,Play Framework,Javier,Pena,www.linkedin.com/in/javipena,ACCEPTED
2013/02/05 20:54:46 UTC,UML,Javier,Pena,www.linkedin.com/in/javipena,ACCEPTED
2013/02/05 20:54:37 UTC,Appcelerator Titanium,Javier,Pena,www.linkedin.com/in/javipena,ACCEPTED
2013/02/05 20:54:32 UTC,J2EE,Javier,Pena,www.linkedin.com/in/javipena,ACCEPTED
2013/02/05 20:54:30 UTC,Xcode,Javier,Pena,www.linkedin.com/in/javipena,ACCEPTED
2013/02/05 20:54:22 UTC,iPhone,Javier,Pena,www.linkedin.com/in/javipena,ACCEPTED
2013/02/05 20:54:19 UTC,jQuery,Javier,Pena,www.linkedin.com/in/javipena,ACCEPTED
2013/02/05 20:54:18 UTC,PHP,Javier,Pena,www.linkedin.com/in/javipena,ACCEPTED
2013/02/05 20:54:17 UTC,JavaScript,Javier,Pena,www.linkedin.com/in/javipena,ACCEPTED
2013/02/05 20:54:16 UTC,Java,Javier,Pena,www.linkedin.com/in/javipena,ACCEPTED
2013/02/05 20:54:14 UTC,Android,Javier,Pena,www.linkedin.com/in/javipena,ACCEPTED
2013/01/22 15:25:03 UTC,JavaScript,Lucas,Vieites,www.linkedin.com/in/lucasvieites,ACCEPTED
2013/01/09 11:56:16 UTC,jQuery,Marco,Gándara Rey,www.linkedin.com/in/marcogandara,ACCEPTED
2012/12/04 11:23:33 UTC,Eclipse,Pedro,Montoto,www.linkedin.com/in/pedromontoto,ACCEPTED
2012/12/04 11:23:32 UTC,NetBeans,Pedro,Montoto,www.linkedin.com/in/pedromontoto,ACCEPTED
2012/12/04 11:23:30 UTC,Android,Pedro,Montoto,www.linkedin.com/in/pedromontoto,ACCEPTED
2012/11/27 22:57:47 UTC,jQuery,Óscar,Casal Sánchez,www.linkedin.com/in/óscar-casal-sánchez-a2aa847,ACCEPTED
2012/11/02 02:38:42 UTC,Java,Adrian,Villa Bermudez,www.linkedin.com/in/adrian-villa-bermudez-8b086126,ACCEPTED
2012/11/02 02:38:32 UTC,PHP,Adrian,Villa Bermudez,www.linkedin.com/in/adrian-villa-bermudez-8b086126,ACCEPTED
