Endorsement Date,Skill Name,Endorsee First Name,Endorsee Last Name,Endorsee Public Url,Endorsement Status
2023/04/18 15:08:59 UTC,Xcode,Igor,Gorodnikov,www.linkedin.com/in/igor-gorodnikov-14b54384,ACCEPTED
2023/04/18 15:08:53 UTC,Swift,Igor,Gorodnikov,www.linkedin.com/in/igor-gorodnikov-14b54384,ACCEPTED
2023/04/18 15:08:50 UTC,iOS Development,Igor,Gorodnikov,www.linkedin.com/in/igor-gorodnikov-14b54384,ACCEPTED
2021/09/14 20:41:59 UTC,Web Development,Olga,Maksymova,www.linkedin.com/in/olga-maksymova,ACCEPTED
2021/09/01 11:39:06 UTC,Agile Methodologies,Ankeeta,Pani,www.linkedin.com/in/ankeeta-pani,ACCEPTED
2020/09/26 18:53:11 UTC,Scrum,Marco,Mulder,www.linkedin.com/in/marcomulder,ACCEPTED
2017/10/30 13:35:02 UTC,Kubernetes,Bjorn,Mooijekind,www.linkedin.com/in/bjornmooijekind,ACCEPTED
2017/10/30 13:34:59 UTC,druid,Bjorn,Mooijekind,www.linkedin.com/in/bjornmooijekind,ACCEPTED
2017/10/20 12:13:35 UTC,Analysis,Ignas,van den Einde,www.linkedin.com/in/ignasvandeneinde,ACCEPTED
2017/10/20 12:13:13 UTC,Business Intelligence,Ignas,van den Einde,www.linkedin.com/in/ignasvandeneinde,ACCEPTED
2017/10/20 12:12:58 UTC,Human Resources,Brenda,Szongoth,www.linkedin.com/in/brendaszongoth,ACCEPTED
2017/10/20 12:12:50 UTC,International Recruitment,Brenda,Szongoth,www.linkedin.com/in/brendaszongoth,ACCEPTED
2017/10/20 12:12:45 UTC,English,Brenda,Szongoth,www.linkedin.com/in/brendaszongoth,ACCEPTED
2017/10/20 12:12:43 UTC,HR Operations,Brenda,Szongoth,www.linkedin.com/in/brendaszongoth,ACCEPTED
2017/10/20 12:12:36 UTC,Recruitment,Brenda,Szongoth,www.linkedin.com/in/brendaszongoth,ACCEPTED
2017/07/01 21:31:31 UTC,Sports,Alberto,Gómez Sánchez,www.linkedin.com/in/alberto-gómez-sánchez-a5532257,ACCEPTED
2017/07/01 21:30:38 UTC,Spanish,Alberto,Gómez Sánchez,www.linkedin.com/in/alberto-gómez-sánchez-a5532257,ACCEPTED
2017/07/01 21:30:34 UTC,Accounting,Alberto,Gómez Sánchez,www.linkedin.com/in/alberto-gómez-sánchez-a5532257,ACCEPTED
2017/07/01 21:30:23 UTC,SAP,Alberto,Gómez Sánchez,www.linkedin.com/in/alberto-gómez-sánchez-a5532257,ACCEPTED
2017/07/01 21:30:14 UTC,Italian,Alberto,Gómez Sánchez,www.linkedin.com/in/alberto-gómez-sánchez-a5532257,ACCEPTED
2017/07/01 21:30:08 UTC,French,Alberto,Gómez Sánchez,www.linkedin.com/in/alberto-gómez-sánchez-a5532257,ACCEPTED
2017/04/20 14:00:20 UTC,Scrum,Bjorn,Mooijekind,www.linkedin.com/in/bjornmooijekind,ACCEPTED
2017/04/20 14:00:15 UTC,Docker,Bjorn,Mooijekind,www.linkedin.com/in/bjornmooijekind,ACCEPTED
2017/02/21 22:53:32 UTC,OOP,Bjorn,Mooijekind,www.linkedin.com/in/bjornmooijekind,ACCEPTED
2017/02/21 22:53:26 UTC,Design Patterns,Bjorn,Mooijekind,www.linkedin.com/in/bjornmooijekind,ACCEPTED
2017/02/21 22:53:02 UTC,APIs,Bjorn,Mooijekind,www.linkedin.com/in/bjornmooijekind,ACCEPTED
2016/12/14 14:30:50 UTC,Web Design,Florian,Laroye,www.linkedin.com/in/florianlaroye,PENDING
2016/12/14 14:30:42 UTC,Web Design,Adrián,Mato Gondelle,www.linkedin.com/in/adrianmg,ACCEPTED
2016/12/14 14:30:36 UTC,Open Source Software,Alejandro,Feijóo Fraga,www.linkedin.com/in/alfeijoo,ACCEPTED
2016/12/14 14:30:31 UTC,iOS,Emiel,Lensink,www.linkedin.com/in/emiell,ACCEPTED
2016/12/14 14:30:27 UTC,PHP,Aleksandar,Aleksandrov,www.linkedin.com/in/agaleksandrov,ACCEPTED
2016/12/14 14:30:11 UTC,Mobile Applications,Marnix,van Eerde,www.linkedin.com/in/marnixvaneerde,ACCEPTED
2016/12/14 14:30:09 UTC,Web Design,Marnix,van Eerde,www.linkedin.com/in/marnixvaneerde,ACCEPTED
2016/12/14 14:28:59 UTC,XML,Alejandro,López González,www.linkedin.com/in/alejandro-lópez-gonzález-7668375,ACCEPTED
2016/12/14 14:28:58 UTC,Android,Georgios,Fragkis,www.linkedin.com/in/georgios-fragkis-9215a5a5,ACCEPTED
2016/12/14 14:28:51 UTC,Mobile Applications,Lars,Petersen,www.linkedin.com/in/lkpetersen,ACCEPTED
2016/11/21 08:51:40 UTC,Business Development,Stijn,Huijsmans,www.linkedin.com/in/stijn-huijsmans-164b707,ACCEPTED
2016/11/21 08:51:36 UTC,Creative Concept Design,Stijn,Huijsmans,www.linkedin.com/in/stijn-huijsmans-164b707,ACCEPTED
2016/11/21 08:51:34 UTC,Online Marketing,Stijn,Huijsmans,www.linkedin.com/in/stijn-huijsmans-164b707,ACCEPTED
2016/11/21 08:51:33 UTC,Digital Marketing,Stijn,Huijsmans,www.linkedin.com/in/stijn-huijsmans-164b707,ACCEPTED
2016/11/21 08:51:32 UTC,New Business Development,Stijn,Huijsmans,www.linkedin.com/in/stijn-huijsmans-164b707,ACCEPTED
2016/11/21 08:51:30 UTC,E-commerce,Stijn,Huijsmans,www.linkedin.com/in/stijn-huijsmans-164b707,ACCEPTED
2016/11/08 22:05:38 UTC,iOS,Nermin,Turkovic Imamovic,www.linkedin.com/in/nermin-turkovic-imamovic-1279586b,ACCEPTED
2016/11/08 22:05:34 UTC,Android,Nermin,Turkovic Imamovic,www.linkedin.com/in/nermin-turkovic-imamovic-1279586b,ACCEPTED
2016/11/08 22:05:30 UTC,Java,Nermin,Turkovic Imamovic,www.linkedin.com/in/nermin-turkovic-imamovic-1279586b,ACCEPTED
2016/10/17 11:36:12 UTC,Open Source,Óscar,Casal Sánchez,www.linkedin.com/in/óscar-casal-sánchez-a2aa847,ACCEPTED
2016/10/17 11:36:11 UTC,MySQL,Óscar,Casal Sánchez,www.linkedin.com/in/óscar-casal-sánchez-a2aa847,ACCEPTED
2016/10/17 11:36:07 UTC,Bash,Óscar,Casal Sánchez,www.linkedin.com/in/óscar-casal-sánchez-a2aa847,ACCEPTED
2016/10/17 11:36:06 UTC,Debian,Óscar,Casal Sánchez,www.linkedin.com/in/óscar-casal-sánchez-a2aa847,ACCEPTED
2016/10/17 11:36:05 UTC,Linux,Óscar,Casal Sánchez,www.linkedin.com/in/óscar-casal-sánchez-a2aa847,ACCEPTED
2016/10/13 10:56:02 UTC,Mobile Advertising,Malin,Larsson,www.linkedin.com/in/malinmlarsson,ACCEPTED
2016/10/13 10:55:54 UTC,Affiliate Marketing,Malin,Larsson,www.linkedin.com/in/malinmlarsson,ACCEPTED
2016/10/13 10:55:53 UTC,Online Advertising,Malin,Larsson,www.linkedin.com/in/malinmlarsson,ACCEPTED
2016/10/06 14:55:57 UTC,Responsive Web Design,Niek,Kruse,www.linkedin.com/in/niekkruse,ACCEPTED
2016/09/29 19:53:35 UTC,Java,Pablo,Elizalde,www.linkedin.com/in/pabloelizalde,ACCEPTED
2016/07/31 12:38:48 UTC,Advertising,Genevieve,Finck,www.linkedin.com/in/genevieve-finck-2b56478,ACCEPTED
2016/07/31 12:38:46 UTC,Mobile Devices,Pablo,Elizalde,www.linkedin.com/in/pabloelizalde,ACCEPTED
2016/05/31 14:04:48 UTC,Online Marketing,Daan,Boersma,www.linkedin.com/in/fdboersma,ACCEPTED
2016/04/20 22:31:21 UTC,Online Advertising,Claire,Mutsaerts,www.linkedin.com/in/clairemutsaerts,ACCEPTED
2016/04/20 22:30:33 UTC,Web Development,Paul,Reijnierse,www.linkedin.com/in/paulreijnierse,ACCEPTED
2016/04/20 22:30:27 UTC,PPC,Jet,Patel,www.linkedin.com/in/jetpatel,ACCEPTED
2016/04/20 22:30:22 UTC,Software Engineering,Niek,Kruse,www.linkedin.com/in/niekkruse,ACCEPTED
2016/04/20 22:30:21 UTC,Online Marketing,Elies,van Willenswaard,www.linkedin.com/in/eliesvanwillenswaard,ACCEPTED
2016/04/20 22:30:15 UTC,Online Marketing,Joost,Ligtvoet,www.linkedin.com/in/joostligtvoet,PENDING
2016/04/20 22:30:13 UTC,Online Advertising,Mathijs,Kortland,www.linkedin.com/in/mathijs-kortland-38852118,ACCEPTED
2016/04/20 22:30:12 UTC,Digital Marketing,Daan,Boersma,www.linkedin.com/in/fdboersma,ACCEPTED
2016/04/20 22:30:05 UTC,Digital Marketing,Jochem,Gratama ,www.linkedin.com/in/jgratama,ACCEPTED
2016/04/20 22:29:57 UTC,User Experience,George,Koultouridis,www.linkedin.com/in/george-koultouridis,ACCEPTED
2016/04/20 22:29:55 UTC,Interaction Design,Lars,Petersen,www.linkedin.com/in/lkpetersen,ACCEPTED
2016/04/20 22:29:52 UTC,Team Leadership,Camilo,Ameijeiras,www.linkedin.com/in/cameijei,ACCEPTED
2016/04/20 22:29:36 UTC,Java,Erik,Briseid Rodríguez,www.linkedin.com/in/erikbriseid,ACCEPTED
2016/04/20 22:29:34 UTC,Interaction Design,Marnix,van Eerde,www.linkedin.com/in/marnixvaneerde,ACCEPTED
2016/04/20 22:29:27 UTC,User Experience,Marnix,van Eerde,www.linkedin.com/in/marnixvaneerde,ACCEPTED
2016/04/20 22:29:26 UTC,Java,José,Doval González,www.linkedin.com/in/pepellou,ACCEPTED
2016/04/20 22:29:20 UTC,iPhone,Pablo,Elizalde,www.linkedin.com/in/pabloelizalde,ACCEPTED
2016/04/20 22:29:19 UTC,Chemistry,Santi,Dominguez,www.linkedin.com/in/santi-dominguez-981b691b,ACCEPTED
2016/04/20 22:29:09 UTC,Mobile Marketing,Tal,Burdman,www.linkedin.com/in/talburdman,ACCEPTED
2016/04/20 22:29:03 UTC,Spanish,Martiño,Suárez Fraga,www.linkedin.com/in/martiño-suárez-fraga,ACCEPTED
2016/04/20 22:29:02 UTC,Java,Luís Pedro,Lemos,www.linkedin.com/in/lplemos,ACCEPTED
2016/04/20 22:29:00 UTC,Sourcing,Stanley,Waccary,www.linkedin.com/in/stanleywaccary,ACCEPTED
2016/04/20 22:28:58 UTC,Social Media Marketing,María,Yáñez,www.linkedin.com/in/mariayanez,ACCEPTED
2016/04/20 22:28:51 UTC,Online Marketing,Benjamin,Pomerantz,www.linkedin.com/in/bpomerantz,ACCEPTED
2016/04/20 22:28:50 UTC,MySQL,Yariel,Ramos Moreno,www.linkedin.com/in/yramosm,ACCEPTED
2016/04/20 22:27:20 UTC,Affiliate Marketing,Genevieve,Finck,www.linkedin.com/in/genevieve-finck-2b56478,ACCEPTED
2016/04/20 22:27:20 UTC,Lead Generation,Genevieve,Finck,www.linkedin.com/in/genevieve-finck-2b56478,ACCEPTED
2016/04/20 22:27:20 UTC,Mobile Advertising,Genevieve,Finck,www.linkedin.com/in/genevieve-finck-2b56478,ACCEPTED
2016/04/20 22:27:20 UTC,Online Lead Generation,Genevieve,Finck,www.linkedin.com/in/genevieve-finck-2b56478,ACCEPTED
2016/04/20 22:27:20 UTC,PPC,Genevieve,Finck,www.linkedin.com/in/genevieve-finck-2b56478,ACCEPTED
2016/03/29 13:17:00 UTC,Security,Valentín,Gutiérrez,www.linkedin.com/in/jvgutierrezb,ACCEPTED
2016/03/29 13:16:53 UTC,Social Media Marketing,Camilo,Ameijeiras,www.linkedin.com/in/cameijei,ACCEPTED
2016/03/29 13:16:45 UTC,Digital Marketing,Jet,Patel,www.linkedin.com/in/jetpatel,ACCEPTED
2016/03/29 13:16:38 UTC,Mobile Applications,Pablo,Elizalde,www.linkedin.com/in/pabloelizalde,ACCEPTED
2016/03/19 20:09:11 UTC,E-commerce,Willem-Jan,van den Bichelaer,www.linkedin.com/in/willemjanvandenbichelaer,ACCEPTED
2016/03/19 20:09:11 UTC,Marketing,Willem-Jan,van den Bichelaer,www.linkedin.com/in/willemjanvandenbichelaer,ACCEPTED
2016/03/19 20:09:11 UTC,Mobile Phone Apps,Willem-Jan,van den Bichelaer,www.linkedin.com/in/willemjanvandenbichelaer,ACCEPTED
2016/02/20 22:17:55 UTC,Cash Flow,Katie,Holland,www.linkedin.com/in/katie-holland-66a504bb,ACCEPTED
2016/02/20 22:17:54 UTC,Payroll,Katie,Holland,www.linkedin.com/in/katie-holland-66a504bb,ACCEPTED
2016/02/20 22:17:49 UTC,Invoicing,Katie,Holland,www.linkedin.com/in/katie-holland-66a504bb,ACCEPTED
2016/02/20 22:17:48 UTC,Expenses,Katie,Holland,www.linkedin.com/in/katie-holland-66a504bb,ACCEPTED
2016/02/14 11:53:24 UTC,English,Amelia,Sydney,www.linkedin.com/in/ameliasydney,ACCEPTED
2016/02/14 11:53:21 UTC,Publishing,Marcos,Ferreira Sanmamed,www.linkedin.com/in/marcosfsanmamed,ACCEPTED
2016/02/14 11:53:20 UTC,Android,Pablo,Elizalde,www.linkedin.com/in/pabloelizalde,ACCEPTED
2016/02/14 11:53:13 UTC,iOS Development,Pablo,Elizalde,www.linkedin.com/in/pabloelizalde,ACCEPTED
2016/02/14 11:53:08 UTC,Online Marketing,Mathijs,Kortland,www.linkedin.com/in/mathijs-kortland-38852118,ACCEPTED
2016/02/14 11:50:48 UTC,Online Advertising,Jochem,Gratama ,www.linkedin.com/in/jgratama,ACCEPTED
2016/02/14 11:50:37 UTC,Interaction Design,George,Koultouridis,www.linkedin.com/in/george-koultouridis,ACCEPTED
2016/02/14 11:50:35 UTC,Online Marketing,Genevieve,Finck,www.linkedin.com/in/genevieve-finck-2b56478,ACCEPTED
2016/02/14 11:50:19 UTC,PHP,Fran,Diéguez,www.linkedin.com/in/frandieguez,ACCEPTED
2016/02/14 11:50:16 UTC,Online Advertising,Daan,Boersma,www.linkedin.com/in/fdboersma,ACCEPTED
2016/02/14 11:50:12 UTC,Graphic Design,Lars,Petersen,www.linkedin.com/in/lkpetersen,ACCEPTED
2016/02/14 11:50:08 UTC,Online Advertising,Genevieve,Finck,www.linkedin.com/in/genevieve-finck-2b56478,ACCEPTED
2016/02/14 11:49:35 UTC,Java,🌻Cristina,Rivera Calderón,www.linkedin.com/in/crisrivcal,ACCEPTED
2016/02/14 11:49:35 UTC,Scrum,🌻Cristina,Rivera Calderón,www.linkedin.com/in/crisrivcal,ACCEPTED
2016/02/14 11:49:35 UTC,Scala,🌻Cristina,Rivera Calderón,www.linkedin.com/in/crisrivcal,ACCEPTED
2016/01/29 13:14:48 UTC,Java,Georgios,Fragkis,www.linkedin.com/in/georgios-fragkis-9215a5a5,ACCEPTED
2016/01/29 13:14:42 UTC,Mobile Applications,Emiel,Lensink,www.linkedin.com/in/emiell,ACCEPTED
2016/01/29 13:14:35 UTC,Mobile Marketing,Genevieve,Finck,www.linkedin.com/in/genevieve-finck-2b56478,ACCEPTED
2016/01/29 13:14:16 UTC,Online Marketing,Camilo,Ameijeiras,www.linkedin.com/in/cameijei,ACCEPTED
2015/12/31 00:42:54 UTC,Android,Gabriel,Sanmartín Díaz,www.linkedin.com/in/gabrielsanmartin,ACCEPTED
2015/12/31 00:42:54 UTC,Hibernate,Gabriel,Sanmartín Díaz,www.linkedin.com/in/gabrielsanmartin,ACCEPTED
2015/12/31 00:42:54 UTC,OpenGL,Gabriel,Sanmartín Díaz,www.linkedin.com/in/gabrielsanmartin,ACCEPTED
2015/12/31 00:42:54 UTC,Spring Framework,Gabriel,Sanmartín Díaz,www.linkedin.com/in/gabrielsanmartin,ACCEPTED
2015/12/23 18:22:39 UTC,GruntJS,Niek,Kruse,www.linkedin.com/in/niekkruse,ACCEPTED
2015/12/23 18:22:31 UTC,Node.js,Niek,Kruse,www.linkedin.com/in/niekkruse,ACCEPTED
2015/12/23 18:22:20 UTC,JavaScript,Niek,Kruse,www.linkedin.com/in/niekkruse,ACCEPTED
2015/11/25 13:02:09 UTC,Drupal,Ricardo,Gonzalez,www.linkedin.com/in/ryck,ACCEPTED
2015/11/25 13:02:06 UTC,User Interface Design,Marnix,van Eerde,www.linkedin.com/in/marnixvaneerde,ACCEPTED
2015/11/25 13:01:46 UTC,Agile Methodologies,José,Doval González,www.linkedin.com/in/pepellou,ACCEPTED
2015/11/25 13:01:20 UTC,User Experience,Adrián,Mato Gondelle,www.linkedin.com/in/adrianmg,ACCEPTED
2015/11/25 13:01:13 UTC,Spanish,Ivar,Rekve,www.linkedin.com/in/ivarrekve,ACCEPTED
2015/11/25 13:01:08 UTC,XML,Yariel,Ramos Moreno,www.linkedin.com/in/yramosm,ACCEPTED
2015/11/25 13:01:06 UTC,Hibernate,Alejandro,López González,www.linkedin.com/in/alejandro-lópez-gonzález-7668375,ACCEPTED
2015/11/25 13:00:21 UTC,R&D,Santi,Dominguez,www.linkedin.com/in/santi-dominguez-981b691b,ACCEPTED
2015/11/25 13:00:16 UTC,Marketing Strategy,Aliakbar,Kassamaly,www.linkedin.com/in/aliakbarkassamaly,ACCEPTED
2015/11/25 12:59:22 UTC,Mobile Applications,Heiko,Beereboom,www.linkedin.com/in/heikobeereboom,ACCEPTED
2015/10/20 12:33:56 UTC,Social Media,María,Yáñez,www.linkedin.com/in/mariayanez,ACCEPTED
2015/10/20 12:33:49 UTC,Video,María,Yáñez,www.linkedin.com/in/mariayanez,ACCEPTED
2015/10/20 12:33:46 UTC,Management,Linda,van Delft,www.linkedin.com/in/lindavandelft,ACCEPTED
2015/10/20 12:33:44 UTC,Social Media,Ivar,Rekve,www.linkedin.com/in/ivarrekve,ACCEPTED
2015/10/20 12:33:34 UTC,iOS,Javi,Lorbada,www.linkedin.com/in/javierlorbada,ACCEPTED
2015/10/20 12:33:34 UTC,Objective-C,Javi,Lorbada,www.linkedin.com/in/javierlorbada,ACCEPTED
2015/10/20 12:33:33 UTC,Mobile Applications,Javi,Lorbada,www.linkedin.com/in/javierlorbada,ACCEPTED
2015/10/12 22:51:00 UTC,Gestión de proyectos,Jesús,López Búa,www.linkedin.com/in/jesuslopezbua,ACCEPTED
2015/10/12 22:50:56 UTC,Banca,Jesús,López Búa,www.linkedin.com/in/jesuslopezbua,ACCEPTED
2015/09/16 11:24:34 UTC,Illustrator,Ramiro,Amorena,www.linkedin.com/in/ramiro-amorena-922a592a,ACCEPTED
2015/09/16 11:24:31 UTC,Illustration,Ramiro,Amorena,www.linkedin.com/in/ramiro-amorena-922a592a,ACCEPTED
2015/09/16 11:24:30 UTC,Graphic Design,Ramiro,Amorena,www.linkedin.com/in/ramiro-amorena-922a592a,ACCEPTED
2015/09/11 09:18:51 UTC,Corporate Communications,Martiño,Suárez Fraga,www.linkedin.com/in/martiño-suárez-fraga,ACCEPTED
2015/09/11 09:18:43 UTC,UML,Yariel,Ramos Moreno,www.linkedin.com/in/yramosm,ACCEPTED
2015/09/10 14:19:11 UTC,Software Architecture,Jose Angel,Franco Navarro,www.linkedin.com/in/jose-angel-franco-navarro-702a5259,ACCEPTED
2015/09/10 14:19:08 UTC,Software Design Patterns,Jose Angel,Franco Navarro,www.linkedin.com/in/jose-angel-franco-navarro-702a5259,ACCEPTED
2015/09/10 14:19:06 UTC,Maven,Jose Angel,Franco Navarro,www.linkedin.com/in/jose-angel-franco-navarro-702a5259,ACCEPTED
2015/09/10 14:19:05 UTC,Database Design,Jose Angel,Franco Navarro,www.linkedin.com/in/jose-angel-franco-navarro-702a5259,ACCEPTED
2015/09/10 14:19:03 UTC,Java,Jose Angel,Franco Navarro,www.linkedin.com/in/jose-angel-franco-navarro-702a5259,ACCEPTED
2015/09/02 09:27:56 UTC,Agile Methodologies,Willem-Jan,van den Bichelaer,www.linkedin.com/in/willemjanvandenbichelaer,ACCEPTED
2015/09/02 09:27:55 UTC,Mobile Applications,Willem-Jan,van den Bichelaer,www.linkedin.com/in/willemjanvandenbichelaer,ACCEPTED
2015/09/02 09:27:51 UTC,Mobile Devices,Willem-Jan,van den Bichelaer,www.linkedin.com/in/willemjanvandenbichelaer,ACCEPTED
2015/07/12 21:29:51 UTC,Social Media,Camilo,Ameijeiras,www.linkedin.com/in/cameijei,ACCEPTED
2015/07/12 21:29:33 UTC,jQuery,Ricardo,Gonzalez,www.linkedin.com/in/ryck,ACCEPTED
2015/06/24 21:18:50 UTC,Android,Patricio Jose,Rodriguez Arias,www.linkedin.com/in/patricio-rodriguez-arias,ACCEPTED
2015/06/24 21:18:48 UTC,iPhone Application Development,Patricio Jose,Rodriguez Arias,www.linkedin.com/in/patricio-rodriguez-arias,ACCEPTED
2015/05/12 19:58:04 UTC,Scrum,Sander,Nieuwenhuizen,www.linkedin.com/in/sandernieuwenhuizen,ACCEPTED
2015/05/12 19:57:52 UTC,Agile Methodologies,Sander,Nieuwenhuizen,www.linkedin.com/in/sandernieuwenhuizen,ACCEPTED
2015/05/11 20:52:05 UTC,Interaction Design,Paul,Reijnierse,www.linkedin.com/in/paulreijnierse,ACCEPTED
2015/05/11 20:51:43 UTC,Creative Strategy,Paul,Reijnierse,www.linkedin.com/in/paulreijnierse,ACCEPTED
2015/05/11 20:51:39 UTC,Team Building,Paul,Reijnierse,www.linkedin.com/in/paulreijnierse,ACCEPTED
2015/05/11 20:51:35 UTC,Concept Development,Paul,Reijnierse,www.linkedin.com/in/paulreijnierse,ACCEPTED
2015/04/07 18:48:08 UTC,Linux,Alejandro,Feijóo Fraga,www.linkedin.com/in/alfeijoo,ACCEPTED
2015/04/07 18:48:02 UTC,Java,David E.,Losada,www.linkedin.com/in/david-e-losada-8a66634,PENDING
2015/04/07 18:48:00 UTC,Web Development,Ricardo,Gonzalez,www.linkedin.com/in/ryck,ACCEPTED
2015/04/07 18:47:56 UTC,Writing,Martiño,Suárez Fraga,www.linkedin.com/in/martiño-suárez-fraga,ACCEPTED
2015/04/07 18:47:47 UTC,Journalism,Martiño,Suárez Fraga,www.linkedin.com/in/martiño-suárez-fraga,ACCEPTED
2015/03/09 22:01:48 UTC,Java Enterprise Edition,Carolina,Barreiro Cancela,www.linkedin.com/in/droideca,ACCEPTED
2015/03/09 22:01:48 UTC,Liferay,Carolina,Barreiro Cancela,www.linkedin.com/in/droideca,ACCEPTED
2015/03/09 22:01:48 UTC,Web Development,Carolina,Barreiro Cancela,www.linkedin.com/in/droideca,ACCEPTED
2015/03/09 22:01:48 UTC,WordPress,Carolina,Barreiro Cancela,www.linkedin.com/in/droideca,ACCEPTED
2015/01/31 23:03:11 UTC,Gestión de proyectos,José Ramón,Varela Pernas,www.linkedin.com/in/jvarper,ACCEPTED
2015/01/31 23:03:08 UTC,Pruebas de penetración,Andrés,Tarascó Acuña,www.linkedin.com/in/andrestarasco,ACCEPTED
2015/01/30 09:28:11 UTC,Git,Adrián,Calviño Amado,www.linkedin.com/in/adrián-calviño-amado-1942869b,ACCEPTED
2015/01/30 09:28:02 UTC,Android,Adrián,Calviño Amado,www.linkedin.com/in/adrián-calviño-amado-1942869b,ACCEPTED
2015/01/30 09:28:00 UTC,Java,Adrián,Calviño Amado,www.linkedin.com/in/adrián-calviño-amado-1942869b,ACCEPTED
2015/01/28 13:24:04 UTC,Redes sociales,Xabier,Martínez Rolán,www.linkedin.com/in/xabierrolan,ACCEPTED
2015/01/28 13:24:03 UTC,Social Media,Xabier,Martínez Rolán,www.linkedin.com/in/xabierrolan,ACCEPTED
2015/01/27 17:44:58 UTC,Comunicaciones empresariales,Beatriz,Lorenzo Pérez,www.linkedin.com/in/beatrizlp,ACCEPTED
2015/01/27 17:44:58 UTC,Gestión comunitaria,Beatriz,Lorenzo Pérez,www.linkedin.com/in/beatrizlp,ACCEPTED
2015/01/27 17:44:58 UTC,Mercadotecnia en medios sociales,Beatriz,Lorenzo Pérez,www.linkedin.com/in/beatrizlp,ACCEPTED
2015/01/27 17:44:58 UTC,Redes sociales,Beatriz,Lorenzo Pérez,www.linkedin.com/in/beatrizlp,ACCEPTED
2015/01/27 17:44:58 UTC,Relaciones públicas,Beatriz,Lorenzo Pérez,www.linkedin.com/in/beatrizlp,ACCEPTED
2015/01/23 09:16:41 UTC,Desarrollo web,David,Rodríguez del Río,www.linkedin.com/in/davidrodriguezdelrio,ACCEPTED
2015/01/21 08:27:29 UTC,Sass,Carolina,Barreiro Cancela,www.linkedin.com/in/droideca,ACCEPTED
2015/01/14 18:02:23 UTC,Adobe Premiere Pro,Isabel,Vila Díaz,www.linkedin.com/in/isabelvila,ACCEPTED
2015/01/09 00:18:22 UTC,Pensamiento Creativo,Simone,Serasini,www.linkedin.com/in/simoneserasini,ACCEPTED
2015/01/06 11:57:07 UTC,Comercio electrónico,David,Bonilla Fuertes,www.linkedin.com/in/dbonillaf,ACCEPTED
2015/01/06 11:57:04 UTC,Diseño gráfico,Xosé,Xoga,www.linkedin.com/in/pepexoga,PENDING
2015/01/06 11:56:31 UTC,Inglés,Fátima Mª,García Doval,www.linkedin.com/in/fátima-mª-garcía-doval-a3a59328,PENDING
2015/01/06 11:56:25 UTC,Liderazgo de equipos,José Ramón,Varela Pernas,www.linkedin.com/in/jvarper,ACCEPTED
2015/01/06 11:55:44 UTC,XML,Marcos,Quintáns,www.linkedin.com/in/marcosquintans,ACCEPTED
2015/01/06 11:55:37 UTC,LUM,Ana,Misa Diz,www.linkedin.com/in/ana-misa-diz-540b7183,ACCEPTED
2015/01/06 11:55:34 UTC,CSS,Jose,Cutrín,www.linkedin.com/in/cutrin,ACCEPTED
2015/01/06 11:55:32 UTC,CSS,David,Rodríguez del Río,www.linkedin.com/in/davidrodriguezdelrio,ACCEPTED
2015/01/06 11:55:10 UTC,JavaScript,David,Rodríguez del Río,www.linkedin.com/in/davidrodriguezdelrio,ACCEPTED
2015/01/06 11:55:04 UTC,Fotografía,Xavier,Belho Cortizo,www.linkedin.com/in/xavierbelho,ACCEPTED
2015/01/06 11:54:59 UTC,Revistas,Daniel,Tasende,www.linkedin.com/in/daniel-tasende-2842b722,ACCEPTED
2015/01/05 21:10:35 UTC,Bases de datos,Jose,Cutrín,www.linkedin.com/in/cutrin,ACCEPTED
2015/01/05 21:10:32 UTC,Spring MVC,Javier,Pena,www.linkedin.com/in/javipena,ACCEPTED
2015/01/05 21:10:31 UTC,Java,José Alberto,Pazos Ferreiro,www.linkedin.com/in/josé-alberto-pazos-ferreiro-64006359,PENDING
2015/01/05 21:10:29 UTC,WordPress,Iago,Varela Martínez,www.linkedin.com/in/iagovarela,ACCEPTED
2015/01/05 21:10:27 UTC,JPA,Javier,Pena,www.linkedin.com/in/javipena,ACCEPTED
2015/01/02 15:57:49 UTC,Android,Carlos,García García,www.linkedin.com/in/carlisgg,ACCEPTED
2015/01/02 15:57:42 UTC,Java EE,Carolina,Barreiro Cancela,www.linkedin.com/in/droideca,ACCEPTED
2015/01/02 15:57:42 UTC,Python,Carolina,Barreiro Cancela,www.linkedin.com/in/droideca,ACCEPTED
2015/01/02 15:56:59 UTC,Servicios web,Javier,Pena,www.linkedin.com/in/javipena,ACCEPTED
2015/01/02 15:56:54 UTC,Desarrollo de software,Xoan,González Díaz,www.linkedin.com/in/xoan,ACCEPTED
2015/01/02 15:56:47 UTC,Desarrollo web,Carolina,Barreiro Cancela,www.linkedin.com/in/droideca,ACCEPTED
2015/01/02 15:56:43 UTC,Empresas de nueva creación,David,Bonilla Fuertes,www.linkedin.com/in/dbonillaf,ACCEPTED
2015/01/02 15:56:41 UTC,SQL,Marcos,Quintáns,www.linkedin.com/in/marcosquintans,ACCEPTED
2015/01/02 15:56:36 UTC,Android,Iago,Varela Martínez,www.linkedin.com/in/iagovarela,ACCEPTED
2015/01/02 15:56:31 UTC,Espíritu empresarial,Paul,San Sebastian Belausteguigoitia,www.linkedin.com/in/paul-san-sebastian,ACCEPTED
2015/01/02 15:56:31 UTC,Estrategia empresarial,Paul,San Sebastian Belausteguigoitia,www.linkedin.com/in/paul-san-sebastian,ACCEPTED
2015/01/02 15:56:31 UTC,Mercadotecnia en medios sociales,Paul,San Sebastian Belausteguigoitia,www.linkedin.com/in/paul-san-sebastian,ACCEPTED
2015/01/02 15:56:31 UTC,Web 2.0,Paul,San Sebastian Belausteguigoitia,www.linkedin.com/in/paul-san-sebastian,ACCEPTED
2014/12/21 20:33:31 UTC,MySQL,Carlos,García García,www.linkedin.com/in/carlisgg,ACCEPTED
2014/12/17 15:31:29 UTC,Seguridad de red,Andrés,Tarascó Acuña,www.linkedin.com/in/andrestarasco,ACCEPTED
2014/12/17 15:31:25 UTC,Seguridad,Andrés,Tarascó Acuña,www.linkedin.com/in/andrestarasco,ACCEPTED
2014/12/13 12:21:07 UTC,SOAP,Javier,Pena,www.linkedin.com/in/javipena,ACCEPTED
2014/12/13 12:21:03 UTC,Ubuntu,Jose,Cutrín,www.linkedin.com/in/cutrin,ACCEPTED
2014/12/13 12:21:00 UTC,Final Cut Pro,Isabel,Vila Díaz,www.linkedin.com/in/isabelvila,ACCEPTED
2014/12/13 12:20:54 UTC,Español,José Alberto,Pazos Ferreiro,www.linkedin.com/in/josé-alberto-pazos-ferreiro-64006359,PENDING
2014/12/13 12:20:50 UTC,JavaScript,Javier,Pena,www.linkedin.com/in/javipena,ACCEPTED
2014/12/13 12:20:45 UTC,SQL,Mia,Illodo,www.linkedin.com/in/miaillodo,ACCEPTED
2014/12/13 12:20:39 UTC,HTML,Jose,Cutrín,www.linkedin.com/in/cutrin,ACCEPTED
2014/12/13 12:20:30 UTC,Desarrollo web,Toni,Cárdenas Vargas,www.linkedin.com/in/tcardenasv,PENDING
2014/12/13 12:20:18 UTC,Java,Antonio,Salmerón Bermúdez,www.linkedin.com/in/antonio-salmerón-bermúdez-96351b28,ACCEPTED
2014/12/13 12:20:07 UTC,Java,Santiago,Fraga Castro,www.linkedin.com/in/santiago-fraga-castro-217817b,ACCEPTED
2014/12/13 12:20:03 UTC,MySQL,Carolina,Barreiro Cancela,www.linkedin.com/in/droideca,ACCEPTED
2014/12/13 12:19:54 UTC,iOS,Carolina,Barreiro Cancela,www.linkedin.com/in/droideca,ACCEPTED
2014/12/02 12:12:53 UTC,Hibernate,Manuel,Garea Suárez,www.linkedin.com/in/manuelgarea,ACCEPTED
2014/12/02 12:12:34 UTC,Trabajo en equipo,Arturo,Coego,www.linkedin.com/in/arturocoego,ACCEPTED
2014/12/02 12:12:26 UTC,Struts,Gonzalo,Pose Somoza,www.linkedin.com/in/gonzalo-pose-somoza-9a410453,ACCEPTED
2014/11/30 16:40:08 UTC,Hibernate,Javier,Pena,www.linkedin.com/in/javipena,ACCEPTED
2014/11/30 16:39:40 UTC,After Effects,Isabel,Vila Díaz,www.linkedin.com/in/isabelvila,ACCEPTED
2014/11/30 16:39:25 UTC,Linux,Jose Antonio,Lourido Santiago,www.linkedin.com/in/jose-antonio-lourido-santiago-54044913,ACCEPTED
2014/11/30 16:39:19 UTC,Virtualización,Jose Antonio,Lourido Santiago,www.linkedin.com/in/jose-antonio-lourido-santiago-54044913,ACCEPTED
2014/11/30 16:38:36 UTC,Dispositivos móviles,Iago,Varela Martínez,www.linkedin.com/in/iagovarela,ACCEPTED
2014/11/30 16:38:32 UTC,Maven,Manuel,Garea Suárez,www.linkedin.com/in/manuelgarea,ACCEPTED
2014/11/30 16:38:26 UTC,SQL,Carolina,Barreiro Cancela,www.linkedin.com/in/droideca,ACCEPTED
2014/11/30 16:38:25 UTC,HTML5,Carolina,Barreiro Cancela,www.linkedin.com/in/droideca,ACCEPTED
2014/11/30 16:38:13 UTC,CSS,Carolina,Barreiro Cancela,www.linkedin.com/in/droideca,ACCEPTED
2014/11/27 12:23:14 UTC,Español,Fátima Mª,García Doval,www.linkedin.com/in/fátima-mª-garcía-doval-a3a59328,PENDING
2014/11/27 12:22:58 UTC,Inglés,José Alberto,Pazos Ferreiro,www.linkedin.com/in/josé-alberto-pazos-ferreiro-64006359,PENDING
2014/11/27 12:22:55 UTC,SQL,Agustín,Barba,www.linkedin.com/in/agustín-barba-63878023,ACCEPTED
2014/11/27 12:22:33 UTC,Redes sociales,Elvira,Avilés,www.linkedin.com/in/elviraaviles,ACCEPTED
2014/11/27 12:14:56 UTC,Química,Santiago,Fraga Castro,www.linkedin.com/in/santiago-fraga-castro-217817b,PENDING
2014/11/27 12:13:39 UTC,Java,Angel,Negrete,www.linkedin.com/in/angel-negrete-39ab6149,ACCEPTED
2014/11/27 12:13:36 UTC,Spring Framework,Manuel,Garea Suárez,www.linkedin.com/in/manuelgarea,ACCEPTED
2014/11/27 12:13:26 UTC,Diseño gráfico,Daniel,Tasende,www.linkedin.com/in/daniel-tasende-2842b722,ACCEPTED
2014/11/27 12:12:51 UTC,Redes sociales,Iago,Varela Martínez,www.linkedin.com/in/iagovarela,ACCEPTED
2014/11/27 11:30:31 UTC,Seguridad de la información,Andrés,Tarascó Acuña,www.linkedin.com/in/andrestarasco,ACCEPTED
2014/11/27 11:28:45 UTC,Imágenes digitales,Iago,Lozano Núñez,www.linkedin.com/in/iagolozano,ACCEPTED
2014/11/27 11:28:32 UTC,Git,Mia,Illodo,www.linkedin.com/in/miaillodo,ACCEPTED
2014/11/27 11:28:26 UTC,Diseño web,Alberto,Montes,www.linkedin.com/in/albermontes,ACCEPTED
2014/11/27 11:27:32 UTC,Redes sociales,Paco,Casado,www.linkedin.com/in/pacocasado,ACCEPTED
2014/11/27 11:27:23 UTC,Java,Alberto,Barrio Louzao,www.linkedin.com/in/albertobarrio,ACCEPTED
2014/11/27 11:27:06 UTC,Desarrollo web,Jose,Cutrín,www.linkedin.com/in/cutrin,ACCEPTED
2014/11/24 23:44:04 UTC,Minorista,Ana,Argiz,www.linkedin.com/in/ana-argiz-8901b711,ACCEPTED
2014/11/19 10:49:23 UTC,Gestión de proyectos,Alfonso,Lorenzo,www.linkedin.com/in/alfonso-lorenzo-72800a10,ACCEPTED
2014/11/19 10:49:23 UTC,Gestión de proyectos de software,Alfonso,Lorenzo,www.linkedin.com/in/alfonso-lorenzo-72800a10,ACCEPTED
2014/11/19 10:49:23 UTC,Java,Alfonso,Lorenzo,www.linkedin.com/in/alfonso-lorenzo-72800a10,ACCEPTED
2014/11/19 10:49:23 UTC,Liderazgo de equipos,Alfonso,Lorenzo,www.linkedin.com/in/alfonso-lorenzo-72800a10,ACCEPTED
2014/11/19 09:12:05 UTC,Java,Antonio,Carro Mariño,www.linkedin.com/in/antonio-carro-mariño-b69034b,ACCEPTED
2014/11/19 09:11:57 UTC,Java,Miguel Angel,Molinero Alvarez,www.linkedin.com/in/miguel-angel-molinero-alvarez-7b004852,ACCEPTED
2014/11/19 09:11:55 UTC,Animación gráfica,Isabel,Vila Díaz,www.linkedin.com/in/isabelvila,ACCEPTED
2014/11/19 09:11:48 UTC,Ropa,Ana,Argiz,www.linkedin.com/in/ana-argiz-8901b711,ACCEPTED
2014/11/12 08:42:06 UTC,Java EE,Iago,Lozano Núñez,www.linkedin.com/in/iagolozano,ACCEPTED
2014/11/07 12:28:24 UTC,Desarrollo de software,Gonzalo,Iglesias Aguiño,www.linkedin.com/in/gonzaloigagu,ACCEPTED
2014/11/07 12:28:24 UTC,Dirección y desarrollo de equipos de trabajo,Gonzalo,Iglesias Aguiño,www.linkedin.com/in/gonzaloigagu,ACCEPTED
2014/11/07 12:27:34 UTC,Java,Gonzalo,Pose Somoza,www.linkedin.com/in/gonzalo-pose-somoza-9a410453,ACCEPTED
2014/11/07 12:27:30 UTC,PHP,José Ramón,Fernandez Leis,www.linkedin.com/in/josé-ramón-fernandez-leis-1bb37b43,ACCEPTED
2014/11/07 12:27:20 UTC,Diseño de logotipos,Xavier,Belho Cortizo,www.linkedin.com/in/xavierbelho,ACCEPTED
2014/11/07 12:27:17 UTC,Java,Esther,Álvarez Feijoo,www.linkedin.com/in/estheralvarezfeijoo,ACCEPTED
2014/11/07 12:27:08 UTC,Ingeniería,Aida,Estévez Delgado,www.linkedin.com/in/aidaestevezdelgado,ACCEPTED
2014/11/03 12:13:50 UTC,SQL,Gonzalo,Pose Somoza,www.linkedin.com/in/gonzalo-pose-somoza-9a410453,PENDING
2014/11/03 12:13:42 UTC,Blogs,Iñaki,Quenerapú,www.linkedin.com/in/quenerapu,ACCEPTED
2014/11/03 12:13:38 UTC,Redes sociales,Pedro,Rey,www.linkedin.com/in/pedro-rey-484106,PENDING
2014/11/03 12:13:33 UTC,Moda,Ana,Argiz,www.linkedin.com/in/ana-argiz-8901b711,ACCEPTED
2014/11/03 12:13:28 UTC,Sanidad y TIC,José Ramón,Varela Pernas,www.linkedin.com/in/jvarper,ACCEPTED
2014/10/16 17:01:11 UTC,MySQL,Sergio,Vilas Enríquez,www.linkedin.com/in/svlsnrqz,ACCEPTED
2014/10/11 00:00:17 UTC,SQL,José Ramón,Varela Pernas,www.linkedin.com/in/jvarper,ACCEPTED
2014/10/10 23:59:29 UTC,Java,Miguel,Retuerto Alcocer,www.linkedin.com/in/miguel-retuerto-alcocer-4b1b85a0,ACCEPTED
2014/10/10 23:59:16 UTC,PACS,Iago,Lozano Núñez,www.linkedin.com/in/iagolozano,ACCEPTED
2014/10/10 23:59:10 UTC,SQL,Iago,Lozano Núñez,www.linkedin.com/in/iagolozano,ACCEPTED
2014/10/10 23:59:04 UTC,HL7,Iago,Lozano Núñez,www.linkedin.com/in/iagolozano,ACCEPTED
2014/10/03 18:21:50 UTC,AutoCAD,Aida,Estévez Delgado,www.linkedin.com/in/aidaestevezdelgado,ACCEPTED
2014/10/03 18:21:43 UTC,Aplicaciones móviles,Hernán,Rodríguez Martínez,www.linkedin.com/in/hernanrodriguez,ACCEPTED
2014/10/03 18:21:43 UTC,Desarrollo empresarial,Hernán,Rodríguez Martínez,www.linkedin.com/in/hernanrodriguez,ACCEPTED
2014/10/03 18:21:43 UTC,Dispositivos móviles,Hernán,Rodríguez Martínez,www.linkedin.com/in/hernanrodriguez,ACCEPTED
2014/10/03 18:21:43 UTC,Espíritu empresarial,Hernán,Rodríguez Martínez,www.linkedin.com/in/hernanrodriguez,ACCEPTED
2014/10/03 18:21:43 UTC,Marketing móvil,Hernán,Rodríguez Martínez,www.linkedin.com/in/hernanrodriguez,ACCEPTED
2014/09/22 10:33:54 UTC,Dagger,Mia,Illodo,www.linkedin.com/in/miaillodo,ACCEPTED
2014/09/22 10:33:52 UTC,RxJava,Mia,Illodo,www.linkedin.com/in/miaillodo,ACCEPTED
2014/09/22 10:33:47 UTC,AngularJS,Mia,Illodo,www.linkedin.com/in/miaillodo,ACCEPTED
2014/07/18 09:55:46 UTC,Marketing,Jaime,Novoa,www.linkedin.com/in/jaimegnovoa,ACCEPTED
2014/07/18 09:55:40 UTC,Social Media,Jaime,Novoa,www.linkedin.com/in/jaimegnovoa,ACCEPTED
2014/07/18 09:55:38 UTC,Blogging,Jaime,Novoa,www.linkedin.com/in/jaimegnovoa,ACCEPTED
2014/06/20 00:00:29 UTC,Project Coordination,Simon,Neira,www.linkedin.com/in/simonneira,ACCEPTED
2014/06/20 00:00:28 UTC,Team Leadership,Simon,Neira,www.linkedin.com/in/simonneira,ACCEPTED
2014/06/20 00:00:25 UTC,PHP,Simon,Neira,www.linkedin.com/in/simonneira,ACCEPTED
2014/06/20 00:00:24 UTC,Google Maps,Simon,Neira,www.linkedin.com/in/simonneira,ACCEPTED
2014/06/20 00:00:23 UTC,GIS,Simon,Neira,www.linkedin.com/in/simonneira,ACCEPTED
2014/04/14 15:44:24 UTC,JSF,Yariel,Ramos Moreno,www.linkedin.com/in/yramosm,ACCEPTED
2014/04/14 15:44:01 UTC,CMMI,Emilio José,"Diez Rico, PMP®",www.linkedin.com/in/emilio-josé-diez-rico,ACCEPTED
2014/04/14 15:43:47 UTC,jQuery,Iñaki,Quenerapú,www.linkedin.com/in/quenerapu,ACCEPTED
2014/04/14 15:43:41 UTC,Software Project Management,Antonio,Carro Mariño,www.linkedin.com/in/antonio-carro-mariño-b69034b,ACCEPTED
2014/04/14 15:43:37 UTC,Online Marketing,David,G. Lamas,www.linkedin.com/in/davidglezlamas,ACCEPTED
2014/04/14 15:43:35 UTC,HTML 5,Ricardo,Gonzalez,www.linkedin.com/in/ryck,ACCEPTED
2014/04/14 15:43:31 UTC,PHP,Iñaki,Quenerapú,www.linkedin.com/in/quenerapu,ACCEPTED
2014/03/19 09:33:54 UTC,WordPress,Iñaki,Quenerapú,www.linkedin.com/in/quenerapu,ACCEPTED
2014/03/14 12:54:21 UTC,iOS,Mia,Illodo,www.linkedin.com/in/miaillodo,ACCEPTED
2014/03/14 12:54:20 UTC,Ruby on Rails,Mia,Illodo,www.linkedin.com/in/miaillodo,ACCEPTED
2014/03/14 12:54:19 UTC,Objective-C,Mia,Illodo,www.linkedin.com/in/miaillodo,ACCEPTED
2014/03/14 12:54:17 UTC,HAML,Mia,Illodo,www.linkedin.com/in/miaillodo,ACCEPTED
2014/03/14 12:54:16 UTC,SASS,Mia,Illodo,www.linkedin.com/in/miaillodo,ACCEPTED
2014/03/14 12:54:15 UTC,CoffeeScript,Mia,Illodo,www.linkedin.com/in/miaillodo,ACCEPTED
2014/03/05 16:20:06 UTC,Drupal,Jose,Cutrín,www.linkedin.com/in/cutrin,ACCEPTED
2014/03/05 16:19:58 UTC,MySQL,Jose,Cutrín,www.linkedin.com/in/cutrin,ACCEPTED
2014/03/05 16:19:57 UTC,Debian,Jose,Cutrín,www.linkedin.com/in/cutrin,ACCEPTED
2014/03/05 16:19:56 UTC,JavaScript,Jose,Cutrín,www.linkedin.com/in/cutrin,ACCEPTED
2014/03/05 16:19:52 UTC,PHP,Jose,Cutrín,www.linkedin.com/in/cutrin,ACCEPTED
2014/03/05 16:19:51 UTC,Linux,Jose,Cutrín,www.linkedin.com/in/cutrin,ACCEPTED
2014/03/05 16:19:50 UTC,Apache,Jose,Cutrín,www.linkedin.com/in/cutrin,ACCEPTED
2014/02/13 15:36:25 UTC,Multimedia,Gabriel,Sanmartín Díaz,www.linkedin.com/in/gabrielsanmartin,ACCEPTED
2014/02/13 15:36:14 UTC,Android Development,Gabriel,Sanmartín Díaz,www.linkedin.com/in/gabrielsanmartin,ACCEPTED
2014/02/13 15:36:12 UTC,J2EE Application Development,Gabriel,Sanmartín Díaz,www.linkedin.com/in/gabrielsanmartin,ACCEPTED
2014/02/12 00:38:04 UTC,Java Enterprise Edition,Manuel,Garea Suárez,www.linkedin.com/in/manuelgarea,ACCEPTED
2014/02/12 00:37:59 UTC,Eclipse,Manuel,Garea Suárez,www.linkedin.com/in/manuelgarea,ACCEPTED
2014/02/12 00:37:58 UTC,Java,Manuel,Garea Suárez,www.linkedin.com/in/manuelgarea,ACCEPTED
2014/02/12 00:37:23 UTC,Blogging,David,G. Lamas,www.linkedin.com/in/davidglezlamas,ACCEPTED
2014/02/12 00:37:21 UTC,WordPress,David,G. Lamas,www.linkedin.com/in/davidglezlamas,ACCEPTED
2014/02/12 00:37:19 UTC,Community Manager,David,G. Lamas,www.linkedin.com/in/davidglezlamas,ACCEPTED
2014/02/12 00:35:43 UTC,Ruby on Rails,Fernando,Martinez-Gil Gutierrez de la Camara,www.linkedin.com/in/fernandomartinezgil,ACCEPTED
2014/02/12 00:33:21 UTC,PHP,Sergio,Vilas Enríquez,www.linkedin.com/in/svlsnrqz,ACCEPTED
2014/02/12 00:33:20 UTC,Drupal,Sergio,Vilas Enríquez,www.linkedin.com/in/svlsnrqz,ACCEPTED
2014/02/12 00:33:19 UTC,Android,Sergio,Vilas Enríquez,www.linkedin.com/in/svlsnrqz,ACCEPTED
2014/02/12 00:33:16 UTC,Java,Sergio,Vilas Enríquez,www.linkedin.com/in/svlsnrqz,ACCEPTED
2014/02/12 00:32:11 UTC,iOS,Fernando,Blanco Dosil,www.linkedin.com/in/fernandoblancodosil,ACCEPTED
2014/02/12 00:32:07 UTC,Android,Fernando,Blanco Dosil,www.linkedin.com/in/fernandoblancodosil,ACCEPTED
2014/02/12 00:32:04 UTC,Java,Fernando,Blanco Dosil,www.linkedin.com/in/fernandoblancodosil,ACCEPTED
2014/02/12 00:30:28 UTC,Java,Yariel,Ramos Moreno,www.linkedin.com/in/yramosm,ACCEPTED
2014/02/12 00:30:27 UTC,Eclipse,Yariel,Ramos Moreno,www.linkedin.com/in/yramosm,ACCEPTED
2014/02/12 00:30:25 UTC,Maven,Yariel,Ramos Moreno,www.linkedin.com/in/yramosm,ACCEPTED
2014/02/12 00:30:24 UTC,Spring,Yariel,Ramos Moreno,www.linkedin.com/in/yramosm,ACCEPTED
2014/02/12 00:30:23 UTC,Hibernate,Yariel,Ramos Moreno,www.linkedin.com/in/yramosm,ACCEPTED
2014/02/08 15:33:56 UTC,Wordpress,Reinaldo (Rei),Aguilera,www.linkedin.com/in/reiaguilera,ACCEPTED
2014/02/08 15:31:27 UTC,Software Development,Antonio,Carro Mariño,www.linkedin.com/in/antonio-carro-mariño-b69034b,ACCEPTED
2014/02/08 15:31:16 UTC,Project Management,Antonio,Carro Mariño,www.linkedin.com/in/antonio-carro-mariño-b69034b,ACCEPTED
2013/11/29 13:55:54 UTC,Eclipse,Carlos,Antelo,www.linkedin.com/in/carlosantelo,ACCEPTED
2013/11/29 13:55:52 UTC,Maven,Carlos,Antelo,www.linkedin.com/in/carlosantelo,ACCEPTED
2013/11/29 13:55:38 UTC,Hibernate,Carlos,Antelo,www.linkedin.com/in/carlosantelo,ACCEPTED
2013/11/29 13:55:35 UTC,Spring,Carlos,Antelo,www.linkedin.com/in/carlosantelo,ACCEPTED
2013/11/27 10:26:45 UTC,PHP,Carolina,Barreiro Cancela,www.linkedin.com/in/droideca,ACCEPTED
2013/11/27 10:26:37 UTC,J2EE Application Development,Carolina,Barreiro Cancela,www.linkedin.com/in/droideca,ACCEPTED
2013/11/25 17:32:36 UTC,Mac OS,Eduardo,Gutierrez de Oliveira,www.linkedin.com/in/eduos,ACCEPTED
2013/11/25 17:32:32 UTC,MySQL,Eduardo,Gutierrez de Oliveira,www.linkedin.com/in/eduos,ACCEPTED
2013/11/25 17:32:30 UTC,HTML,Eduardo,Gutierrez de Oliveira,www.linkedin.com/in/eduos,ACCEPTED
2013/11/25 17:32:29 UTC,Web Services,Eduardo,Gutierrez de Oliveira,www.linkedin.com/in/eduos,ACCEPTED
2013/11/25 17:32:16 UTC,Operating Systems,Eduardo,Gutierrez de Oliveira,www.linkedin.com/in/eduos,ACCEPTED
2013/11/25 17:32:12 UTC,Software Development,Eduardo,Gutierrez de Oliveira,www.linkedin.com/in/eduos,ACCEPTED
2013/10/29 00:16:06 UTC,Entrepreneurship,Camilo,Ameijeiras,www.linkedin.com/in/cameijei,ACCEPTED
2013/10/29 00:16:03 UTC,Web 2.0,Camilo,Ameijeiras,www.linkedin.com/in/cameijei,ACCEPTED
2013/10/18 16:25:07 UTC,Graphic Design,Iñaki,Quenerapú,www.linkedin.com/in/quenerapu,ACCEPTED
2013/10/16 18:09:44 UTC,Open Source,Iñaki,Quenerapú,www.linkedin.com/in/quenerapu,ACCEPTED
2013/10/16 18:09:42 UTC,Photoshop,Iñaki,Quenerapú,www.linkedin.com/in/quenerapu,ACCEPTED
2013/10/16 18:09:37 UTC,Web Design,Iñaki,Quenerapú,www.linkedin.com/in/quenerapu,ACCEPTED
2013/09/30 15:46:45 UTC,Teaching,Tomás,Fernández Pena,www.linkedin.com/in/tfpena,ACCEPTED
2013/09/30 15:46:40 UTC,Bash,Tomás,Fernández Pena,www.linkedin.com/in/tfpena,ACCEPTED
2013/09/30 15:46:37 UTC,Linux,Tomás,Fernández Pena,www.linkedin.com/in/tfpena,ACCEPTED
2013/09/05 21:27:00 UTC,Linux,Antonio,Salmerón Bermúdez,www.linkedin.com/in/antonio-salmerón-bermúdez-96351b28,ACCEPTED
2013/09/05 21:26:58 UTC,Bash,Antonio,Salmerón Bermúdez,www.linkedin.com/in/antonio-salmerón-bermúdez-96351b28,ACCEPTED
2013/09/01 16:24:46 UTC,Content Management,Martiño,Suárez Fraga,www.linkedin.com/in/martiño-suárez-fraga,ACCEPTED
2013/09/01 16:24:45 UTC,Web Content,Martiño,Suárez Fraga,www.linkedin.com/in/martiño-suárez-fraga,ACCEPTED
2013/09/01 16:24:40 UTC,Press Releases,Martiño,Suárez Fraga,www.linkedin.com/in/martiño-suárez-fraga,ACCEPTED
2013/09/01 16:24:36 UTC,Editorial,Martiño,Suárez Fraga,www.linkedin.com/in/martiño-suárez-fraga,ACCEPTED
2013/09/01 16:24:34 UTC,Blogging,Martiño,Suárez Fraga,www.linkedin.com/in/martiño-suárez-fraga,ACCEPTED
2013/09/01 16:24:33 UTC,Editing,Martiño,Suárez Fraga,www.linkedin.com/in/martiño-suárez-fraga,ACCEPTED
2013/05/23 17:08:31 UTC,Java,Marcos,Quintáns,www.linkedin.com/in/marcosquintans,ACCEPTED
2013/05/23 17:08:28 UTC,Software Project Management,Marcos,Quintáns,www.linkedin.com/in/marcosquintans,ACCEPTED
2013/05/23 17:06:08 UTC,Java,Alberto,Alonso Ruibal,www.linkedin.com/in/albertoruibal,ACCEPTED
2013/05/23 17:04:44 UTC,JavaScript,Reinaldo (Rei),Aguilera,www.linkedin.com/in/reiaguilera,ACCEPTED
2013/05/23 17:04:42 UTC,Wordpress Design,Reinaldo (Rei),Aguilera,www.linkedin.com/in/reiaguilera,ACCEPTED
2013/05/23 17:02:46 UTC,User Interface Design,Isabel,Vila Díaz,www.linkedin.com/in/isabelvila,ACCEPTED
2013/05/23 17:02:43 UTC,Web Design,Isabel,Vila Díaz,www.linkedin.com/in/isabelvila,ACCEPTED
2013/05/23 17:02:42 UTC,Photoshop,Isabel,Vila Díaz,www.linkedin.com/in/isabelvila,ACCEPTED
2013/05/23 17:02:42 UTC,Illustrator,Isabel,Vila Díaz,www.linkedin.com/in/isabelvila,ACCEPTED
2013/05/23 17:02:40 UTC,Graphic Design,Isabel,Vila Díaz,www.linkedin.com/in/isabelvila,ACCEPTED
2013/05/23 17:02:01 UTC,Web 2.0,Héctor,Anllo Yebra,www.linkedin.com/in/anllo,ACCEPTED
2013/05/23 17:01:56 UTC,Social Media,Héctor,Anllo Yebra,www.linkedin.com/in/anllo,ACCEPTED
2013/05/23 17:00:54 UTC,Weblogic,Marcos,Cordo Agrasar,www.linkedin.com/in/marcos-cordo-agrasar-616525b,ACCEPTED
2013/05/23 17:00:50 UTC,Oracle,Marcos,Cordo Agrasar,www.linkedin.com/in/marcos-cordo-agrasar-616525b,ACCEPTED
2013/05/23 17:00:48 UTC,J2EE Web Services,Marcos,Cordo Agrasar,www.linkedin.com/in/marcos-cordo-agrasar-616525b,ACCEPTED
2013/05/23 17:00:47 UTC,Java,Marcos,Cordo Agrasar,www.linkedin.com/in/marcos-cordo-agrasar-616525b,ACCEPTED
2013/05/23 17:00:29 UTC,Community Management,Xabier,Martínez,www.linkedin.com/in/xabierm,ACCEPTED
2013/05/23 17:00:24 UTC,Digital Photography,Xabier,Martínez,www.linkedin.com/in/xabierm,ACCEPTED
2013/05/23 17:00:23 UTC,Social Media,Xabier,Martínez,www.linkedin.com/in/xabierm,ACCEPTED
2013/05/23 16:55:42 UTC,Drupal,Carolina,Barreiro Cancela,www.linkedin.com/in/droideca,ACCEPTED
2013/05/23 16:55:41 UTC,Android,Carolina,Barreiro Cancela,www.linkedin.com/in/droideca,ACCEPTED
2013/05/23 16:54:52 UTC,Agile Methodologies,Carlos,García García,www.linkedin.com/in/carlisgg,ACCEPTED
2013/05/23 16:54:51 UTC,Project Management,Carlos,García García,www.linkedin.com/in/carlisgg,ACCEPTED
2013/05/23 16:54:45 UTC,Java,Carlos,García García,www.linkedin.com/in/carlisgg,ACCEPTED
2013/05/23 16:54:38 UTC,Play Framework,Carlos,García García,www.linkedin.com/in/carlisgg,ACCEPTED
2013/04/03 18:29:20 UTC,eHealth,José Ramón,Varela Pernas,www.linkedin.com/in/jvarper,ACCEPTED
2013/04/03 18:29:19 UTC,DICOM,José Ramón,Varela Pernas,www.linkedin.com/in/jvarper,ACCEPTED
2013/04/03 18:29:18 UTC,PACS,José Ramón,Varela Pernas,www.linkedin.com/in/jvarper,ACCEPTED
2013/04/03 18:29:17 UTC,HL7,José Ramón,Varela Pernas,www.linkedin.com/in/jvarper,ACCEPTED
2013/04/03 18:28:08 UTC,Test Driven Development,Pablo,Formoso Estrada,www.linkedin.com/in/pabloformoso,ACCEPTED
2013/04/03 18:28:06 UTC,Android,Pablo,Formoso Estrada,www.linkedin.com/in/pabloformoso,ACCEPTED
2013/04/03 18:28:03 UTC,Mobile Applications,Pablo,Formoso Estrada,www.linkedin.com/in/pabloformoso,ACCEPTED
2013/04/03 18:28:02 UTC,iOS development,Pablo,Formoso Estrada,www.linkedin.com/in/pabloformoso,ACCEPTED
2013/04/03 18:28:01 UTC,Ruby on Rails,Pablo,Formoso Estrada,www.linkedin.com/in/pabloformoso,ACCEPTED
2013/03/25 17:37:18 UTC,MOD,David,G. Lamas,www.linkedin.com/in/davidglezlamas,ACCEPTED
2013/03/25 17:37:07 UTC,Music,David,G. Lamas,www.linkedin.com/in/davidglezlamas,ACCEPTED
2013/03/25 17:37:04 UTC,Music Industry,David,G. Lamas,www.linkedin.com/in/davidglezlamas,ACCEPTED
2013/03/18 12:50:58 UTC,Internet,José Luis,Merino,www.linkedin.com/in/jlmerino,ACCEPTED
2013/03/18 12:50:55 UTC,Libros digitales,José Luis,Merino,www.linkedin.com/in/jlmerino,ACCEPTED
2013/03/18 12:50:54 UTC,Redes sociales,José Luis,Merino,www.linkedin.com/in/jlmerino,ACCEPTED
2013/03/13 09:37:41 UTC,Video Games,Juan,Gestal,www.linkedin.com/in/gestal,ACCEPTED
2013/03/13 09:37:38 UTC,ios,Juan,Gestal,www.linkedin.com/in/gestal,ACCEPTED
2013/03/13 09:37:36 UTC,Blogging,Juan,Gestal,www.linkedin.com/in/gestal,ACCEPTED
2013/02/01 12:18:38 UTC,Entrepreneurship,Alberto,Alonso Ruibal,www.linkedin.com/in/albertoruibal,ACCEPTED
2013/02/01 12:18:37 UTC,Eclipse,Alberto,Alonso Ruibal,www.linkedin.com/in/albertoruibal,ACCEPTED
2013/02/01 12:18:32 UTC,Android,Alberto,Alonso Ruibal,www.linkedin.com/in/albertoruibal,ACCEPTED
2013/02/01 11:26:36 UTC,Testing,Alejandro,López González,www.linkedin.com/in/alejandro-lópez-gonzález-7668375,ACCEPTED
2013/02/01 11:26:35 UTC,Teaching,Alejandro,López González,www.linkedin.com/in/alejandro-lópez-gonzález-7668375,ACCEPTED
2013/02/01 11:26:32 UTC,SQL,Alejandro,López González,www.linkedin.com/in/alejandro-lópez-gonzález-7668375,ACCEPTED
2013/02/01 11:26:25 UTC,UML,Alejandro,López González,www.linkedin.com/in/alejandro-lópez-gonzález-7668375,ACCEPTED
2013/02/01 11:26:23 UTC,Java,Alejandro,López González,www.linkedin.com/in/alejandro-lópez-gonzález-7668375,ACCEPTED
2013/02/01 11:25:52 UTC,Android,Javier,Pena,www.linkedin.com/in/javipena,ACCEPTED
2013/02/01 11:25:49 UTC,iOS,Javier,Pena,www.linkedin.com/in/javipena,ACCEPTED
2013/02/01 11:25:47 UTC,Spring,Javier,Pena,www.linkedin.com/in/javipena,ACCEPTED
2013/02/01 11:25:46 UTC,J2EE,Javier,Pena,www.linkedin.com/in/javipena,ACCEPTED
2013/02/01 11:25:45 UTC,Java,Javier,Pena,www.linkedin.com/in/javipena,ACCEPTED
2013/02/01 11:25:43 UTC,Objective-C,Javier,Pena,www.linkedin.com/in/javipena,ACCEPTED
2013/02/01 11:25:01 UTC,JSP,David,Rodríguez del Río,www.linkedin.com/in/davidrodriguezdelrio,ACCEPTED
2013/02/01 11:25:00 UTC,Eclipse,David,Rodríguez del Río,www.linkedin.com/in/davidrodriguezdelrio,ACCEPTED
2013/02/01 11:24:57 UTC,J2EE Application Development,David,Rodríguez del Río,www.linkedin.com/in/davidrodriguezdelrio,ACCEPTED
2013/02/01 11:24:56 UTC,Java,David,Rodríguez del Río,www.linkedin.com/in/davidrodriguezdelrio,ACCEPTED
2013/02/01 11:22:53 UTC,Wordpress,Carolina,Barreiro Cancela,www.linkedin.com/in/droideca,ACCEPTED
2013/02/01 11:22:48 UTC,jQuery,Carolina,Barreiro Cancela,www.linkedin.com/in/droideca,ACCEPTED
2013/02/01 11:22:40 UTC,JavaScript,Carolina,Barreiro Cancela,www.linkedin.com/in/droideca,ACCEPTED
2013/02/01 11:22:39 UTC,CSS3,Carolina,Barreiro Cancela,www.linkedin.com/in/droideca,ACCEPTED
2013/02/01 11:22:38 UTC,HTML 5,Carolina,Barreiro Cancela,www.linkedin.com/in/droideca,ACCEPTED
2013/02/01 11:22:35 UTC,Java,Carolina,Barreiro Cancela,www.linkedin.com/in/droideca,ACCEPTED
2013/02/01 11:22:06 UTC,Software Design,Mia,Illodo,www.linkedin.com/in/miaillodo,ACCEPTED
2013/02/01 11:22:05 UTC,Human-computer Interaction,Mia,Illodo,www.linkedin.com/in/miaillodo,ACCEPTED
2013/02/01 11:21:59 UTC,jQuery,Mia,Illodo,www.linkedin.com/in/miaillodo,ACCEPTED
2013/02/01 11:21:58 UTC,PHP,Mia,Illodo,www.linkedin.com/in/miaillodo,ACCEPTED
2013/02/01 11:21:56 UTC,Java,Mia,Illodo,www.linkedin.com/in/miaillodo,ACCEPTED
2013/02/01 11:21:55 UTC,JavaScript,Mia,Illodo,www.linkedin.com/in/miaillodo,ACCEPTED
2013/02/01 11:21:53 UTC,CSS,Mia,Illodo,www.linkedin.com/in/miaillodo,ACCEPTED
2013/02/01 11:21:52 UTC,HTML,Mia,Illodo,www.linkedin.com/in/miaillodo,ACCEPTED
2013/02/01 11:21:43 UTC,Android,Mia,Illodo,www.linkedin.com/in/miaillodo,ACCEPTED
