Event Name,Event Time,Status,External Url
The Challenges of Recruiting in Denmark,"Dec 08, 2022 02:00 PM - Dec 08, 2022 03:00 PM",APPROVED,
Demystifying Ad Refresh,"Jun 29, 2021 01:00 PM - Jun 29, 2021 02:00 PM",RELINQUISHED,
How to Develop Talent,"Feb 07, 2023 04:00 PM - Feb 07, 2023 05:00 PM",APPROVED,
How to Boost Ad Revenues with Analytics?,"May 19, 2021 01:00 PM - May 19, 2021 02:00 PM",RELINQUISHED,http://insights.pubstack.io/webinar-how-to-boost-ad-revenues-with-analytics?utm_campaign=Webinar%20Insights%20%24&utm_source=LinkedInEventPage
How to balance independence and control within your organization,"Jan 26, 2023 02:00 PM - Jan 26, 2023 03:00 PM",APPROVED,
Leading Teams in the AI Space,"Mar 30, 2023 12:00 PM - Mar 30, 2023 01:00 PM",APPROVED,
How to get hired and thrive abroad,"Jun 27, 2023 11:00 AM - Jun 27, 2023 11:30 AM",APPROVED,
Agile in Tech Leadership,"Feb 16, 2023 04:00 PM - Feb 16, 2023 05:00 PM",RELINQUISHED,
Publishers Empowered Summit,"Dec 01, 2021 01:00 PM - Dec 02, 2021 05:00 PM",RELINQUISHED,https://pubstack.io/publishers-empowered-2021/
Discussing the Future of the Workplace,"May 02, 2023 12:00 PM - May 02, 2023 01:00 PM",APPROVED,
Danish Freelancing in Uncharted Economies,"Jun 13, 2023 01:00 PM - Jun 13, 2023 02:00 PM",RELINQUISHED,
Q&A Session - #TECHLEADweek,"Sep 20, 2021 05:00 PM - Sep 20, 2021 06:00 PM",APPROVED,
Creating a Culture for MLOps with Søren Vedel,"Feb 22, 2023 03:00 PM - Feb 22, 2023 04:00 PM",RELINQUISHED,
IGNITE 24,"Nov 19, 2024 11:00 AM - Nov 19, 2024 08:00 PM",APPROVED,https://igniteodense.nu/
State of Programmatic and Evolution Perspectives for 2022,"Feb 24, 2022 02:00 PM - Feb 24, 2022 02:30 PM",RELINQUISHED,https://hubs.la/Q013mnRD0
