HashTag,CreatedTime,LastModifiedTime,State
scalability,2017-12-18 13:32:43,2017-12-18 13:32:43,Follow
contentstrategy,2017-12-18 13:32:06,2017-12-18 13:32:06,Follow
euro,2016-02-26 16:41:15,2016-02-26 16:41:15,Follow
europeanunion,2016-02-26 16:41:15,2016-02-26 16:41:15,Follow
europe,2016-02-26 16:41:15,2016-02-26 16:41:15,Follow
mobilemarketing,2015-11-29 22:24:03,2015-11-29 22:24:03,Follow
mobileadvertising,2015-11-29 22:24:03,2015-11-29 22:24:03,Follow
mobileapplications,2015-11-29 22:24:03,2015-11-29 22:24:03,Follow
mobiletechnology,2015-11-29 22:24:03,2015-11-29 22:24:03,Follow
mobilephones,2015-11-29 22:24:03,2015-11-29 22:24:03,Follow
innovation,2013-04-26 00:06:21,2013-04-26 00:06:21,Follow
technology,2013-04-26 00:06:21,2013-04-26 00:06:21,Follow
futurism,2013-04-26 00:06:21,2013-04-26 00:06:21,Follow
