From,To,Sent At,Message,Direction,inviterProfileUrl,inviteeProfileUrl
Adrián Moreno Peña,Quynh-Trang Ngo,"12/23/25, 12:00 AM",,OUTGOING,https://www.linkedin.com/in/adrianmoreno,https://www.linkedin.com/in/ngoquynhtrang
Adrián Moreno Peña,Claus Gregers Pedersen,"12/10/25, 1:03 PM",,OUTGOING,https://www.linkedin.com/in/adrianmoreno,https://www.linkedin.com/in/claus-gregers-pedersen
Adrián Moreno Peña,Patrick Nealon,"12/3/25, 11:31 AM",,OUTGOING,https://www.linkedin.com/in/adrianmoreno,https://www.linkedin.com/in/patrick-nealon-4b681b5
Adrián Moreno Peña,Victor Nylander,"11/30/25, 12:52 AM",,OUTGOING,https://www.linkedin.com/in/adrianmoreno,https://www.linkedin.com/in/victor-nylander-337aaa205
Adrián Moreno Peña,Ronald Bosma ,"11/25/25, 10:34 AM",,OUTGOING,https://www.linkedin.com/in/adrianmoreno,https://www.linkedin.com/in/ronaldbosma
Adrián Moreno Peña,Jacob Williams,"10/28/25, 5:39 AM",,OUTGOING,https://www.linkedin.com/in/adrianmoreno,https://www.linkedin.com/in/jacobdwilliams10
Adrián Moreno Peña,Ali Raza,"10/6/25, 10:35 AM",,OUTGOING,https://www.linkedin.com/in/adrianmoreno,https://www.linkedin.com/in/brainlet
Adrián Moreno Peña,Marilyn Fuah-Durugo,"9/26/25, 1:47 AM",,OUTGOING,https://www.linkedin.com/in/adrianmoreno,https://www.linkedin.com/in/marilyn-fuahdurugo
Adrián Moreno Peña,"Aleena Sarwana, SHRM-CP","9/26/25, 1:47 AM",,OUTGOING,https://www.linkedin.com/in/adrianmoreno,https://www.linkedin.com/in/aleena-sarwana-shrm-cp-1b497a139
Adrián Moreno Peña,Conor Walker-Simms,"9/26/25, 1:47 AM",,OUTGOING,https://www.linkedin.com/in/adrianmoreno,https://www.linkedin.com/in/conor-walker-simms-4ba5b89a
Adrián Moreno Peña,Sofia Angeles,"9/26/25, 1:46 AM",,OUTGOING,https://www.linkedin.com/in/adrianmoreno,https://www.linkedin.com/in/sofia-angeles
Adrián Moreno Peña,SharON  Sampal,"9/25/25, 11:52 PM",,OUTGOING,https://www.linkedin.com/in/adrianmoreno,https://www.linkedin.com/in/sharon-sampal
Adrián Moreno Peña,Mark West,"9/25/25, 12:04 PM",,OUTGOING,https://www.linkedin.com/in/adrianmoreno,https://www.linkedin.com/in/markwestuk
Adrián Moreno Peña,Rayan Azzam,"9/22/25, 3:45 AM",,OUTGOING,https://www.linkedin.com/in/adrianmoreno,https://www.linkedin.com/in/rayan-azzam
Adrián Moreno Peña,Guillermina Teresa Garcia,"9/10/25, 1:31 AM",,OUTGOING,https://www.linkedin.com/in/adrianmoreno,https://www.linkedin.com/in/guillermina-teresa-garcia-31449a161
Adrián Moreno Peña,"Alex Morales, MBA","8/29/25, 4:55 AM",,OUTGOING,https://www.linkedin.com/in/adrianmoreno,https://www.linkedin.com/in/alex-morales-mba-ba476117
Adrián Moreno Peña,Kim Mansfield Thomas,"11/23/25, 2:57 PM",,OUTGOING,https://www.linkedin.com/in/adrianmoreno,https://www.linkedin.com/in/kim-mansfield-thomas-7275ab173
Adrián Moreno Peña,Emily Stringer,"8/29/25, 4:54 AM",,OUTGOING,https://www.linkedin.com/in/adrianmoreno,https://www.linkedin.com/in/emilystringer
Adrián Moreno Peña,Jose Rojas,"8/28/25, 10:52 AM",,OUTGOING,https://www.linkedin.com/in/adrianmoreno,https://www.linkedin.com/in/jose-rojas-281004147
Adrián Moreno Peña,BenedikteEva Majbrink,"8/28/25, 10:52 AM",,OUTGOING,https://www.linkedin.com/in/adrianmoreno,https://www.linkedin.com/in/benedikteeva-majbrink-503a3b26
Adrián Moreno Peña,Dmytro Spesyvyi,"8/28/25, 8:32 AM",,OUTGOING,https://www.linkedin.com/in/adrianmoreno,https://www.linkedin.com/in/dmitryspesiviy
Adrián Moreno Peña,Chris Noll,"8/14/25, 8:32 AM",,OUTGOING,https://www.linkedin.com/in/adrianmoreno,https://www.linkedin.com/in/chris-noll-984a7222
Adrián Moreno Peña,Mara Ghencea,"8/14/25, 6:01 AM",,OUTGOING,https://www.linkedin.com/in/adrianmoreno,https://www.linkedin.com/in/mara-ghencea-3a5a48184
Adrián Moreno Peña,Anna B.,"8/7/25, 10:05 PM",,OUTGOING,https://www.linkedin.com/in/adrianmoreno,https://www.linkedin.com/in/anna-b-782a21211
Adrián Moreno Peña,Emily Benson,"8/5/25, 4:04 AM",,OUTGOING,https://www.linkedin.com/in/adrianmoreno,https://www.linkedin.com/in/bensonemily
Adrián Moreno Peña,Peter Crowder,"8/5/25, 4:04 AM",,OUTGOING,https://www.linkedin.com/in/adrianmoreno,https://www.linkedin.com/in/peter-crowder-44590626
Adrián Moreno Peña,James Nicholls,"8/4/25, 12:39 PM",,OUTGOING,https://www.linkedin.com/in/adrianmoreno,https://www.linkedin.com/in/jimnicholls
Adrián Moreno Peña,"Erika Novak, CCWP","8/1/25, 12:18 PM",,OUTGOING,https://www.linkedin.com/in/adrianmoreno,https://www.linkedin.com/in/erikahalverson
Adrián Moreno Peña,Brianna Kerr,"7/30/25, 8:09 AM",,OUTGOING,https://www.linkedin.com/in/adrianmoreno,https://www.linkedin.com/in/briannakerr
Adrián Moreno Peña,Jakub Żmidziński,"7/27/25, 10:24 PM",,OUTGOING,https://www.linkedin.com/in/adrianmoreno,https://www.linkedin.com/in/jakubzmidzinski
Adrián Moreno Peña,Gerald Wood,"7/17/25, 4:17 AM",,OUTGOING,https://www.linkedin.com/in/adrianmoreno,https://www.linkedin.com/in/geraldewood
Adrián Moreno Peña,João Souza,"7/11/25, 12:57 AM",,OUTGOING,https://www.linkedin.com/in/adrianmoreno,https://www.linkedin.com/in/joaocpimentads
Adrián Moreno Peña,Rodrigo Joaquin Astete Heimpell,"7/10/25, 6:43 AM",,OUTGOING,https://www.linkedin.com/in/adrianmoreno,https://www.linkedin.com/in/rodrigo-joaquin-astete-heimpell-37201335
Adrián Moreno Peña,Michel Meulenbroek,"7/10/25, 6:42 AM",,OUTGOING,https://www.linkedin.com/in/adrianmoreno,https://www.linkedin.com/in/michel-meulenbroek
Adrián Moreno Peña,Spas Spasov,"7/10/25, 6:41 AM",,OUTGOING,https://www.linkedin.com/in/adrianmoreno,https://www.linkedin.com/in/spasovspas
Adrián Moreno Peña,Manuel Ehmann,"7/10/25, 6:41 AM",,OUTGOING,https://www.linkedin.com/in/adrianmoreno,https://www.linkedin.com/in/manuel-ehmann
Adrián Moreno Peña,Caoimhe Gallahue,"7/10/25, 6:40 AM",,OUTGOING,https://www.linkedin.com/in/adrianmoreno,https://www.linkedin.com/in/caoimhegallahue
Adrián Moreno Peña,Egle Radisauske,"7/10/25, 12:27 AM",,OUTGOING,https://www.linkedin.com/in/adrianmoreno,https://www.linkedin.com/in/egle-radisauske-6bb03b14a
Adrián Moreno Peña,Bruno Gaspar,"7/9/25, 12:40 PM",,OUTGOING,https://www.linkedin.com/in/adrianmoreno,https://www.linkedin.com/in/brunofgaspar
Adrián Moreno Peña,Javeria Zafar,"7/9/25, 12:40 PM",,OUTGOING,https://www.linkedin.com/in/adrianmoreno,https://www.linkedin.com/in/jzafar
Adrián Moreno Peña,Grant Birch,"7/9/25, 12:38 PM",,OUTGOING,https://www.linkedin.com/in/adrianmoreno,https://www.linkedin.com/in/grantbirch
Adrián Moreno Peña,Vivian Shepard,"7/9/25, 2:44 AM",,OUTGOING,https://www.linkedin.com/in/adrianmoreno,https://www.linkedin.com/in/vivian-shepard
Adrián Moreno Peña,Signe Skjernaa Glistrup,"7/9/25, 2:43 AM",,OUTGOING,https://www.linkedin.com/in/adrianmoreno,https://www.linkedin.com/in/signe-skjernaa-glistrup-167b7852
Adrián Moreno Peña,Alina Durhuus,"7/9/25, 2:44 AM","welcome to worksome, Alina :)  Looking forward to working together! ",OUTGOING,https://www.linkedin.com/in/adrianmoreno,https://www.linkedin.com/in/alina-chuiko
Adrián Moreno Peña,Kauri K.,"7/8/25, 12:37 PM",,OUTGOING,https://www.linkedin.com/in/adrianmoreno,https://www.linkedin.com/in/kauri-k-446333b3
Adrián Moreno Peña,Colten Tepe,"8/28/25, 10:52 AM",,OUTGOING,https://www.linkedin.com/in/adrianmoreno,https://www.linkedin.com/in/coltentepe
Adrián Moreno Peña,Mathias Tao Agger Linnemann,"7/5/25, 4:27 AM",,OUTGOING,https://www.linkedin.com/in/adrianmoreno,https://www.linkedin.com/in/mathiaslinnemann
Adrián Moreno Peña,Emma Parker,"7/3/25, 6:25 AM",,OUTGOING,https://www.linkedin.com/in/adrianmoreno,https://www.linkedin.com/in/hiltonemma
Adrián Moreno Peña,Simon Søberg Jørgensen,"7/1/25, 8:52 PM",,OUTGOING,https://www.linkedin.com/in/adrianmoreno,https://www.linkedin.com/in/simon-søberg-jørgensen-1405591
Adrián Moreno Peña,Simon Bartos,"7/1/25, 8:51 PM",,OUTGOING,https://www.linkedin.com/in/adrianmoreno,https://www.linkedin.com/in/simon-bartos
Adrián Moreno Peña,Wesley Jansen,"7/1/25, 8:51 PM",,OUTGOING,https://www.linkedin.com/in/adrianmoreno,https://www.linkedin.com/in/wesleygjansen
Adrián Moreno Peña,Nicolas Vrillaud,"7/1/25, 8:51 PM",,OUTGOING,https://www.linkedin.com/in/adrianmoreno,https://www.linkedin.com/in/nicolasvrillaud
Adrián Moreno Peña,Tobias Dilling,"7/1/25, 10:16 AM",,OUTGOING,https://www.linkedin.com/in/adrianmoreno,https://www.linkedin.com/in/tobias-dilling-17885841
Adrián Moreno Peña,Sune Nielsen,"7/1/25, 10:15 AM",,OUTGOING,https://www.linkedin.com/in/adrianmoreno,https://www.linkedin.com/in/sunenielsen
Adrián Moreno Peña,Camilla Traberg-Andersen,"7/1/25, 10:16 AM",,OUTGOING,https://www.linkedin.com/in/adrianmoreno,https://www.linkedin.com/in/camillatraberg
Adrián Moreno Peña,Rusty Andrade,"7/1/25, 10:15 AM",,OUTGOING,https://www.linkedin.com/in/adrianmoreno,https://www.linkedin.com/in/rusty-andrade
Adrián Moreno Peña,David Weiss,"7/1/25, 10:15 AM",,OUTGOING,https://www.linkedin.com/in/adrianmoreno,https://www.linkedin.com/in/dweissnyc
Adrián Moreno Peña,Mégane Baille,"7/1/25, 10:16 AM",,OUTGOING,https://www.linkedin.com/in/adrianmoreno,https://www.linkedin.com/in/megane-baille
Adrián Moreno Peña,Danny Jackson,"7/29/25, 1:10 PM",,OUTGOING,https://www.linkedin.com/in/adrianmoreno,https://www.linkedin.com/in/danny-jackson-3857bb77
Adrián Moreno Peña,Bogdan Sorlea,"7/30/25, 1:46 PM",,OUTGOING,https://www.linkedin.com/in/adrianmoreno,https://www.linkedin.com/in/bogdansorlea
Adrián Moreno Peña,Mihail Mikov,"6/3/25, 7:02 AM",,OUTGOING,https://www.linkedin.com/in/adrianmoreno,https://www.linkedin.com/in/mihail-mikov-baa68a108
Adrián Moreno Peña,Lars Jeppesen,"6/2/25, 3:59 AM",,OUTGOING,https://www.linkedin.com/in/adrianmoreno,https://www.linkedin.com/in/lars-jeppesen-50a7aa83
Adrián Moreno Peña,Daniel Bartel,"5/15/25, 6:29 AM",,OUTGOING,https://www.linkedin.com/in/adrianmoreno,https://www.linkedin.com/in/ykwtd
Ali Radravesh,Adrián Moreno Peña,"12/26/25, 2:20 AM","Hello, I hope this message finds you well. It would be an honor to connect with you here on LinkedIn and to follow your professional insights. I truly value the opportunity to expand my network by learning from distinguished professionals like yourself.  Best regards, Ali",INCOMING,https://www.linkedin.com/in/ali-radravesh,https://www.linkedin.com/in/adrianmoreno
Nilofar Jargela,Adrián Moreno Peña,"12/25/25, 11:35 PM",,INCOMING,https://www.linkedin.com/in/nilofar-jargela,https://www.linkedin.com/in/adrianmoreno
Laura Jeffords Greenberg,Adrián Moreno Peña,"12/24/25, 12:44 PM",,INCOMING,https://www.linkedin.com/in/laurajeffordsgreenberg,https://www.linkedin.com/in/adrianmoreno
Allaeddine Bederrar,Adrián Moreno Peña,"12/23/25, 9:43 AM",,INCOMING,https://www.linkedin.com/in/abederrar,https://www.linkedin.com/in/adrianmoreno
Michelle  Dignos,Adrián Moreno Peña,"12/22/25, 5:19 AM",,INCOMING,https://www.linkedin.com/in/michelle-dignos-040b7a378,https://www.linkedin.com/in/adrianmoreno
Ana Carolina Balbino,Adrián Moreno Peña,"12/16/25, 3:35 AM",,INCOMING,https://www.linkedin.com/in/ana-carolina-balbino,https://www.linkedin.com/in/adrianmoreno
Shili Li,Adrián Moreno Peña,"12/12/25, 12:03 AM",,INCOMING,https://www.linkedin.com/in/shilili,https://www.linkedin.com/in/adrianmoreno
Kasper Grundtvig Knokgaard,Adrián Moreno Peña,"12/10/25, 10:06 PM",,INCOMING,https://www.linkedin.com/in/kasper-grundtvig-knokgaard-a8894,https://www.linkedin.com/in/adrianmoreno
Eliot Conaway,Adrián Moreno Peña,"12/10/25, 9:58 AM",saludos de Puerto Varas,INCOMING,https://www.linkedin.com/in/eliot-conaway-a8a699a,https://www.linkedin.com/in/adrianmoreno
Hai Nguyen,Adrián Moreno Peña,"12/8/25, 11:00 PM",,INCOMING,https://www.linkedin.com/in/hai-nguyen-400a89246,https://www.linkedin.com/in/adrianmoreno
Marc-Daniel Ortega,Adrián Moreno Peña,"12/8/25, 11:50 AM",,INCOMING,https://www.linkedin.com/in/marc-daniel-ortega,https://www.linkedin.com/in/adrianmoreno
Eleonora Lyshenko,Adrián Moreno Peña,"12/8/25, 7:01 AM","Hi Adrian, I’m Eleonora, VP of Partnerships at Code&Care - a full-cycle software development company. I’ll be in Copenhagen on Feb 25-27 meeting our clients. I’d love to connect and explore potential collaboration opportunities. Would you be open to a short meeting?",INCOMING,https://www.linkedin.com/in/eleonora-lyshenko-b1a556197,https://www.linkedin.com/in/adrianmoreno
Dr.-Ing. Joffrey Mabuma,Adrián Moreno Peña,"12/8/25, 2:31 AM","Hi Adrián   I noticed Worksome is growing and hiring, very excited for you! I work with founders to streamline end-to-end ops and improve collaboration with enterprise customers during these growth phases.  Let’s connect and swap ideas on scaling smoothly while building great teams.",INCOMING,https://www.linkedin.com/in/mabuma,https://www.linkedin.com/in/adrianmoreno
Ina Shtapiankova,Adrián Moreno Peña,"12/4/25, 7:33 AM",,INCOMING,https://www.linkedin.com/in/ina-shtapiankova,https://www.linkedin.com/in/adrianmoreno
Mohammad Efazati,Adrián Moreno Peña,"12/4/25, 12:52 AM",,INCOMING,https://www.linkedin.com/in/efazati,https://www.linkedin.com/in/adrianmoreno
David Koifman,Adrián Moreno Peña,"12/2/25, 2:33 PM",,INCOMING,https://www.linkedin.com/in/davidkoifman,https://www.linkedin.com/in/adrianmoreno
Olmo Rayón,Adrián Moreno Peña,"12/1/25, 11:54 PM",,INCOMING,https://www.linkedin.com/in/olmorayon,https://www.linkedin.com/in/adrianmoreno
Berkan Lenck,Adrián Moreno Peña,"12/1/25, 9:51 AM",,INCOMING,https://www.linkedin.com/in/berkan-lenck-272304383,https://www.linkedin.com/in/adrianmoreno
Emma Crawford,Adrián Moreno Peña,"11/26/25, 12:30 PM",,INCOMING,https://www.linkedin.com/in/crawford-emma,https://www.linkedin.com/in/adrianmoreno
Camilla Traberg-Andersen,Adrián Moreno Peña,"11/25/25, 3:40 AM",,INCOMING,https://www.linkedin.com/in/camilla-traberg-andersen-a95473299,https://www.linkedin.com/in/adrianmoreno
Karen May Magallano,Adrián Moreno Peña,"11/21/25, 4:43 AM","Hi,   I am leading a research project on Incident Management Platform / IT Operations Management software market & would like to speak to customers of solutions such as PagerDuty, Incident.io, etc. over a paid anonymous 45min/200$ consultation. I’d love to connect and share more details!",INCOMING,https://www.linkedin.com/in/karen-may-m-4b2a76262,https://www.linkedin.com/in/adrianmoreno
Morgan Brayley,Adrián Moreno Peña,"11/14/25, 7:45 AM",,INCOMING,https://www.linkedin.com/in/morganbrayley,https://www.linkedin.com/in/adrianmoreno
Stephanie Lopes,Adrián Moreno Peña,"11/12/25, 9:53 AM",,INCOMING,https://www.linkedin.com/in/stephslopes,https://www.linkedin.com/in/adrianmoreno
Carlota Llobell,Adrián Moreno Peña,"11/12/25, 5:07 AM",,INCOMING,https://www.linkedin.com/in/carlotallobell,https://www.linkedin.com/in/adrianmoreno
Vladimir Runchev,Adrián Moreno Peña,"11/11/25, 11:14 AM",,INCOMING,https://www.linkedin.com/in/vladimir-runchev-85147138b,https://www.linkedin.com/in/adrianmoreno
Tiago Paulino,Adrián Moreno Peña,"11/11/25, 2:17 AM",,INCOMING,https://www.linkedin.com/in/tiago-p-b36899a8,https://www.linkedin.com/in/adrianmoreno
Julia Komarnytska,Adrián Moreno Peña,"11/10/25, 7:03 AM",,INCOMING,https://www.linkedin.com/in/julia-komarnytska,https://www.linkedin.com/in/adrianmoreno
Spiros Economakis,Adrián Moreno Peña,"11/10/25, 1:07 AM",,INCOMING,https://www.linkedin.com/in/spirosoik,https://www.linkedin.com/in/adrianmoreno
Vishal Gadhiya,Adrián Moreno Peña,"11/6/25, 3:06 AM",,INCOMING,https://www.linkedin.com/in/vishalgadhiya,https://www.linkedin.com/in/adrianmoreno
Viktor Lisovyi,Adrián Moreno Peña,"11/3/25, 1:13 AM",,INCOMING,https://www.linkedin.com/in/viktor-lisovyi,https://www.linkedin.com/in/adrianmoreno
Chinedu Ogama,Adrián Moreno Peña,"10/31/25, 3:09 AM",,INCOMING,https://www.linkedin.com/in/chinedu-ogama-7a4b31183,https://www.linkedin.com/in/adrianmoreno
Jill T.,Adrián Moreno Peña,"10/30/25, 1:34 AM",,INCOMING,https://www.linkedin.com/in/jill-t-372b0912a,https://www.linkedin.com/in/adrianmoreno
Hristian Nedyalkov,Adrián Moreno Peña,"10/29/25, 7:35 AM",,INCOMING,https://www.linkedin.com/in/hristian-nedyalkov,https://www.linkedin.com/in/adrianmoreno
Alex Hetfield,Adrián Moreno Peña,"10/29/25, 3:39 AM",,INCOMING,https://www.linkedin.com/in/alex-hetfield-63947b207,https://www.linkedin.com/in/adrianmoreno
Maitray Gadhavi,Adrián Moreno Peña,"10/28/25, 9:28 AM","Hi Adrian,  We’re a Tech consulting and Software development firm with a local rep in Copenhagen.  We will be in Denmark from 24th to 26th Nov, and we’d love to explore how we can support your IT initiatives and discuss potential opportunities for collaboration.  Can we plan this?   BR, Maitray",INCOMING,https://www.linkedin.com/in/maitraygadhavi,https://www.linkedin.com/in/adrianmoreno
Ahmad A.,Adrián Moreno Peña,"10/28/25, 5:04 AM",,INCOMING,https://www.linkedin.com/in/ahmadabdelhafiz,https://www.linkedin.com/in/adrianmoreno
Lomesh Tyagi,Adrián Moreno Peña,"10/27/25, 8:53 PM","Hi Adrian,  We provide top-quality QA services: Mobile & Regression Testing eCommerce & Performance Testing QA Outsourcing Automation & Functional Testing  For the more details share your email for details.  Thanks, Lomesh ",INCOMING,https://www.linkedin.com/in/lomesh-t-5699a120a,https://www.linkedin.com/in/adrianmoreno
Matt Sager,Adrián Moreno Peña,"10/27/25, 7:06 AM",,INCOMING,https://www.linkedin.com/in/matthew-sager,https://www.linkedin.com/in/adrianmoreno
Christian Heidemeyer,Adrián Moreno Peña,"10/27/25, 1:05 AM","Hi Adrián, We are a startup from Germany & are currently developing a new retrospective & 1:1 meeting tool that helps team leads improve psychological safety (thus, individual meeting participation etc). Interested in joining our pilot? Cheers, Christian :)",INCOMING,https://www.linkedin.com/in/christian-heidemeyer,https://www.linkedin.com/in/adrianmoreno
Jesse Hom,Adrián Moreno Peña,"10/24/25, 12:20 PM","Hi Adrian, We help platforms like Worksome pull contractor payment, compliance and freelancer platform data from portals with no APIs. Thought it might be relevant, worth a chat?",INCOMING,https://www.linkedin.com/in/jesse-hom-37a60a99,https://www.linkedin.com/in/adrianmoreno
Anna Petrovskaya,Adrián Moreno Peña,"10/24/25, 5:46 AM",,INCOMING,https://www.linkedin.com/in/anna-petrovskaya-6b5260167,https://www.linkedin.com/in/adrianmoreno
Maria Karpovich ,Adrián Moreno Peña,"10/24/25, 3:48 AM","Hi Adrian, your profile resonated, many leaders I speak with share the challenge of constant balancing act between ambitious roadmaps and the practical constraints of hiring specialized talent. What's been your experience?   Maria",INCOMING,https://www.linkedin.com/in/maria-karpovich,https://www.linkedin.com/in/adrianmoreno
Theocharis Anesiadis,Adrián Moreno Peña,"10/24/25, 2:30 AM",,INCOMING,https://www.linkedin.com/in/anesiadis-theocharis,https://www.linkedin.com/in/adrianmoreno
Sam Liaquat,Adrián Moreno Peña,"10/24/25, 1:40 AM",,INCOMING,https://www.linkedin.com/in/sam-liaquat-b95965172,https://www.linkedin.com/in/adrianmoreno
Liudmila Sugako,Adrián Moreno Peña,"10/23/25, 5:27 AM"," Hi Adrián,  It would be great to have you as part of my network! Let`s connect!",INCOMING,https://www.linkedin.com/in/liudmila-sugako-a9661a262,https://www.linkedin.com/in/adrianmoreno
Julie Guichard,Adrián Moreno Peña,"10/21/25, 2:12 AM",,INCOMING,https://www.linkedin.com/in/julie-guichard-372627210,https://www.linkedin.com/in/adrianmoreno
Gustavo Karkow,Adrián Moreno Peña,"10/19/25, 6:37 PM",,INCOMING,https://www.linkedin.com/in/karkowg,https://www.linkedin.com/in/adrianmoreno
Md Abdullah Al Noman,Adrián Moreno Peña,"10/18/25, 3:01 AM",,INCOMING,https://www.linkedin.com/in/alnoman-se,https://www.linkedin.com/in/adrianmoreno
Chirag Patel (CP),Adrián Moreno Peña,"10/15/25, 12:28 PM",,INCOMING,https://www.linkedin.com/in/cp-chiragpatel,https://www.linkedin.com/in/adrianmoreno
Xose Diaz,Adrián Moreno Peña,"10/14/25, 2:31 PM",,INCOMING,https://www.linkedin.com/in/xosediaz,https://www.linkedin.com/in/adrianmoreno
Oleg Babentsov,Adrián Moreno Peña,"10/14/25, 6:25 AM","Hi Adrian, I’m connecting with professionals in HR to stay on top of what’s shaping the industry. It would be great to have you in my network. ",INCOMING,https://www.linkedin.com/in/oleg-babentsov,https://www.linkedin.com/in/adrianmoreno
Maïna Kerhornou,Adrián Moreno Peña,"10/14/25, 5:53 AM",,INCOMING,https://www.linkedin.com/in/maïna-kerhornou-23104b1b9,https://www.linkedin.com/in/adrianmoreno
Gustav Søgård,Adrián Moreno Peña,"10/14/25, 5:21 AM",,INCOMING,https://www.linkedin.com/in/gustavsogard,https://www.linkedin.com/in/adrianmoreno
Durga Kishore,Adrián Moreno Peña,"10/14/25, 12:14 AM",,INCOMING,https://www.linkedin.com/in/durga-kishore2213,https://www.linkedin.com/in/adrianmoreno
Gagan Bhatla,Adrián Moreno Peña,"10/13/25, 2:40 AM","Hi Adrian, I am the founder of www.skillorixglobal.com . With over 22yrs of exp in the domain, we support our partners with vetted remote development TechPODs to save costs, no lock-in/commitment and provide experienced teams instead of resources. I'd like to connect and discuss. Regards - Gagan",INCOMING,https://www.linkedin.com/in/gaganbhatla,https://www.linkedin.com/in/adrianmoreno
Jess Froholdt Stopa,Adrián Moreno Peña,"10/10/25, 10:52 PM",,INCOMING,https://www.linkedin.com/in/jess-stopa,https://www.linkedin.com/in/adrianmoreno
Badar Munir,Adrián Moreno Peña,"10/10/25, 6:16 AM","Adrian, I saw you’re looking for a full-stack developer. We have several skilled developers under one roof at very fair rates. You can try any of them with a 20-hour trial, if you’re not happy, no questions asked.  Just share your requirements, and I’ll send profiles that perfectly match your JD.",INCOMING,https://www.linkedin.com/in/badar-munir-softaims,https://www.linkedin.com/in/adrianmoreno
Max Schulz,Adrián Moreno Peña,"10/7/25, 5:52 AM",,INCOMING,https://www.linkedin.com/in/max-schulz1,https://www.linkedin.com/in/adrianmoreno
Vasyl Lupynis,Adrián Moreno Peña,"10/7/25, 4:55 AM",,INCOMING,https://www.linkedin.com/in/vasyl-lupynis-68885b252,https://www.linkedin.com/in/adrianmoreno
Cristian Guba,Adrián Moreno Peña,"10/6/25, 3:18 PM",,INCOMING,https://www.linkedin.com/in/cristianguba,https://www.linkedin.com/in/adrianmoreno
Borja Puime Rodríguez,Adrián Moreno Peña,"10/6/25, 10:45 AM",,INCOMING,https://www.linkedin.com/in/borjapuime,https://www.linkedin.com/in/adrianmoreno
Aleksa Stojanović,Adrián Moreno Peña,"10/6/25, 9:19 AM","	Hey Adrián!   	   	I’m exploring how teams hire developers, and I’d love to learn from your experience.  	   	What’s been the hardest part about hiring engineers for your team?   	   	Not selling anything - just trying to understand the pain better. ",INCOMING,https://www.linkedin.com/in/aleksa-stojanovic-prosperity,https://www.linkedin.com/in/adrianmoreno
Vadym Vinnik,Adrián Moreno Peña,"10/6/25, 6:57 AM",,INCOMING,https://www.linkedin.com/in/vadym-vinnik,https://www.linkedin.com/in/adrianmoreno
Sagar kapadiya,Adrián Moreno Peña,"10/6/25, 4:19 AM","Hey Adrián,  Happy to see your expertise as a Leader.  It’s always inspiring to see professionals like you driving change in today’s competitive IT market.  I visited your profile and got to know that you are managing great company.  Let's connect.",INCOMING,https://www.linkedin.com/in/sagar-kapadiya,https://www.linkedin.com/in/adrianmoreno
Espen Schiefloe,Adrián Moreno Peña,"10/5/25, 11:08 PM","“Hi Adrián, inspired by your work at Worksome. Exploring ways AI transforms business—interested in connecting?”🙏",INCOMING,https://www.linkedin.com/in/espen-schiefloe-2797609,https://www.linkedin.com/in/adrianmoreno
Filipe Darcie,Adrián Moreno Peña,"10/4/25, 12:43 PM",,INCOMING,https://www.linkedin.com/in/filipe-darcie-35690341,https://www.linkedin.com/in/adrianmoreno
Randy Marcus,Adrián Moreno Peña,"10/1/25, 2:00 PM",,INCOMING,https://www.linkedin.com/in/randymarcusbiedmeer,https://www.linkedin.com/in/adrianmoreno
Sanna Khaled,Adrián Moreno Peña,"9/30/25, 9:26 PM","Hi, We are a Swedish Company in Sri Lanka that helps companies finding remote tech team members. We are working with companies like fishbrain, home24 and Heartpace. Lets take a digital meeting and I can tell you more. Best, Sanna",INCOMING,https://www.linkedin.com/in/sanna-khaled-a9131b74,https://www.linkedin.com/in/adrianmoreno
Vanessa Monogioudis,Adrián Moreno Peña,"9/30/25, 5:32 AM",,INCOMING,https://www.linkedin.com/in/vanessa-monogioudis,https://www.linkedin.com/in/adrianmoreno
Shubham Verma,Adrián Moreno Peña,"9/29/25, 11:19 PM","Hi Adrián   let’s connect and explore your requirements.   At Appsierra, we help companies strengthen IT teams with the top 1% of remote Indian talent.  Our staff augmentation services enable you to scale quickly, cut costs by up to 50%, and boost delivery speed. Open to a 15-min chat?",INCOMING,https://www.linkedin.com/in/shubham-verma-5a437222a,https://www.linkedin.com/in/adrianmoreno
Pooné Mokari,Adrián Moreno Peña,"9/29/25, 6:47 AM",,INCOMING,https://www.linkedin.com/in/pmokari,https://www.linkedin.com/in/adrianmoreno
Moe Mizrak,Adrián Moreno Peña,"9/29/25, 3:37 AM",,INCOMING,https://www.linkedin.com/in/moe-mizrak-979555121,https://www.linkedin.com/in/adrianmoreno
Alice Rottmann,Adrián Moreno Peña,"9/29/25, 3:09 AM",,INCOMING,https://www.linkedin.com/in/alice-rottmann-a8b626a8,https://www.linkedin.com/in/adrianmoreno
Gihan Fernando,Adrián Moreno Peña,"9/29/25, 2:29 AM",,INCOMING,https://www.linkedin.com/in/gihan-fernando-32010b109,https://www.linkedin.com/in/adrianmoreno
Andrei Dugan,Adrián Moreno Peña,"9/26/25, 2:50 AM",,INCOMING,https://www.linkedin.com/in/andrei-dugan,https://www.linkedin.com/in/adrianmoreno
Valeria Kodolova,Adrián Moreno Peña,"9/25/25, 11:27 AM",,INCOMING,https://www.linkedin.com/in/valeria-kodolova-69271833,https://www.linkedin.com/in/adrianmoreno
Abdul Kuddus,Adrián Moreno Peña,"9/25/25, 2:33 AM",,INCOMING,https://www.linkedin.com/in/dekuddus,https://www.linkedin.com/in/adrianmoreno
Hunter Bourgeois,Adrián Moreno Peña,"9/23/25, 11:28 AM","Hey Adrián,   Connecting with business leaders who have remote teams!   Would love to add you to my network to see how you manage it all for your people in Brazil.",INCOMING,https://www.linkedin.com/in/hunterbourgeois,https://www.linkedin.com/in/adrianmoreno
Melike Dogan,Adrián Moreno Peña,"9/23/25, 4:27 AM",,INCOMING,https://www.linkedin.com/in/melikedogan,https://www.linkedin.com/in/adrianmoreno
Jure Sebal,Adrián Moreno Peña,"9/22/25, 11:40 PM","Hi Adrian,  I noticed that Worksome is looking for a Laravel expert.   As an official Laravel partner, we focus on web development and have a dedicated group of 85 people, ready to help you move faster.  Let’s connect to explore how we can support you.  Best regards, Jure",INCOMING,https://www.linkedin.com/in/juresebal,https://www.linkedin.com/in/adrianmoreno
Muskan D,Adrián Moreno Peña,"9/22/25, 8:51 PM",,INCOMING,https://www.linkedin.com/in/muskan-dalawai,https://www.linkedin.com/in/adrianmoreno
Patrick Thompson,Adrián Moreno Peña,"9/22/25, 12:37 PM",,INCOMING,https://www.linkedin.com/in/patrickt010,https://www.linkedin.com/in/adrianmoreno
Krzysztof Świątecki,Adrián Moreno Peña,"9/22/25, 3:56 AM",,INCOMING,https://www.linkedin.com/in/krzysztof-swiatecki,https://www.linkedin.com/in/adrianmoreno
Liudmyla Bourguignon,Adrián Moreno Peña,"9/22/25, 2:37 AM",,INCOMING,https://www.linkedin.com/in/liudmyla-bourguignon-991ba0230,https://www.linkedin.com/in/adrianmoreno
Shubham Mathur,Adrián Moreno Peña,"9/20/25, 10:28 AM",,INCOMING,https://www.linkedin.com/in/shubham-mathur-biz,https://www.linkedin.com/in/adrianmoreno
Mahmoud Abulebdeh,Adrián Moreno Peña,"9/18/25, 1:19 PM",,INCOMING,https://www.linkedin.com/in/mahmoudabulebdeh,https://www.linkedin.com/in/adrianmoreno
Tetiana Lushyna,Adrián Moreno Peña,"9/18/25, 3:28 AM",,INCOMING,https://www.linkedin.com/in/tatiana-lushyna,https://www.linkedin.com/in/adrianmoreno
Fathima Fasna,Adrián Moreno Peña,"9/18/25, 12:08 AM",,INCOMING,https://www.linkedin.com/in/fasnajifry,https://www.linkedin.com/in/adrianmoreno
Amoos Ghori,Adrián Moreno Peña,"9/17/25, 3:44 AM",,INCOMING,https://www.linkedin.com/in/amoosjohn,https://www.linkedin.com/in/adrianmoreno
Stephen Holland,Adrián Moreno Peña,"9/17/25, 1:12 AM",,INCOMING,https://www.linkedin.com/in/stephen-holland-49a13284,https://www.linkedin.com/in/adrianmoreno
Nilesh Mishra,Adrián Moreno Peña,"9/16/25, 3:55 AM",,INCOMING,https://www.linkedin.com/in/co-foundernileshmishra,https://www.linkedin.com/in/adrianmoreno
Kaan Kilic,Adrián Moreno Peña,"9/16/25, 3:52 AM",,INCOMING,https://www.linkedin.com/in/kaankilic,https://www.linkedin.com/in/adrianmoreno
Aarthi Chandrasekar,Adrián Moreno Peña,"9/15/25, 3:12 AM","Hi Adrian, This is Aarthi from DSRC. I would like to add you in my professional network. Please accept my request for connection.",INCOMING,https://www.linkedin.com/in/aarthi-chandrasekar-601726b3,https://www.linkedin.com/in/adrianmoreno
Agata Waszak,Adrián Moreno Peña,"9/14/25, 6:29 PM","Hi Adrián, We operate in a similar SaaS/scale-up ecosystem and I've been seeing a lot of interesting activity in Denmark, including Worksome. I'd love to connect with you and share insights on tech developments in the region.",INCOMING,https://www.linkedin.com/in/agata-waszak-457773239,https://www.linkedin.com/in/adrianmoreno
Tani Makovsky,Adrián Moreno Peña,"9/14/25, 10:43 AM",,INCOMING,https://www.linkedin.com/in/tani,https://www.linkedin.com/in/adrianmoreno
Jyotin Goyal ,Adrián Moreno Peña,"9/13/25, 3:10 AM",,INCOMING,https://www.linkedin.com/in/jyotin-goyal-9790a43a,https://www.linkedin.com/in/adrianmoreno
Daniel Gropp,Adrián Moreno Peña,"9/12/25, 1:44 AM",,INCOMING,https://www.linkedin.com/in/dgropp,https://www.linkedin.com/in/adrianmoreno
Dinko Kortzanov,Adrián Moreno Peña,"9/11/25, 6:21 AM","Hi Adrián,   Sorry to connect out of the blue, but could you help a colleague out?   I’m trying to find who the right person in Worksome is, to talk about outsourcing of IT experts as we matchmake talents from our network of 400+ IT vendors in E. Europe.   Тhanks, Dinko ",INCOMING,https://www.linkedin.com/in/dinkok,https://www.linkedin.com/in/adrianmoreno
Marilyn Fuah-Durugo,Adrián Moreno Peña,"7/2/25, 5:00 AM",,INCOMING,https://www.linkedin.com/in/marilyn-fuahdurugo,https://www.linkedin.com/in/adrianmoreno
Rajmund Toth,Adrián Moreno Peña,"9/11/25, 4:32 AM",,INCOMING,https://www.linkedin.com/in/rajmund-toth,https://www.linkedin.com/in/adrianmoreno
Ashwani Agarwal,Adrián Moreno Peña,"9/11/25, 4:12 AM",,INCOMING,https://www.linkedin.com/in/ashwani-agarwal-32520322,https://www.linkedin.com/in/adrianmoreno
Adel Stiti,Adrián Moreno Peña,"9/10/25, 12:27 PM","Hello,  I would love to connect with you and be grateful if you could accept my connection request.",INCOMING,https://www.linkedin.com/in/adelstiti,https://www.linkedin.com/in/adrianmoreno
Zornitsa Ilieva,Adrián Moreno Peña,"9/9/25, 7:13 AM",,INCOMING,https://www.linkedin.com/in/zilieva,https://www.linkedin.com/in/adrianmoreno
Jackie Clapis,Adrián Moreno Peña,"9/9/25, 5:42 AM",,INCOMING,https://www.linkedin.com/in/jackie-clapis-43619217a,https://www.linkedin.com/in/adrianmoreno
Alex Hookings,Adrián Moreno Peña,"9/9/25, 12:03 AM","Hej Adrián, I'm Alex, a tech recruiter with 12+ yrs of exp. in the European market. I’ve reviewed what skill sets you are hiring for and have 2-3 headhunted candidates who are an excellent match. I work on a ""no hire, no fee"" basis, and my rates are highly competitive. Let's connect? :)",INCOMING,https://www.linkedin.com/in/alex-tech-recruiter,https://www.linkedin.com/in/adrianmoreno
Erik Leibner,Adrián Moreno Peña,"9/8/25, 8:12 AM",,INCOMING,https://www.linkedin.com/in/erik-leibner,https://www.linkedin.com/in/adrianmoreno
Ali Tahmasebi Nooshabadi,Adrián Moreno Peña,"9/5/25, 9:23 AM",,INCOMING,https://www.linkedin.com/in/ali-tahmasebi-nooshabadi,https://www.linkedin.com/in/adrianmoreno
Christine Miller,Adrián Moreno Peña,"9/5/25, 7:58 AM",,INCOMING,https://www.linkedin.com/in/christinemil,https://www.linkedin.com/in/adrianmoreno
Monsif Mokadim,Adrián Moreno Peña,"9/4/25, 7:35 AM","Hola Adrián! Gracias por tu tiempo hoy :) Solo por si pasamos al siguiente punto, en que lenguaje se hace el pair programming? Supondré PHP, pero me quiero asegurar.",INCOMING,https://www.linkedin.com/in/monsif-mokadim,https://www.linkedin.com/in/adrianmoreno
Valeriya Tolkacheva,Adrián Moreno Peña,"9/4/25, 2:22 AM",Hello Adrian. We offer software development support with world-class talent starting at $27/h for senior-level SDE based in Belarus and can help you cut costs and time to market. References are available on request,INCOMING,https://www.linkedin.com/in/valeriya-tolkacheva,https://www.linkedin.com/in/adrianmoreno
Marco Mannino,Adrián Moreno Peña,"9/4/25, 1:19 AM",,INCOMING,https://www.linkedin.com/in/marco-mannino-053960225,https://www.linkedin.com/in/adrianmoreno
Ilaria Biancardi,Adrián Moreno Peña,"9/2/25, 1:15 PM",,INCOMING,https://www.linkedin.com/in/ilaria-biancardi-a2732a189,https://www.linkedin.com/in/adrianmoreno
Gena Panich,Adrián Moreno Peña,"9/2/25, 2:20 AM","Hi Adrián , It's Gena from Smartexe Ltd. I noticed your company is looking for software developers. At Smartexe, we have a talented pool of candidates with strong experience in various industries, and I’d love to see if any of them might be a good fit.  Let's connect! Gena",INCOMING,https://www.linkedin.com/in/genapanich,https://www.linkedin.com/in/adrianmoreno
Shivangi Tiwari,Adrián Moreno Peña,"9/1/25, 1:04 PM",,INCOMING,https://www.linkedin.com/in/shivangi-tiwarii,https://www.linkedin.com/in/adrianmoreno
Tom Kerwin,Adrián Moreno Peña,"9/1/25, 5:01 AM","Hey Adrián, enjoyed your post about curiosity and iteration – right in our sweet spot. I'd love to grab a coffee sometime and swap notes :D",INCOMING,https://www.linkedin.com/in/tomdkerwin,https://www.linkedin.com/in/adrianmoreno
Vitaliy Steffensen,Adrián Moreno Peña,"8/31/25, 10:44 PM",,INCOMING,https://www.linkedin.com/in/vitaliy-steffensen-04b4b71b1,https://www.linkedin.com/in/adrianmoreno
Saad Ul Hassan,Adrián Moreno Peña,"8/29/25, 4:15 PM",,INCOMING,https://www.linkedin.com/in/saad-ul-hassan-72a7b1190,https://www.linkedin.com/in/adrianmoreno
Sakshi Dale,Adrián Moreno Peña,"8/29/25, 10:06 AM","Hi, I saw that you are hiring top tech talent for your company. I am an award winning software engineer with 4+ years of experience in the IT industry, currently seeking new opportunities. I’d like to connect and chat regarding my background fits for open job roles at your company. Thanks, Sakshi",INCOMING,https://www.linkedin.com/in/sakshid-email01,https://www.linkedin.com/in/adrianmoreno
David Ballew,Adrián Moreno Peña,"8/29/25, 2:32 AM",,INCOMING,https://www.linkedin.com/in/david-ballew,https://www.linkedin.com/in/adrianmoreno
Shahriar Abdullah,Adrián Moreno Peña,"8/28/25, 9:58 AM",,INCOMING,https://www.linkedin.com/in/shahriar-abdullah-29308b145,https://www.linkedin.com/in/adrianmoreno
Daria Ostapenko,Adrián Moreno Peña,"8/28/25, 1:09 AM",,INCOMING,https://www.linkedin.com/in/daria-ostapenko-embrox,https://www.linkedin.com/in/adrianmoreno
Denis Bilenko,Adrián Moreno Peña,"8/27/25, 9:03 PM",,INCOMING,https://www.linkedin.com/in/denis-bilenko-99620a233,https://www.linkedin.com/in/adrianmoreno
Oli Stockford,Adrián Moreno Peña,"8/27/25, 2:50 PM",,INCOMING,https://www.linkedin.com/in/oli-stockford,https://www.linkedin.com/in/adrianmoreno
Henil Mehta,Adrián Moreno Peña,"8/27/25, 12:34 PM",,INCOMING,https://www.linkedin.com/in/henil-mehta,https://www.linkedin.com/in/adrianmoreno
Jack Spencer,Adrián Moreno Peña,"8/27/25, 12:22 PM",,INCOMING,https://www.linkedin.com/in/jackarthurgeorge,https://www.linkedin.com/in/adrianmoreno
Kira Ramskov,Adrián Moreno Peña,"8/27/25, 11:45 AM",,INCOMING,https://www.linkedin.com/in/kira-ramskov,https://www.linkedin.com/in/adrianmoreno
Nikunj Goyal,Adrián Moreno Peña,"8/27/25, 11:32 AM",,INCOMING,https://www.linkedin.com/in/nikunjgoyal31,https://www.linkedin.com/in/adrianmoreno
Ortwin De Witte,Adrián Moreno Peña,"8/26/25, 5:56 AM",,INCOMING,https://www.linkedin.com/in/ortwindewitte,https://www.linkedin.com/in/adrianmoreno
Tomer Chernia,Adrián Moreno Peña,"8/21/25, 11:01 AM",,INCOMING,https://www.linkedin.com/in/tomerchernia,https://www.linkedin.com/in/adrianmoreno
Dhruv Chaudhari,Adrián Moreno Peña,"8/14/25, 1:54 PM",,INCOMING,https://www.linkedin.com/in/dhruvchaud,https://www.linkedin.com/in/adrianmoreno
"Benjamin Tovar Cisneros, MSc",Adrián Moreno Peña,"8/14/25, 7:06 AM",,INCOMING,https://www.linkedin.com/in/benjamintovarcis,https://www.linkedin.com/in/adrianmoreno
Rodrigo Ramos,Adrián Moreno Peña,"8/12/25, 3:46 PM",,INCOMING,https://www.linkedin.com/in/rodrigoramos92,https://www.linkedin.com/in/adrianmoreno
João Vitor Ferreira das Neves,Adrián Moreno Peña,"8/11/25, 2:41 AM",,INCOMING,https://www.linkedin.com/in/vitorneves0,https://www.linkedin.com/in/adrianmoreno
Johana Yuan Feng,Adrián Moreno Peña,"8/7/25, 12:39 AM",,INCOMING,https://www.linkedin.com/in/johanayf,https://www.linkedin.com/in/adrianmoreno
Anders Lykke,Adrián Moreno Peña,"8/6/25, 8:45 AM",,INCOMING,https://www.linkedin.com/in/lykkeanders,https://www.linkedin.com/in/adrianmoreno
Denys  Prokofyev,Adrián Moreno Peña,"7/31/25, 1:10 AM",,INCOMING,https://www.linkedin.com/in/denys-prokofyev-580949236,https://www.linkedin.com/in/adrianmoreno
Andrii Mykhailov,Adrián Moreno Peña,"7/31/25, 12:26 AM",,INCOMING,https://www.linkedin.com/in/andrii-mykhailov-66135a115,https://www.linkedin.com/in/adrianmoreno
Sridhar M,Adrián Moreno Peña,"7/30/25, 8:00 AM",,INCOMING,https://www.linkedin.com/in/sridharmanoharan,https://www.linkedin.com/in/adrianmoreno
Drenit Sadiku,Adrián Moreno Peña,"7/28/25, 2:08 PM",,INCOMING,https://www.linkedin.com/in/drenit-sadiku,https://www.linkedin.com/in/adrianmoreno
Alena Shmorgunova,Adrián Moreno Peña,"7/28/25, 3:30 AM",,INCOMING,https://www.linkedin.com/in/alena-shmorgunova-23323b267,https://www.linkedin.com/in/adrianmoreno
Katia Cirlene,Adrián Moreno Peña,"7/26/25, 2:05 AM",,INCOMING,https://www.linkedin.com/in/katiacirlene,https://www.linkedin.com/in/adrianmoreno
Bárbara Burdisso,Adrián Moreno Peña,"7/25/25, 4:36 AM",,INCOMING,https://www.linkedin.com/in/bárbara-burdisso-9b887463,https://www.linkedin.com/in/adrianmoreno
Bobbie Goneva,Adrián Moreno Peña,"7/21/25, 9:02 AM",,INCOMING,https://www.linkedin.com/in/bobbiegoneva,https://www.linkedin.com/in/adrianmoreno
"Genevieve Rogel, PMP",Adrián Moreno Peña,"7/21/25, 6:30 AM",,INCOMING,https://www.linkedin.com/in/genevieverogel,https://www.linkedin.com/in/adrianmoreno
Bharath Rao,Adrián Moreno Peña,"7/21/25, 6:06 AM","Hi, I'd love to connect.",INCOMING,https://www.linkedin.com/in/bharrao,https://www.linkedin.com/in/adrianmoreno
RUCHIT PARIKH,Adrián Moreno Peña,"7/21/25, 4:18 AM",,INCOMING,https://www.linkedin.com/in/ruchit-parikh,https://www.linkedin.com/in/adrianmoreno
Christopher Nguyen,Adrián Moreno Peña,"7/20/25, 7:34 AM",,INCOMING,https://www.linkedin.com/in/christophernguyen225,https://www.linkedin.com/in/adrianmoreno
Mithat Samet Kaskara,Adrián Moreno Peña,"7/19/25, 1:01 PM",,INCOMING,https://www.linkedin.com/in/mithat-samet-kaskara,https://www.linkedin.com/in/adrianmoreno
Branko Toshin,Adrián Moreno Peña,"7/18/25, 4:38 AM",,INCOMING,https://www.linkedin.com/in/branko-toshin-5767a793,https://www.linkedin.com/in/adrianmoreno
"Alex Huerta, CISA",Adrián Moreno Peña,"7/17/25, 2:57 PM",,INCOMING,https://www.linkedin.com/in/alex-huerta-cisa-4523755,https://www.linkedin.com/in/adrianmoreno
Jacob Jørgensen,Adrián Moreno Peña,"7/16/25, 8:50 AM","Hi Adrián,  It's your favourite recruiter here(The guy with all the personalised outreaches ;))  Seemed like you kept yourself busy during your pat leave. Congratulations on the new job!   I just wanted to poke my head in to remind you who to go to when you are hiring. :-D",INCOMING,https://www.linkedin.com/in/jacobeljorgensen,https://www.linkedin.com/in/adrianmoreno
Tim Groves BA (Hons),Adrián Moreno Peña,"7/15/25, 6:27 AM","Adrian, I'd like to connect as my company Symbols build design systems. We specialise in custom and reusable UI that can be used across any web project strengthening trust and brand identity to stand out more and saving you up to 90% in web development costs. Hope this is of interest? Regards Tim  ",INCOMING,https://www.linkedin.com/in/timgroves1,https://www.linkedin.com/in/adrianmoreno
Alex Ferrario,Adrián Moreno Peña,"7/14/25, 10:41 AM",,INCOMING,https://www.linkedin.com/in/ferrarioalex,https://www.linkedin.com/in/adrianmoreno
Sahil Choksi,Adrián Moreno Peña,"7/13/25, 7:58 PM",,INCOMING,https://www.linkedin.com/in/sahil-choksi,https://www.linkedin.com/in/adrianmoreno
Pedro Felipe Dominguite,Adrián Moreno Peña,"7/13/25, 4:29 AM",,INCOMING,https://www.linkedin.com/in/dominguite,https://www.linkedin.com/in/adrianmoreno
Jeroen de Rooij,Adrián Moreno Peña,"7/10/25, 2:06 PM",,INCOMING,https://www.linkedin.com/in/ja-de-rooij,https://www.linkedin.com/in/adrianmoreno
Connor Fitzgerald,Adrián Moreno Peña,"7/10/25, 12:47 PM",,INCOMING,https://www.linkedin.com/in/connor-m-fitzgerald,https://www.linkedin.com/in/adrianmoreno
Oliver Sinclair,Adrián Moreno Peña,"7/10/25, 7:19 AM",,INCOMING,https://www.linkedin.com/in/oliver-sinclair,https://www.linkedin.com/in/adrianmoreno
Paulo Eduardo Franco,Adrián Moreno Peña,"7/9/25, 4:49 PM",,INCOMING,https://www.linkedin.com/in/paulo-eduardo-franco-189aa22b8,https://www.linkedin.com/in/adrianmoreno
Colin McDonagh,Adrián Moreno Peña,"7/9/25, 8:20 AM",,INCOMING,https://www.linkedin.com/in/colinmcdonagh,https://www.linkedin.com/in/adrianmoreno
Kristupas Steckis,Adrián Moreno Peña,"7/9/25, 8:11 AM",,INCOMING,https://www.linkedin.com/in/kristupas-steckis,https://www.linkedin.com/in/adrianmoreno
Mathieu Govoni,Adrián Moreno Peña,"7/8/25, 6:39 AM","Hi Adrián, Great to see Worksome signed up for a trial of Productboard. I am your point of contact should you need help and additional guidance whilst exploring the platform.   Whether you're just looking or actively in market looking for product management tools, I'd like to connect.   Mathieu ",INCOMING,https://www.linkedin.com/in/mathieu-govoni-533aab130,https://www.linkedin.com/in/adrianmoreno
Manasi Mantri,Adrián Moreno Peña,"7/8/25, 4:02 AM",,INCOMING,https://www.linkedin.com/in/manasimantri,https://www.linkedin.com/in/adrianmoreno
"Syed Nouman NAJM, NN",Adrián Moreno Peña,"7/7/25, 3:46 PM",,INCOMING,https://www.linkedin.com/in/syed-nouman-najm-nn-53760724,https://www.linkedin.com/in/adrianmoreno
Abdul Mannan Qureshi,Adrián Moreno Peña,"7/7/25, 1:35 PM",,INCOMING,https://www.linkedin.com/in/abdulmannanqureshi,https://www.linkedin.com/in/adrianmoreno
Thomas Marchese,Adrián Moreno Peña,"7/7/25, 9:25 AM",,INCOMING,https://www.linkedin.com/in/thomas-marchese051,https://www.linkedin.com/in/adrianmoreno
Arturo Pereyra ,Adrián Moreno Peña,"7/7/25, 7:23 AM","Hola Adrián, fue un placer conocerte en Sumup! Sigamos conectados por aquí.  Saludos Arturo ",INCOMING,https://www.linkedin.com/in/arturopereyra,https://www.linkedin.com/in/adrianmoreno
M. Oguz Kayahan I CIPP/E,Adrián Moreno Peña,"7/7/25, 4:37 AM",,INCOMING,https://www.linkedin.com/in/mokayahan,https://www.linkedin.com/in/adrianmoreno
Kanlayanee Dasawat,Adrián Moreno Peña,"7/7/25, 3:51 AM",,INCOMING,https://www.linkedin.com/in/kanlayanee-dasawat,https://www.linkedin.com/in/adrianmoreno
Connor  Downey,Adrián Moreno Peña,"7/7/25, 3:40 AM",,INCOMING,https://www.linkedin.com/in/connor-downey-2b8303204,https://www.linkedin.com/in/adrianmoreno
Nicole Beasley,Adrián Moreno Peña,"7/7/25, 3:20 AM",,INCOMING,https://www.linkedin.com/in/nicole-beasley-a540a265,https://www.linkedin.com/in/adrianmoreno
Afolabi Abass,Adrián Moreno Peña,"7/6/25, 11:52 AM",,INCOMING,https://www.linkedin.com/in/afolabiabass,https://www.linkedin.com/in/adrianmoreno
Elton Petro,Adrián Moreno Peña,"7/6/25, 10:58 AM",,INCOMING,https://www.linkedin.com/in/elton-petro-59b289b1,https://www.linkedin.com/in/adrianmoreno
Glauber Firmino de Oliveira,Adrián Moreno Peña,"7/5/25, 4:03 AM",,INCOMING,https://www.linkedin.com/in/glauber-firmino-de-oliveira-59564370,https://www.linkedin.com/in/adrianmoreno
Ivona Stoyanova,Adrián Moreno Peña,"7/3/25, 10:29 PM",,INCOMING,https://www.linkedin.com/in/ivonasto,https://www.linkedin.com/in/adrianmoreno
Nida Khan,Adrián Moreno Peña,"7/3/25, 11:28 AM",,INCOMING,https://www.linkedin.com/in/nida-khan-5a78a31a5,https://www.linkedin.com/in/adrianmoreno
Zaid Abdullah,Adrián Moreno Peña,"7/2/25, 11:39 AM",,INCOMING,https://www.linkedin.com/in/zaidabdullah92,https://www.linkedin.com/in/adrianmoreno
Max Vasilev,Adrián Moreno Peña,"7/2/25, 6:37 AM",,INCOMING,https://www.linkedin.com/in/max-vasilev-4509b6230,https://www.linkedin.com/in/adrianmoreno
🏔️ Max Baldock,Adrián Moreno Peña,"7/2/25, 5:44 AM",,INCOMING,https://www.linkedin.com/in/maxbaldock,https://www.linkedin.com/in/adrianmoreno
Megan Roberts Loeza,Adrián Moreno Peña,"7/2/25, 3:53 AM",,INCOMING,https://www.linkedin.com/in/megan-rolo,https://www.linkedin.com/in/adrianmoreno
Georgi Lyubenov,Adrián Moreno Peña,"7/2/25, 3:01 AM",,INCOMING,https://www.linkedin.com/in/georgi-lyubenov-830a5a199,https://www.linkedin.com/in/adrianmoreno
Nevena Mihaleva,Adrián Moreno Peña,"7/2/25, 2:53 AM",,INCOMING,https://www.linkedin.com/in/nevena-mihaleva-830658147,https://www.linkedin.com/in/adrianmoreno
Vladimir Romanov,Adrián Moreno Peña,"7/2/25, 2:27 AM",,INCOMING,https://www.linkedin.com/in/vladimir-romanov,https://www.linkedin.com/in/adrianmoreno
Teodora Cholakova,Adrián Moreno Peña,"7/2/25, 1:43 AM",,INCOMING,https://www.linkedin.com/in/teodora-cholakova-5a67aaaa,https://www.linkedin.com/in/adrianmoreno
Hamed Silatani,Adrián Moreno Peña,"7/1/25, 3:58 PM",,INCOMING,https://www.linkedin.com/in/hamed-silatani-a426538,https://www.linkedin.com/in/adrianmoreno
Vivian Pucher,Adrián Moreno Peña,"7/1/25, 1:17 PM",,INCOMING,https://www.linkedin.com/in/vivian-pucher-53a85284,https://www.linkedin.com/in/adrianmoreno
Mohammad Taqi,Adrián Moreno Peña,"7/1/25, 5:04 AM",,INCOMING,https://www.linkedin.com/in/mohammad-taqi-s,https://www.linkedin.com/in/adrianmoreno
Mirco Stege,Adrián Moreno Peña,"7/1/25, 4:18 AM",,INCOMING,https://www.linkedin.com/in/stegeit,https://www.linkedin.com/in/adrianmoreno
Rahul Das,Adrián Moreno Peña,"6/30/25, 11:35 AM",,INCOMING,https://www.linkedin.com/in/rahuldas782,https://www.linkedin.com/in/adrianmoreno
Rob Hill,Adrián Moreno Peña,"6/30/25, 11:23 AM",,INCOMING,https://www.linkedin.com/in/robhillfonoa,https://www.linkedin.com/in/adrianmoreno
Gaia Fenoglio,Adrián Moreno Peña,"6/30/25, 10:42 AM",,INCOMING,https://www.linkedin.com/in/gaiafenoglio,https://www.linkedin.com/in/adrianmoreno
Nicolas Brenner,Adrián Moreno Peña,"6/30/25, 9:08 AM","Hi, Adrián! LinkedIn recommended we connect–probably because we’re both in the vibe coding space. Would love to connect! ",INCOMING,https://www.linkedin.com/in/nicobrenner,https://www.linkedin.com/in/adrianmoreno
"Dimitar Tyutyulkov, CAMS",Adrián Moreno Peña,"6/30/25, 5:34 AM",,INCOMING,https://www.linkedin.com/in/d-tyutyulkov,https://www.linkedin.com/in/adrianmoreno
Aaron Dominguez,Adrián Moreno Peña,"6/30/25, 5:14 AM",,INCOMING,https://www.linkedin.com/in/aaron-dominguez-costas,https://www.linkedin.com/in/adrianmoreno
🧙‍♂️Adrian Kodja,Adrián Moreno Peña,"6/30/25, 3:16 AM",,INCOMING,https://www.linkedin.com/in/adriankodja,https://www.linkedin.com/in/adrianmoreno
Kaustubh Deshmukh,Adrián Moreno Peña,"6/30/25, 1:27 AM",,INCOMING,https://www.linkedin.com/in/deshmukhkaustubh,https://www.linkedin.com/in/adrianmoreno
Romain Giacalone,Adrián Moreno Peña,"6/29/25, 1:17 PM",,INCOMING,https://www.linkedin.com/in/rgiacalone,https://www.linkedin.com/in/adrianmoreno
Todor Tabakov,Adrián Moreno Peña,"6/29/25, 1:09 PM",,INCOMING,https://www.linkedin.com/in/ttabak0v,https://www.linkedin.com/in/adrianmoreno
Nicolas Vrillaud,Adrián Moreno Peña,"6/27/25, 8:24 AM",,INCOMING,https://www.linkedin.com/in/nicolasvrillaud,https://www.linkedin.com/in/adrianmoreno
Kiril Todorov,Adrián Moreno Peña,"6/30/25, 12:34 AM",,INCOMING,https://www.linkedin.com/in/kiriltodorovsysadm,https://www.linkedin.com/in/adrianmoreno
Raphael Piccolo,Adrián Moreno Peña,"6/29/25, 7:57 PM",,INCOMING,https://www.linkedin.com/in/raphael-piccolo-81582821b,https://www.linkedin.com/in/adrianmoreno
Mark Anthony Hernandez,Adrián Moreno Peña,"6/28/25, 6:46 AM",,INCOMING,https://www.linkedin.com/in/mark-anthony-hernandez-0b2242242,https://www.linkedin.com/in/adrianmoreno
Izaac Somers,zetxek@gmail.com,"8/31/16, 1:28 AM",,INCOMING,https://www.linkedin.com/in/izaac-somers,
