Question,Answer
What is your level of proficiency in eng?,Professional
How many years of work experience do you have with Java?,6
Do you speak English?,Yes
State,
City,
Cover letter,
Mobile phone number, +45 31579827
ZIP / Postal Code,
Last name,
First name,
Street address line 1,
How many years of work experience do you have with Amazon Web Services (AWS)?,6
How many years of work experience do you have with Agile Project Management?,15
Have you completed the following level of education: Bachelor's Degree?,Yes
Are you legally authorized to work in DK?,Yes
Please submit a resume or LinkedIn profile, -1733822612.pdf
How many years of work experience do you have with Product Innovation?,12
How many years of work experience do you have with Digital Media?,16
