Action,Date,Ad Title/Id,Page/App
Impression,2025/08/07,589855134,techcrunch.com
Impression,2025/08/07,589882394,techcrunch.com
Impression,2025/08/07,602868624,techcrunch.com
Impression,2025/08/07,642572803,techcrunch.com
Impression,2025/08/07,699439594,techcrunch.com
Impression,2025/08/15,642590073,techcrunch.com
Impression,2025/09/12,589891244,independent.co.uk
Impression,2025/09/12,602936954,independent.co.uk
Impression,2025/09/12,733890594,independent.co.uk
Impression,2025/09/12,742242744,independent.co.uk
Impression,2025/09/12,820965363,independent.co.uk
Impression,2025/09/23,633809033,reuters.com
Impression,2025/09/23,633847763,reuters.com
Impression,2025/09/23,633873173,reuters.com
Impression,2025/09/23,642565793,reuters.com
Impression,2025/09/23,649545813,reuters.com
Impression,2025/09/23,672648764,reuters.com
Impression,2025/09/23,672668424,reuters.com
Impression,2025/09/23,696474113,reuters.com
Impression,2025/09/23,707106084,reuters.com
Impression,2025/09/23,707106094,reuters.com
Impression,2025/09/23,707153364,reuters.com
Impression,2025/09/23,711514243,reuters.com
Impression,2025/09/23,733458454,reuters.com
Impression,2025/09/23,733466084,reuters.com
Impression,2025/09/23,733890594,reuters.com
Impression,2025/09/23,747268884,reuters.com
Impression,2025/09/23,747646904,reuters.com
Impression,2025/09/23,747828054,reuters.com
Impression,2025/09/23,759119674,reuters.com
Impression,2025/09/23,766429234,reuters.com
Impression,2025/09/23,771290354,reuters.com
Impression,2025/09/23,771449904,reuters.com
Impression,2025/09/23,775930393,reuters.com
Impression,2025/09/23,833855183,reuters.com
Impression,2025/09/23,833964243,reuters.com
Impression,2025/09/23,834085943,reuters.com
Impression,2025/09/23,836556053,reuters.com
Impression,2025/09/23,836775133,reuters.com
Impression,2025/09/23,841192803,reuters.com
Impression,2025/09/24,589845754,marca.com
Impression,2025/09/24,589855284,marca.com
Impression,2025/09/24,602936954,marca.com
Impression,2025/09/24,642590073,marca.com
Impression,2025/09/24,646551963,marca.com
Impression,2025/09/24,649528183,marca.com
Impression,2025/09/24,649546843,marca.com
Impression,2025/09/24,676302404,marca.com
Impression,2025/09/24,771530294,marca.com
Impression,2025/09/24,811184633,marca.com
Impression,2025/09/24,836586263,marca.com
Impression,2025/09/25,589826494,marca.com
Impression,2025/09/25,589855284,marca.com
Impression,2025/09/25,598791284,marca.com
Impression,2025/09/25,602936954,marca.com
Impression,2025/09/25,633654193,marca.com
Impression,2025/09/25,635708744,marca.com
Impression,2025/09/25,642590073,marca.com
Impression,2025/09/25,649528183,marca.com
Impression,2025/09/25,693422253,marca.com
Impression,2025/09/25,702598484,marca.com
Impression,2025/09/25,708503823,marca.com
Impression,2025/09/25,712606924,marca.com
Impression,2025/09/25,733449134,marca.com
Impression,2025/09/25,733495494,marca.com
Impression,2025/09/25,736850113,marca.com
Impression,2025/09/25,749615186,marca.com
Impression,2025/09/25,749633396,marca.com
Impression,2025/09/25,749643036,marca.com
Impression,2025/09/25,758301984,marca.com
Impression,2025/09/25,766234794,marca.com
Impression,2025/09/25,766779024,marca.com
Impression,2025/09/25,766924574,marca.com
Impression,2025/09/25,771302864,marca.com
Impression,2025/09/25,771449904,marca.com
Impression,2025/09/25,771520274,marca.com
Impression,2025/09/25,810831333,marca.com
Impression,2025/09/25,811204533,marca.com
Impression,2025/09/25,811283873,marca.com
Impression,2025/09/25,813693503,marca.com
Impression,2025/09/25,833837933,marca.com
Impression,2025/09/25,834025693,marca.com
Impression,2025/09/25,836263583,marca.com
Impression,2025/09/25,836516023,marca.com
Impression,2025/09/25,836576723,marca.com
Impression,2025/09/25,836712973,marca.com
Impression,2025/09/25,836855203,marca.com
Impression,2025/09/25,848278823,marca.com
Impression,2025/09/25,851260213,marca.com
Impression,2025/09/25,851290163,marca.com
Impression,2025/09/25,852100293,marca.com
Impression,2025/09/25,852119153,marca.com
Impression,2025/09/25,852161143,marca.com
Impression,2025/09/25,854268823,marca.com
Impression,2025/09/25,854535693,marca.com
Impression,2025/09/25,856498916,marca.com
Impression,2025/09/25,856531276,marca.com
Impression,2025/09/25,873902796,marca.com
Impression,2025/09/26,238208303,marca.com
Impression,2025/09/26,323047676,marca.com
Impression,2025/09/26,635918434,marca.com
Impression,2025/09/26,693422253,marca.com
Impression,2025/09/26,711514243,marca.com
Impression,2025/09/26,749615166,marca.com
Impression,2025/09/26,749643036,marca.com
Impression,2025/09/26,766302414,marca.com
Impression,2025/09/26,854268823,marca.com
Impression,2025/09/29,472103364,marca.com
Impression,2025/09/29,589863994,marca.com
Impression,2025/09/29,647909254,marca.com
Impression,2025/09/29,672688574,marca.com
Impression,2025/09/29,747236284,marca.com
Impression,2025/09/29,747283334,marca.com
Impression,2025/09/29,747322704,marca.com
Impression,2025/09/29,747342384,marca.com
Impression,2025/09/29,749643036,marca.com
Impression,2025/09/29,758633024,marca.com
Impression,2025/09/29,766987294,marca.com
Impression,2025/09/29,777058014,marca.com
Impression,2025/09/29,777143464,marca.com
Impression,2025/09/29,836566563,marca.com
Impression,2025/09/29,836712973,marca.com
Impression,2025/09/29,854617523,marca.com
Impression,2025/10/01,733890594,marca.com
Impression,2025/10/01,833855183,marca.com
Impression,2025/10/02,589845754,marca.com
Impression,2025/10/02,602868624,marca.com
Impression,2025/10/02,633808983,marca.com
Impression,2025/10/03,655614863,marca.com
Impression,2025/10/03,811214313,marca.com
Impression,2025/10/03,836486213,marca.com
Impression,2025/10/06,602868624,marca.com
Impression,2025/10/06,642590073,marca.com
Impression,2025/10/06,649556083,marca.com
Impression,2025/10/06,693422253,marca.com
Impression,2025/10/06,711514243,marca.com
Impression,2025/10/06,747302774,marca.com
Impression,2025/10/06,771449904,marca.com
Impression,2025/10/06,777058014,marca.com
Impression,2025/10/06,836576703,marca.com
Impression,2025/10/07,589891544,forbes.com
Impression,2025/10/07,749633396,marca.com
Impression,2025/10/07,749643036,marca.com
Impression,2025/10/08,629508013,marca.com
Impression,2025/10/08,633847763,marca.com
Impression,2025/10/08,649564933,marca.com
Impression,2025/10/08,676302404,marca.com
Impression,2025/10/08,733449134,marca.com
Impression,2025/10/08,733495494,marca.com
Impression,2025/10/08,777058014,marca.com
Impression,2025/10/08,826778414,marca.com
Impression,2025/10/08,833855183,marca.com
Impression,2025/10/08,839562044,marca.com
Impression,2025/10/16,633808983,marca.com
Impression,2025/10/16,642590073,marca.com
Impression,2025/10/16,649518063,marca.com
Impression,2025/10/16,711514243,marca.com
Impression,2025/10/16,751154334,marca.com
Impression,2025/10/16,758301244,marca.com
Impression,2025/10/16,833855183,marca.com
Impression,2025/10/16,862566494,marca.com
Impression,2025/10/16,867004833,marca.com
Impression,2025/10/16,876262523,marca.com
Impression,2025/10/17,747322704,marca.com
Impression,2025/10/17,766429234,marca.com
Impression,2025/10/17,862566494,marca.com
Impression,2025/10/17,876213283,marca.com
Impression,2025/10/19,876213283,marca.com
Impression,2025/10/20,642590073,marca.com
Impression,2025/10/20,649546843,marca.com
Impression,2025/10/20,676302404,reuters.com
Impression,2025/10/20,688700313,marca.com
Impression,2025/10/20,711514243,marca.com
Impression,2025/10/20,733495494,reuters.com
Impression,2025/10/20,733890594,reuters.com
Impression,2025/10/20,742899224,marca.com
Impression,2025/10/20,747302774,marca.com
Impression,2025/10/20,758271804,marca.com
Impression,2025/10/20,766429234,marca.com
Impression,2025/10/20,771007863,marca.com
Impression,2025/10/20,826530574,marca.com
Impression,2025/10/20,839562044,marca.com
Impression,2025/10/20,840089544,marca.com
Impression,2025/10/20,862556974,marca.com
Impression,2025/10/20,866919483,marca.com
Impression,2025/10/20,876213283,marca.com
Impression,2025/10/20,876282553,marca.com
Impression,2025/10/20,876371243,marca.com
Impression,2025/10/20,876380883,marca.com
Impression,2025/10/20,921144716,marca.com
Impression,2025/10/22,438419624,marca.com
Impression,2025/10/22,485410283,marca.com
Impression,2025/10/22,589219214,marca.com
Impression,2025/10/22,635074146,marca.com
Impression,2025/10/22,635699634,marca.com
Impression,2025/10/22,635740364,marca.com
Impression,2025/10/22,635750044,marca.com
Impression,2025/10/22,635986644,marca.com
Impression,2025/10/22,656263244,marca.com
Impression,2025/10/22,656279884,marca.com
Impression,2025/10/22,676302404,marca.com
Impression,2025/10/22,700172724,marca.com
Impression,2025/10/22,733466084,marca.com
Impression,2025/10/22,749615186,marca.com
Impression,2025/10/22,749633396,marca.com
Impression,2025/10/22,749643036,marca.com
Impression,2025/10/22,751065044,marca.com
Impression,2025/10/22,766302414,marca.com
Impression,2025/10/22,833825673,marca.com
Impression,2025/10/22,834085943,marca.com
Impression,2025/10/22,840089544,marca.com
Impression,2025/10/22,851260213,marca.com
Impression,2025/10/22,851290163,marca.com
Impression,2025/10/22,855615764,marca.com
Impression,2025/10/22,856448786,marca.com
Impression,2025/10/22,857641813,marca.com
Impression,2025/10/22,866919483,marca.com
Impression,2025/10/22,901840113,marca.com
Impression,2025/10/22,904224793,marca.com
Impression,2025/10/22,923860086,marca.com
Impression,2025/10/23,655614683,marca.com
Impression,2025/10/23,676302404,marca.com
Impression,2025/10/23,733458454,marca.com
Impression,2025/10/23,733485404,marca.com
Impression,2025/10/23,733890594,marca.com
Impression,2025/10/23,873932706,marca.com
Impression,2025/10/23,876242453,marca.com
Impression,2025/10/23,876400483,marca.com
Impression,2025/10/23,877165763,marca.com
Impression,2025/10/23,878323013,marca.com
Impression,2025/10/23,882733193,marca.com
Impression,2025/10/23,902075473,marca.com
Impression,2025/10/23,904225133,marca.com
Impression,2025/10/27,649528183,marca.com
Impression,2025/10/27,649546843,marca.com
Impression,2025/10/27,749615166,marca.com
Impression,2025/10/27,849315194,marca.com
Impression,2025/10/27,849374674,marca.com
Impression,2025/10/27,862566494,marca.com
Impression,2025/10/27,882479113,marca.com
Impression,2025/10/27,904760153,marca.com
Impression,2025/10/29,633808983,marca.com
Impression,2025/10/29,711514243,marca.com
Impression,2025/10/29,730115324,marca.com
Impression,2025/10/29,733890594,marca.com
Impression,2025/10/29,747283334,marca.com
Impression,2025/10/29,747322704,marca.com
Impression,2025/10/29,749615166,marca.com
Impression,2025/10/29,876282553,marca.com
Impression,2025/10/29,876400483,marca.com
Impression,2025/10/29,878323013,marca.com
Impression,2025/10/29,880800154,marca.com
Impression,2025/10/29,880810054,marca.com
Impression,2025/10/29,912138143,marca.com
Impression,2025/10/29,914216793,marca.com
Impression,2025/10/31,676302404,marca.com
Impression,2025/11/02,759127424,marca.com
Impression,2025/11/02,876242453,marca.com
Impression,2025/11/02,876282553,marca.com
Impression,2025/11/02,876400483,marca.com
Impression,2025/11/02,914672913,marca.com
Impression,2025/11/03,876242453,marca.com
Impression,2025/11/03,912028793,marca.com
Impression,2025/11/03,914672913,marca.com
Impression,2025/11/04,635740364,marca.com
Impression,2025/11/04,642590073,marca.com
Impression,2025/11/04,702578194,marca.com
Impression,2025/11/04,855658784,marca.com
Impression,2025/11/04,857661053,marca.com
Impression,2025/11/04,876371243,marca.com
Impression,2025/11/04,894651384,marca.com
Impression,2025/11/04,905117043,marca.com
Impression,2025/11/04,914815793,marca.com
Impression,2025/11/04,945891006,marca.com
Impression,2025/11/05,635728294,marca.com
Impression,2025/11/05,642590073,marca.com
Impression,2025/11/05,646551963,marca.com
Impression,2025/11/05,656263244,marca.com
Impression,2025/11/05,711514243,marca.com
Impression,2025/11/05,733449134,marca.com
Impression,2025/11/05,749615186,marca.com
Impression,2025/11/05,876213283,marca.com
Impression,2025/11/05,876282553,marca.com
Impression,2025/11/05,876371243,marca.com
Impression,2025/11/05,876400473,marca.com
Impression,2025/11/05,878323013,marca.com
Impression,2025/11/05,886794804,marca.com
Impression,2025/11/05,914216793,marca.com
Impression,2025/11/06,733485404,marca.com
Impression,2025/11/06,733890594,marca.com
Impression,2025/11/06,747236294,marca.com
Impression,2025/11/06,776556214,marca.com
Impression,2025/11/06,895171094,marca.com
Impression,2025/11/06,931383746,marca.com
Impression,2025/11/07,662852803,marca.com
Impression,2025/11/07,733995394,marca.com
Impression,2025/11/11,876371243,marca.com
Impression,2025/11/11,876400483,marca.com
Impression,2025/11/11,895171094,marca.com
Impression,2025/11/11,895527804,marca.com
Impression,2025/11/11,914237963,marca.com
Impression,2025/11/13,642527653,marca.com
Impression,2025/11/13,642590073,marca.com
Impression,2025/11/13,676302404,marca.com
Impression,2025/11/13,711514243,marca.com
Impression,2025/11/13,810894523,marca.com
Impression,2025/11/13,839775654,marca.com
Impression,2025/11/13,876242453,marca.com
Impression,2025/11/13,876282553,marca.com
Impression,2025/11/13,878323013,marca.com
Impression,2025/11/13,886794804,marca.com
Impression,2025/11/13,894398184,marca.com
Impression,2025/11/13,894871354,marca.com
Impression,2025/11/13,915557573,marca.com
Impression,2025/11/13,924836693,marca.com
Impression,2025/11/13,945461176,marca.com
Impression,2025/11/13,945891006,marca.com
Impression,2025/11/14,646551963,marca.com
Impression,2025/11/14,733466084,marca.com
Impression,2025/11/14,733485404,marca.com
Impression,2025/11/14,733890594,marca.com
Impression,2025/11/14,810894523,marca.com
Impression,2025/11/14,839775654,marca.com
Impression,2025/11/14,876400473,marca.com
Impression,2025/11/14,880679514,marca.com
Impression,2025/11/17,635740364,marca.com
Impression,2025/11/18,676302404,marca.com
Impression,2025/11/20,589189304,marca.com
Impression,2025/11/20,633809033,marca.com
Impression,2025/11/20,633880423,marca.com
Impression,2025/11/20,635708744,marca.com
Impression,2025/11/20,646551963,marca.com
Impression,2025/11/20,662852803,marca.com
Impression,2025/11/20,711514243,marca.com
Impression,2025/11/20,733449134,marca.com
Impression,2025/11/20,759058224,marca.com
Impression,2025/11/20,766245084,marca.com
Impression,2025/11/20,810894523,marca.com
Impression,2025/11/20,857680973,marca.com
Impression,2025/11/20,876400483,marca.com
Impression,2025/11/20,880750764,marca.com
Impression,2025/11/20,895171094,marca.com
Impression,2025/11/20,895429304,marca.com
Impression,2025/11/20,895518924,marca.com
Impression,2025/11/20,905093233,marca.com
Impression,2025/11/20,913304394,marca.com
Impression,2025/11/20,916381814,marca.com
Impression,2025/11/20,916550364,marca.com
Impression,2025/11/20,916570464,marca.com
Impression,2025/11/20,916737154,marca.com
Impression,2025/11/20,916820284,marca.com
Impression,2025/11/20,925034703,marca.com
Impression,2025/11/20,925057833,marca.com
Impression,2025/11/20,932192623,marca.com
Impression,2025/11/20,932211523,marca.com
Impression,2025/11/20,941518683,marca.com
Impression,2025/11/20,963374446,marca.com
Impression,2025/11/23,895429304,marca.com
Impression,2025/11/23,916093413,marca.com
Impression,2025/11/23,925004573,marca.com
Impression,2025/11/23,925004583,marca.com
Impression,2025/11/23,925034703,marca.com
Impression,2025/11/23,969242253,marca.com
Impression,2025/12/01,711514243,marca.com
Impression,2025/12/01,876400483,marca.com
Impression,2025/12/01,911714553,marca.com
Impression,2025/12/03,642527653,marca.com
Impression,2025/12/03,642590073,marca.com
Impression,2025/12/03,646551963,marca.com
Impression,2025/12/03,810894523,marca.com
Impression,2025/12/03,878323013,marca.com
Impression,2025/12/03,895171094,marca.com
Impression,2025/12/03,905093233,marca.com
Impression,2025/12/03,916737154,marca.com
Impression,2025/12/03,927176194,marca.com
Impression,2025/12/03,934672234,marca.com
Impression,2025/12/04,878323013,marca.com
Impression,2025/12/04,895171094,marca.com
Impression,2025/12/04,927176194,marca.com
Impression,2025/12/04,976257636,marca.com
Impression,2025/12/04,977557276,marca.com
Impression,2025/12/05,733466084,marca.com
Impression,2025/12/05,813663783,marca.com
Impression,2025/12/05,876371243,marca.com
Impression,2025/12/05,905093233,marca.com
Impression,2025/12/05,912028793,marca.com
Impression,2025/12/05,912107993,marca.com
Impression,2025/12/05,924481823,marca.com
Impression,2025/12/05,926831614,marca.com
Impression,2025/12/05,972804366,marca.com
Impression,2025/12/08,733449134,marca.com
Impression,2025/12/08,916737154,marca.com
Impression,2025/12/23,1072889344,marca.com
Impression,2025/12/23,1073518734,marca.com
Impression,2025/12/23,1097091293,marca.com
Impression,2025/12/23,635740364,marca.com
Impression,2025/12/23,642527653,marca.com
Impression,2025/12/23,642590073,marca.com
Impression,2025/12/23,810894523,marca.com
Impression,2025/12/23,876371243,marca.com
Impression,2025/12/23,895171094,marca.com
Impression,2025/12/23,912079223,marca.com
Impression,2025/12/23,916737154,marca.com
Impression,2025/12/23,926682884,marca.com
Impression,2025/12/23,974386116,marca.com
