Date,Status,FullName
2025-12-24 13:34:48,Unfollow,Johanna Serb
2025-12-23 20:55:05,Active,Emil Sorensen
2025-12-23 15:43:11,Active,Dara Khosrowshahi
2025-12-21 21:04:53,Active,🦔 james hawkins
2025-12-21 21:03:54,Active,Alice Bentinck
2025-12-21 11:18:47,Active,Brian Groth
2025-12-13 07:42:54,Active,Kay Michelsen
2025-12-11 18:50:59,Active,Peter Suhm
2025-12-11 18:08:57,Active,Povilas Korop
2025-12-10 21:00:13,Active,Darian Moody
2025-11-26 15:46:03,Active,Bret Taylor
2025-11-26 07:59:54,Active,Anton Osika
2025-11-17 05:05:37,Active,Ole Dallerup
2025-11-07 19:05:27,Active,Bianca Bruhn
2025-11-01 20:28:24,Unfollow,Sam Matanle 🌍
2025-10-25 20:11:05,Active,Ilkka Paananen
2025-10-25 20:11:01,Active,Sundar  Pichai
2025-10-21 07:38:28,Active,Corey Quinn
2025-10-20 17:30:10,Unfollow,Rachel Smith
2025-10-20 06:54:05,Active,Nico Blier-Silvestri
2025-10-18 05:12:42,Unfollow,Julian Osborne
2025-10-07 18:58:43,Active,Tommy Ahlers
2025-10-06 09:08:31,Active,Ron Cohen
2025-10-06 09:08:09,Active,Rasmus Makwarth
2025-10-03 06:32:45,Active,Thomas Sveum
2025-09-04 09:52:38,Active,Christian Heilmann 👀
2025-08-29 12:22:54,Active,Cary Bailey-Findley
2025-08-29 11:47:40,Active,Sara Rywe
2025-08-28 18:03:58,Active,Ben Gilbert
2025-08-28 07:11:36,Active,Erin McGoff
2025-08-25 07:54:45,Active,Michael Matherly
2025-07-26 19:55:40,Active,Christiane Vejlø
2025-07-21 17:16:41,Active,Rebecca Seeley Harris LLB LLM MSc
2025-07-21 17:16:34,Active,Christoph Niebel
2025-07-21 06:34:20,Active,Jenny Podewils
2025-07-21 06:33:28,Active,Liz Ryan
2025-07-04 19:00:22,Active,Anko van der Werff
2025-06-26 07:59:37,Active,Peter Friis
2025-06-23 13:23:23,Active,Nikolai Skouv Pedersen
2025-06-08 10:31:07,Active,Anders Hejlsberg
2025-06-02 11:14:35,Active,Michael Seifert
2025-05-21 05:09:01,Active,Helle Uth
2025-05-20 15:18:08,Active,Jacob Sherson
2025-05-20 14:35:41,Active,Mathias Grønne
2025-05-20 10:49:32,Active,Henri Schulte
2025-05-12 14:11:24,Active,Michael Lohscheller
2025-05-05 08:17:56,Active,Daniel Stenberg
2025-04-15 12:24:38,Active,Henar Vega
2025-04-10 08:15:54,Active,Joakim Bruchmann
2025-04-10 04:19:12,Active,Ethan Evans
2025-03-31 13:50:47,Active,Steve Anavi
2025-03-31 13:05:11,Active,Aravind Srinivas
2025-03-30 13:27:43,Active,🎄Robert Roskam
2025-03-27 19:29:22,Active,Emma Arfelt
2025-03-23 17:49:37,Active,Florin Lungu
2025-03-22 20:54:41,Active,Przemek Czarnecki
2025-03-22 20:16:21,Active,Severin Hacker
2025-03-21 21:54:34,Active,Jonas Funk
2025-03-20 19:15:23,Active,Rune Mai
2025-03-20 07:55:10,Active,Bill Carr
2025-03-13 19:26:28,Active,Jesper Brøndum
2025-03-13 17:30:02,Active,Victor Riparbelli
2025-03-13 15:50:53,Active,Rasmus Hellmund Carlsen
2025-03-12 19:10:03,Active,Sebastien Blanc
2025-03-11 20:02:58,Active,Lars Grønnegaard Hansen
2025-03-11 19:59:25,Active,Erik Nordahl
2025-03-04 18:53:11,Active,Zuhayeer Musa
2025-03-04 05:51:51,Active,Lucas Bédout
2025-02-27 21:47:51,Active,Simon Wardley
2025-02-24 21:11:09,Active,Morten Elvang
2025-02-24 19:51:06,Active,Adam Kahane
2025-02-22 20:05:08,Active,KRISTINE AMMITZBØLL-BILLE
2025-02-16 20:51:47,Active,Ted Rau
2025-02-09 11:19:11,Active,Sebastian Siemiatkowski
2025-02-04 20:39:37,Active,Casper Kirketerp-Møller
2025-01-29 20:02:23,Active,Esben Gadsbøll
2025-01-18 12:03:01,Active,André Rogaczewski
2025-01-11 14:44:46,Active,Dare Obasanjo
2024-12-23 17:50:15,Active,Jon James
2024-12-12 09:48:37,Active,Sergio Ramón Ruiz Mahillo
2024-12-07 15:11:29,Active,Pim de Morree
2024-12-03 19:26:16,Active,Jim Stratton
2024-11-23 21:30:25,Active,Bjørn Erik Pedersen
2024-11-17 07:54:09,Active,Atul Bhardwaj
2024-11-05 21:42:19,Active,Mette Louise Kaagaard
2024-11-04 18:23:04,Active,Sam Schillace
2024-10-31 21:25:59,Active,Sophus  Blom-Hanssen
2024-10-20 18:41:29,Active,Travis Peoples
2024-10-16 18:12:36,Active,Jordan Shwide
2024-09-28 18:22:47,Active,Theis Søndergaard
2024-09-28 18:19:22,Active,Thor Angelo
2024-09-28 18:17:53,Active,Ulla Brockenhuus-Schack
2024-09-24 21:09:57,Active,Kåre Kjelstrøm
2024-08-27 19:53:49,Active,Rahul Patil
2024-08-25 21:15:07,Active,Viktor Axelsen
2024-08-25 20:01:46,Active,Sid Mudgal
2024-08-24 07:41:50,Active,Frans Woelders
2024-08-24 07:35:28,Active,Timothy Ahrensbach
2024-08-22 12:10:54,Active,Sasha Bilton
2024-08-18 12:08:05,Active,Camilla Cloëtta Falkenberg
2024-08-16 21:32:19,Active,Oskar Funk
2024-07-26 12:06:43,Active,Marcos Urarte
2024-07-23 09:35:18,Active,Bobby Moesta
2024-07-13 19:03:54,Active,Sam Newman
2024-07-07 20:16:05,Active,Nik Storonsky
2024-07-04 20:25:28,Active,Boyan Dimitrov
2024-07-04 13:21:33,Active,Leonel Richard
2024-06-29 13:51:16,Active,Elena Verna
2024-06-27 04:48:25,Active,Nicole Forsgren
2024-06-25 19:43:55,Active,Lenny Rachitsky
2024-06-25 19:43:47,Active,David Pereira
2024-06-23 18:34:44,Active,Maryna Tkachenko
2024-06-10 20:04:52,Active,Kevin Weil
2024-06-05 07:05:04,Active,Lars Christian Grødem-Olsen (Mobility Consultant)
2024-05-29 17:14:49,Active,Andreas Cleve
2024-05-28 15:03:56,Active,Martin Buch Thorborg
2024-05-28 15:03:54,Active,Morten Larsen
2024-05-28 15:03:52,Active,Louise Herping Ellegaard
2024-05-28 15:03:51,Active,Jacob Aarup-Andersen
2024-05-28 15:03:38,Active,Lars Fruergaard Jørgensen
2024-05-26 08:30:17,Active,Shelley Zalis
2024-05-25 19:47:18,Active,Patrick Collison
2024-05-25 16:41:40,Active,Tobias Hallermann
2024-05-06 18:54:50,Active,Sean Mathé
2024-05-03 08:39:55,Active,Ebi Atawodi
2024-04-15 19:32:22,Active,Vincent Clerc
2024-04-15 19:32:07,Active,Jesper Østergaard
2024-04-15 08:40:10,Active,Nichlas Walsted
2024-04-06 09:34:11,Active,Vibeke Bak Solok
2024-04-03 03:58:15,Active,Daniel Pink
2024-04-01 21:05:28,Unfollow,Fran Collado
2024-03-25 21:16:53,Active,Natalie Glance
2024-03-23 00:00:13,Active,Reid Hoffman
2024-03-20 19:53:17,Active,Werner Valeur
2024-03-17 19:38:53,Active,James Everingham
2024-03-12 21:43:11,Active,Norberto Lopes
2024-03-02 15:18:26,Active,Anne Stampe Olesen
2024-03-01 22:56:49,Active,Peter Lange
2024-02-24 21:49:36,Active,Ulrich Scheibelein
2024-02-11 12:39:02,Active,Eric Partaker
2024-02-11 10:34:34,Active,Christian Weinberger
2024-02-06 08:34:35,Active,Thomas Visti
2024-02-04 09:01:43,Active,Vibe Herlitschek
2024-02-03 18:03:52,Active,Meri Williams
2024-01-25 21:23:06,Active,David Moreno
2024-01-25 21:21:14,Active,Alex Chriss
2024-01-21 09:02:55,Active,Kenneth Øhrberg Krag
2024-01-18 21:54:05,Active,Morten Bruun
2024-01-17 20:42:05,Active,Abi Noda
2024-01-03 13:44:42,Active,Emil Maj Christensen
2023-12-31 09:56:04,Active,Joshua Novick
2023-12-12 21:48:28,Active,David Singleton
2023-12-11 21:17:21,Active,Luis von Ahn
2023-12-11 14:21:10,Active,Neil S W Murray
2023-12-10 19:49:18,Unfollow,Sergi Blaya Cutillas
2023-12-07 19:43:01,Active,Aiga Senftleben
2023-12-03 08:32:47,Active,Liz Fong-Jones
2023-12-01 22:10:25,Active,Lior Steinberg
2023-11-24 21:39:11,Active,Javier Cañada
2023-11-18 21:53:00,Active,Kay Xander Mellish
2023-11-18 07:06:03,Active,Laura Tacho
2023-11-17 21:40:07,Active,Ivan Maryasin
2023-11-07 21:19:25,Active,Vitor Olivier
2023-11-07 21:19:03,Active,Michael Nygard
2023-11-04 00:07:11,Active,Lisa Karlin Curtis
2023-11-03 08:53:24,Active,Kasper Groes Albin Ludvigsen
2023-11-02 08:23:19,Active,Gergely Orosz
2023-10-28 14:59:27,Active,Franziska Palumbo-Seidel
2023-10-27 17:10:49,Active,Malthe Milthers
2023-10-26 20:27:46,Unfollow,Alberto Cabello Mayero
2023-10-26 20:27:22,Active,Conor Wingham
2023-10-19 19:25:18,Active,Jensen Huang
2023-10-15 21:55:47,Unfollow,Ryan Barnes
2023-10-13 13:41:38,Active,Robert O'Donoghue
2023-10-10 21:27:34,Active,Christian Lund
2023-10-10 21:26:31,Active,Casper Wilstrup
2023-10-06 14:24:20,Active,Alexander Matthey
2023-10-06 07:39:18,Active,Joe Beazley
2023-09-24 17:52:35,Active,Daniel Ek
2023-09-16 07:05:20,Active,Damien Huang
2023-09-07 18:48:02,Active,Toby Mildon
2023-09-01 21:36:39,Active,Alistair Cockburn
2023-09-01 21:36:07,Active,Ken Villum Klausen
2023-08-07 08:37:41,Active,Adam Maciejek
2023-08-06 16:51:00,Active,Yann LeCun
2023-07-30 16:40:29,Active,Kayvon Beykpour
2023-07-16 07:08:43,Active,David Holz
2023-07-16 07:08:04,Active,Mira Murati
2023-07-15 21:12:03,Active,Aakash Gupta
2023-06-30 09:07:20,Active,Tanguy Goretti
2023-06-27 21:18:55,Active,Harsh Sinha
2023-06-23 18:49:29,Active,Jitse Groen
2023-06-21 21:32:31,Active,Anna Bucher Lassen
2023-06-21 21:32:27,Active,Christian Grunert Rantorp
2023-06-21 11:13:39,Active,Tav Klitgaard
2023-06-03 05:59:47,Active,Peter Deng
2023-05-29 13:45:22,Active,Martin Krøyer
2023-05-29 07:53:55,Active,Doug Turnbull
2023-05-28 13:32:06,Active,Adriaan Mol
2023-05-07 20:25:18,Active,Simon Bengtsson
2023-05-03 11:17:07,Active,Erdem Ovacik
2023-05-03 07:49:28,Active,Scott Hawkins
2023-04-27 07:45:09,Active,Lex Fridman
2023-04-19 20:45:48,Active,Simon Ousager
2023-04-19 16:32:48,Active,Filip Hucko
2023-04-18 20:41:31,Active,Bernardo Quintero
2023-04-18 19:21:56,Active,Swami Sivasubramanian
2023-04-16 12:25:25,Active,Adam Selipsky
2023-04-14 20:49:06,Active,Marc Randolph
2023-04-14 15:13:58,Active,Jonas Vang Gregersen
2023-04-12 11:44:46,Active,Tijana Milojevic
2023-04-09 16:33:26,Active,Ivar Jacobson
2023-04-06 15:24:43,Active,Pete Hamilton
2023-04-03 14:09:10,Active,Stephen Nundy
2023-04-03 12:10:36,Active,Jacob Tackmann Thomsen
2023-03-26 19:59:44,Active,Stephen Whitworth
2023-03-24 20:08:15,Active,Andrew Huberman
2023-03-22 17:44:08,Active,Alessandro Bruzzi
2023-02-17 22:35:08,Active,Matthew Skelton
2023-02-17 21:58:09,Active,Itai Rosenblatt
2023-02-14 13:51:30,Active,Marcel van Oost
2023-02-08 21:59:56,Active,Niels B. Christiansen
2023-01-30 15:15:08,Active,Amit Nayyar
2023-01-25 16:30:13,Active,Jonathan Bredo
2023-01-25 16:12:42,Active,Shane Happach
2023-01-25 08:21:22,Active,"Maksym Plakhotnyuk 🇺🇦, Ph.D."
2023-01-25 08:01:44,Active,Sebastian Kamilli
2023-01-23 20:01:13,Active,Davis Smith
2023-01-23 19:00:32,Active,Kevin Scott
2023-01-20 12:33:05,Active,Cliff Hazell
2023-01-13 16:54:42,Active,Carlos Schaaf
2023-01-12 07:56:48,Active,Letícia Lanfredi
2023-01-10 23:06:59,Active,Itamar Gilad
2023-01-06 14:32:53,Active,Ami Vora
2023-01-05 13:24:48,Active,Jack Milward
2022-12-29 22:00:06,Active,Jason Knight
2022-12-28 22:25:32,Active,Steven Francia
2022-12-23 13:21:52,Active,Niklas Hedegaard
2022-12-20 18:17:14,Active,Dan Olsen
2022-12-19 08:32:35,Active,Eugen Rochko
2022-12-11 20:57:32,Active,Addy Osmani
2022-12-07 13:35:28,Active,Lidiane Jones
2022-12-05 21:11:42,Active,Peter Thiel
2022-12-03 20:32:44,Active,Werner Vogels
2022-11-28 22:06:22,Active,Dave Snowden
2022-11-27 17:51:06,Active,Daniel Aherne
2022-11-26 20:50:40,Active,Shreyas Doshi
2022-11-14 16:31:48,Active,Matt LeMay
2022-11-12 15:40:44,Active,Melissa Perri
2022-11-11 18:43:18,Active,Eric Schmidt
2022-11-06 21:28:10,Active,Leah Tharin
2022-11-05 16:13:45,Active,Erin Meyer
2022-11-04 23:21:16,Active,Robert Gentz
2022-11-04 23:03:37,Active,Dan Rosenberg
2022-11-04 08:52:44,Active,Karl Krukow
2022-11-03 17:50:10,Active,Andrea Ricciarelli
2022-10-27 19:25:00,Active,Liz Fosslien
2022-10-23 20:06:41,Active,James Watt
2022-10-23 15:27:57,Active,Petra Kaukua
2022-10-22 16:32:51,Active,Teresa Torres
2022-10-22 16:03:06,Active,Julie Zhuo
2022-10-19 08:49:19,Active,Mads Nipper
2022-09-11 16:05:54,Active,Matteo Collina
2022-09-03 17:47:46,Active,Lisa Nguyen
2022-08-12 20:51:22,Active,Henrik Lundorff Kristensen
2022-08-10 08:43:45,Active,Michelle Coventry
2022-08-05 14:59:12,Active,Lars Christensen
2022-08-05 08:58:20,Active,Dr Milan Milanović
2022-08-02 08:58:30,Active,Rob Hermans
2022-07-25 17:08:56,Active,John Cutler
2022-07-14 20:45:19,Active,Will Larson
2022-07-08 20:55:28,Active,Jeppe Rindom
2022-06-21 10:31:40,Active,Carsten Egeriis
2022-06-09 15:33:41,Active,Bojan Lazic
2022-05-30 13:59:21,Active,Marcel Voss
2022-05-26 21:09:25,Active,David Heinemeier Hansson
2022-05-22 06:04:54,Active,Daniel Bakh
2022-05-19 15:41:21,Active,Christian Hardenberg
2022-05-17 18:41:28,Active,Las Olsen
2022-05-15 20:57:47,Active,Thomas Dohmke
2022-05-14 19:13:12,Active,Mark Schoen
2022-04-29 13:00:15,Active,Vytenis Pavalkis
2022-04-26 12:35:31,Active,André Schwämmlein
2022-04-20 20:11:07,Active,Alexandra Ciobotaru Nørballe
2022-04-08 20:19:54,Active,Murray Robinson
2022-04-03 07:44:04,Active,Pieter Manden
2022-04-02 21:31:51,Active,Dr. Wladimir Klitschko
2022-03-15 07:04:23,Active,Chris Luo
2022-02-26 21:33:27,Active,Serge Kruppa
2022-02-08 20:47:05,Active,Chris Bruntlett
2022-01-30 10:01:14,Unfollow,Allen Holub
2022-01-25 12:39:35,Active,🏎️ Enrico Berti
2022-01-22 15:52:58,Active,Curtis Einsmann
2022-01-21 16:56:05,Active,Cameron Deatsch
2022-01-12 17:46:23,Active,Martin Harbech
2022-01-07 14:23:42,Active,Mette Lykke
2022-01-05 11:34:31,Active,Tarik Guney
2022-01-05 11:03:11,Active,Alex Xu
2022-01-04 19:55:18,Active,Gibson Biddle
2021-12-30 16:20:48,Active,Patrick Kua
2021-12-26 16:39:37,Active,"Mehdi Bennani, CGMA"
2021-12-21 11:41:55,Active,Jorge Mira Pérez
2021-12-16 18:32:29,Active,Christine Lagarde
2021-12-16 09:41:51,Active,Jacob Tyree
2021-12-03 12:30:20,Unfollow,Neha Raghuwanshi
2021-11-13 16:44:12,Active,Victor Ho
2021-10-20 20:33:38,Active,Jonas Thordal
2021-10-18 14:39:20,Active,Kellie Russell
2021-10-11 08:06:47,Active,Ovidiu Gavril
2021-10-11 07:26:37,Active,Randy Shoup
2021-09-20 08:40:25,Active,Daniel Gebler
2021-08-26 10:31:36,Active,Bart Sanders
2021-07-12 12:52:08,Active,Marty Cagan
2021-07-12 12:51:36,Active,Dave Lee
2021-03-01 17:13:23,Active,Vidal Graupera
2021-01-29 18:52:36,Active,Marco Te Brömmelstroet
2020-11-02 21:23:49,Unfollow,Michael Greenberg
2020-07-01 13:40:15,Active,Sam Gratton
2019-10-25 09:48:51,Unfollow,Riya Jain
2019-09-03 18:07:44,Unfollow,Alberto Fernandez Doce
2019-07-02 19:56:14,Unfollow,ANA PAMPIN
2019-07-01 15:01:16,Unfollow,Secretaría Clúster TIC Galicia
2018-11-21 14:03:41,Active,Ed Baker
2018-09-13 19:47:43,Unfollow,Júlia Duque
2018-03-27 14:10:31,Unfollow,Jawad Merchant
2018-01-03 16:24:06,Unfollow,David Castillo
2017-10-29 16:15:37,Unfollow,Italo Pendola Galicia
2017-10-26 00:00:00,Active,Thuan Pham
2017-10-20 10:45:38,Unfollow,Oleg Vishnepolsky
2017-09-06 00:00:00,Active,Harish Butani
2017-09-06 00:00:00,Active,Simon Sinek
2017-08-15 21:05:36,Active,Satya Nadella
2017-08-15 09:50:27,Active,Prosper Williams
2017-06-25 00:00:00,Active,Reed Hastings
2017-05-14 20:30:44,Unfollow,Daniel Feldman
2017-05-11 00:00:00,Active,Justin Trudeau
2017-05-09 00:00:00,Active,Eduardo Saverin
2017-05-09 00:00:00,Active,David Cameron
2017-04-26 00:00:00,Active,Marissa Mayer
2017-04-26 00:00:00,Active,Sean Parker
2017-04-26 00:00:00,Active,Stephen Ellis
2017-03-30 19:23:13,Unfollow,Luis Enrique Rodríguez Gómez
2017-01-23 00:00:00,Active,Demis Hassabis
2017-01-23 00:00:00,Active,Mustafa Suleyman
2017-01-23 00:00:00,Active,Tomás Santoro
2017-01-11 00:00:00,Active,Francois Orsini
2017-01-11 00:00:00,Active,Halbert Nakagawa
2017-01-11 00:00:00,Active,G E
2016-12-30 00:00:00,Active,Kees van Mourik
2016-11-22 00:00:00,Unfollow,Alexander Klöpping
2016-08-08 08:14:15,Unfollow,Carmen Martínez Lancho
2016-06-29 00:00:00,Active,Clement CEZARD
2016-04-29 00:00:33,Unfollow,Diego Rodríguez Piñón
2016-04-25 16:44:42,Unfollow,Juan Martínez
2016-04-22 01:50:28,Unfollow,Odilon dos reis Silva
2016-03-05 09:57:31,Unfollow,Steven Knowles
2016-02-26 00:00:00,Active,Pete Cashmore
2016-01-19 00:00:00,Active,Gijsbertus J.J. van Wulfen
2015-12-08 08:40:50,Unfollow,Leonardo Tortolero
2015-11-29 00:00:00,Active,Devin Wenig
2015-11-29 00:00:00,Active,Brian de Haaff
2015-04-06 00:00:00,Active,Richard Branson
2015-04-06 00:00:00,Active,Bill Gates
2015-04-06 00:00:00,Active,Joichi Ito
2015-04-06 00:00:00,Active,Ryan Holmes
2014-12-22 00:00:00,Active,Barack Obama
2014-11-19 00:00:00,Active,Philippe Gelis
2014-07-18 00:00:00,Active,Martin Varsavsky
2014-05-05 00:00:00,Active,Jeff Weiner
2013-07-29 09:46:14,Unfollow,Alberto Vázquez
2013-07-12 00:00:00,Active,Guy Kawasaki
2012-10-12 00:00:00,Active,Brad D. Smith
2012-10-12 00:00:00,Active,Tim O'Reilly
2012-06-20 00:00:00,Active,Alex Reina
2012-05-25 00:00:00,Active,Aitor Brea
