Company Name,Title,Description,Location,Started On,Finished On
Worksome,Head of Software,"Leading the software engineering team, integrated in the P&E organization.  At Worksome, we empower enterprises like Carlsberg and Novo Nordisk to future-proof their workforce. Our External Workforce Management System (EWM) promotes your projects, builds your talent pool, ensures compliant contracts and pays people accordingly. We automate the entire contractor lifecycle—from instant classification and IR35-compliant contracts to global payments—saving clients up to 88% in administrative costs. By centralizing talent sourcing, compliance, and payments, we help businesses tap into the $1.9T freelance economy with speed and confidence.","Copenhagen, Capital Region of Denmark, Denmark",Jul 2025,
Freelance,Open Source Development / Collaboration,"Passionate about open-source software, I actively contribute to various open projects and develop some independently.  My work spans web development—creating plugins and modules in PHP for CMS platforms like WordPress and Drupal—as well as building native macOS applications. Additionally, I support the open-source community through localization and translation efforts, helping make projects more accessible to a global audience.",,Jan 2008,
SumUp,Tribe Lead,"Responsible for the Invoicing tribe (~30 FTE), including EP&D (Engineering, Product, and Design), as well as operations. Overseeing product development, roadmap, and strategy, and the journey to attract new customers.  Including hiring, team design, culture and processes, and P&L responsibility.","Copenhagen, Capital Region, Denmark",Jul 2023,Jul 2025
SumUp,VP of Engineering,"Leading the Engineering, Product and Design teams within the Invoices & Accounting tribe; as well as responsible for the Global Incident Management Process, involving Global Risk and Compliance and Operations (as well as EP&D).  Actively working in global engineering strategic initiatives and their execution, as well in product strategy and go-to-market. Guide strategic and tactical choices for the tribe. Strong collaboration with Product, Marketing, Design and Support - to ensure smooth operations across domains, exceeding customers expectations. Coordinate technological efforts across areas at SumUp, spreading best practices and collaboration. Participate in hiring processes, including support for other functional areas. Representing SumUp in local meetups and events, improving the employer branding.","Copenhagen, Capital Region of Denmark, Denmark",Mar 2024,Jun 2025
SumUp,Director Of Engineering,"Coordinating the 4 engineering teams for Invoices & Accounting.  Aligning technology and product to ensure a solid foundation for quick iterations, and maximising merchants' value and developer experience (happy teams = happy product = happy customers!)",Copenhagen Metropolitan Area,Nov 2021,Feb 2024
SumUp,Engineering Manager,"Joining the Copenhagen office (previously Debitoor) as Engineering Manager for the Accounting Squad, in the Merchant Growth Tribe.","Copenhagen, Capital Region, Denmark",May 2021,Dec 2021
VanMoof,Tech Lead,"We’re obsessed with cities. So are our bikes. Truly city-proof, they shrink long commutes, defend themselves against thieves, battle hills and headwinds, and make you feel like a straight-up superhero.  We ride outside of the box, designing parts from scratch and integrating groundbreaking tech to create the smartest, sleekest bikes around.   It all started in Amsterdam, the city cycling capital of the world. But these days, VanMoof riders zip their way through Tokyo, Berlin, San Francisco, London, Paris, Taipei, and an exploding number of cities around the globe.   Our philosophy is simple – if it doesn't help you outsmart your city, then we don't do it.","Amsterdam Area, Netherlands",Oct 2019,May 2021
Emakina.NL,Tech Lead,"Emakina.NL is a digital agency with a strong focus in e-commerce and enterprise content management systems. Emakina.NL is a strategic solution partner for Salesforce Commerce Cloud (https://blog.emakina.com/2017/06/20/emakina-salesforce-commerce-cloud-partner/), and has also experience in cross-cloud solutions across the Salesforce ecosystem.  In Emakina.NL I was part of a multidisciplinar agile team, with a cross-functional combination of roles from different providers, and the client, working together. The technical team was up to 10 people, but it was only a part of the whole - which included a dedicated QA engineering team, Product Owner, Scrum Master, and Business Analysts.  The solution I worked on for 2 years was a cross-cloud implementation in SFCC, with a tech stack strongly oriented towards the Salesforce ecosystem: Javascript in the backend and frontend, SASS, Mulesoft & Java as middleware, Azure as the cloud infrastructure, and the Atlassian ecosystem (JIRA, Confluence, Bamboo) for the day to to day.  My role as tech lead was to provide solutions that would fit in the technical and functional landscape, ensuring maintainability, quality and the right knowledge distribution in the team. For this, the role included coaching new team members, hands-on (pair) programming, and intensive code review to ensure the highest standards and continuous improvement. It also involved the creation of plannings and estimations, and definitions of roadmaps.  As a side track at Emakina.NL I also participated in some public speaking sessions, internally and also externally: - Web Accessibility Live 2018, organised by SiteImprove in  Amsterdam: https://siteimprove.com/nl-nl/events/web-accessibility-live-2018/, with  a talk about the technical implementation of the accessibility requirements in a e-commerce project. - Continuous Delivery Amsterdam, https://www.meetup.com/Continuous-Delivery-Amsterdam/events/247988829/, with a  talk about CD/CI in Salesforce Commerce Cloud.","Amsterdam Area, Netherlands",Nov 2017,Oct 2019
Pocket Media,CTO,"At Pocket Media I lead the tech team of the company, in a process of product creation and launch to market. I was a member of the management team of the company, and lead up to 10 FTE, in charge of hiring, role definition, and performance management.  As part of my (team) tasks, I executed mobile and web (high scalability) development projects. I defined the products roadmap, milestones, and plans to achieve the objectives, as well as the talent acquisition.  The company focus as an advertisement agency was strongly towards app installs and mobile entertainment, and the product definition spiralled around those verticals. The focus of the native advertisement platform we developed was in customisability, ease to adopt by mobile and web developers and media, and transparency towards the partners.","Amsterdam Area, Netherlands",Nov 2015,Nov 2017
The Mobile Company,Mobile Developer,"The Mobile Company has been a pioneer in the mobile world in the Netherlands, developing mobile apps since the 90s. With an agile approach to project management and solid experience, we help our customers tailor beautiful and useful mobile experiences, with the latest, more modern and more suitable technology and tools.  At TMC I developed innovative new apps (Bluetooth BLE beacons technology) and maintained apps with a large and complex codebase and numerous users, among top Dutch apps. Helped tackling complex problems to get to solutions to outstanding issues, and participated in an agile team that included the client.",,Mar 2015,Nov 2015
Zadia Software,Co-Founder,"Co-founded Zadia Software, a bootstraped development studio. The company focus is mobile development, in all its shapes: mobile web with HTML5 + Javascript; native mobile apps for iOS, Android, etc.; scalable API development to be consumed by mobile apps...   The company also offers additional services such as consulting, data migration, web development...","Milladoiro, Galicia, Spain.",Mar 2011,Jan 2015
PistaOculta.com,Co-founder and editor,"PistaOculta.com is an independent music blog, that reviews international music new as well as keeps an special focus in local music.  Special attention is taken into reviewing live music events, by being in the gigs and writing about lots of concerts and festivals.  In 2010 the web collaborated, sponsored and co-edited the disc ""Come On Pelegrín"", a compilation about the music made in the underground scene from Santiago de Compostela (Galicia), where the blog is based. (more information on the topic: http://www.pistaoculta.com/2010/07/presentamos-come-on-pelegrin-el-recopilatorio-del-rock-compostelano/)",,Apr 2009,Aug 2013
Coremain,Programmer analyst,"Contributed to J2EE projects, in a Service Oriented Architecture (SOA). Helped coordinate the development tasks, took part in analyses and development of new applications, and formed new development team members.",,Mar 2011,Nov 2011
Bahía Software,Programmer analyst,"Took part in a number of J2EE projects, helping in the early phases of analysis with R&D proposals, and participated in its design and development, especially in the early stages of the projects.  Helped with some internal projects developed to be reused as application frameworks and implemented many technologies to improve the coding process productivity.","Santiago de Compostela y alrededores, España",Dec 2007,Mar 2011
Universidad de Santiago de Compostela,System administrator (internship),"Took care of manteinance tasks in the computers of the University computer classrooms, supported users with technical asistance, solved technical problems and issues, etc.",,Sep 2007,Dec 2007
Universidad de Santiago de Compostela,Web developer (internship),"University practices in the Computer and Electronics Department of the Santiago de Compostela University.  I took care of the corporative web page, migrating its data from plain HTML files to a new CMS (Drupal), and developing the website (both private and public functionalities).   I chose technologies to use, developed and mantained the web portal, developed some custom PHP modules to fit the needings of the Department, and configured the Drupal modules to make the portal work.",,Jul 2007,Sep 2007
