Title,Description,Url,Started On,Finished On
Pocket Media Native Ads,"Pocket Media Native Ads is a platform that allows developers to integrate affiliate app-install advertising on their apps, on a revenue share model.  The system includes many modules: - ad recommendations algorithms - ad/app placements management  - native iOS, Android, and web libraries - native web ads builder, with a WYSIWYG interface - user dashboard and custom reporting - fraud/performance reporting",http://nativeads.pocketmedia.mobi,Dec 2015,
RockSolidColors,Galería de arte urbano geolocalizado realizado como proyecto de I+D de Zadia Software. El proyecto incluye una aplicación web hecha con Drupal y una aplicación Android acompañada de una API REST para la comunicación entre la aplicación móvil y web. ,http://www.rocksolidcolors.com,Jul 2013,
Apps móviles de la SD Compostela,"Aplicaciones móviles nativas del equipo de fútbol de Santiago de Compostela, la SD Compostela. Desarrolladas de forma nativa para ambas plataformas, se integra con la plataforma web Wordpress del equipo, y descarga la información actualizada de internet, mostrándola adaptada a los dispositivos móviles.",http://www.zadiasoftware.com/portfolio/sd-compostela-desarrollo-nativo-de-las-apps-moviles-para-ios-android-del-equipo-de-futbol,Mar 2013,Aug 2013
"PlotSpot - apps iOS & Android, plataforma web","Proyecto móvil multiplataforma, con aplicaciones nativas para iOS y Android. Con el soporte de una aplicación web basada en Drupal, para gestión y edición de contenidos, el proyecto permite conocer las ubicaciones de rodaje de distintas escenas de varias películas, a lo largo de todo el mundo.",http://plotspotapp.com/,2013,
CarPool Galicia,"Proyecto desarrollado durante la BBJamSession Galicia de 2012, consistente en una app móvil (HTML5 + jQuery Mobile), optimizada para Blackberry, y un backend en Ruby.",https://github.com/pabloformoso/CarPoolGalicia,Dec 2012,
Adritian - Free Hugo theme,"A high-performance, minimalist Hugo theme ideal for personal websites and professional landing pages. It comes with built-in support for portfolios, blogs, and work experiences, features an automatic dark/light mode, multi-language support, and is powered by Bootstrap v5 with SCSS customization.   Designed for stellar Lighthouse scores in performance, accessibility, and SEO, it’s perfect for anyone looking to quickly launch a modern, responsive online presence.",,Feb 2024,
