First Name,Last Name,Billing Country,Postal Code,Transaction Made At,Payment Method Type,Invoice Number,Description,Tax Amount,Sub Total,Total Amount,Currency Code
Adrián,Moreno Peña,es,15705,"3/7/21, 9:42 AM",Paypal,6193075973,Recruiter Lite (Monthly) renewal,0,90.9,90.9,EUR
Adrián,Moreno Peña,es,15705,"2/7/21, 9:42 AM",Paypal,6101363713,Recruiter Lite (Monthly) renewal,0,90.9,90.9,EUR
Adrián,Moreno Peña,es,15705,"1/7/21, 9:42 AM",Paypal,6007690253,Recruiter Lite (Monthly) renewal,0,90.9,90.9,EUR
Adrián,Moreno Peña,es,15705,"12/7/20, 9:42 AM",Paypal,5925698903,Recruiter Lite (Monthly) renewal,0,90.9,90.9,EUR
Adrián,Moreno Peña,es,15705,"11/7/20, 9:42 AM",Paypal,5836438543,Recruiter Lite (Monthly) renewal,0,90.9,90.9,EUR
Adrián,Moreno Peña,es,15705,"10/8/20, 9:44 AM",Paypal,5743870893,Recruiter Lite (Monthly),0,0,0,EUR
Adrián,Moreno Peña,nl,1054KD,"12/1/17, 2:46 PM",SEPA DirectDebit,3518952084,Business Plus Subscription renewal (Monthly),0,44.99,44.99,EUR
Adrián,Moreno Peña,nl,1054KD,"11/1/17, 2:46 PM",SEPA DirectDebit,2786443986,Business Plus Subscription renewal (Monthly),0,44.99,44.99,EUR
Adrián,Moreno Peña,nl,1054KD,"10/1/17, 2:46 PM",SEPA DirectDebit,3421054884,Business Plus Subscription renewal (Monthly),0,44.99,44.99,EUR
Adrián,Moreno Peña,nl,1054KD,"9/1/17, 2:46 PM",SEPA DirectDebit,3382314044,Business Plus Subscription renewal (Monthly),0,44.99,44.99,EUR
Adrián,Moreno Peña,nl,1054KD,"8/1/17, 2:46 PM",SEPA DirectDebit,2659779026,Business Plus Subscription renewal (Monthly),0,44.99,44.99,EUR
Adrián,Moreno Peña,nl,1054KD,"7/1/17, 2:46 PM",SEPA DirectDebit,2624863316,Business Plus Subscription renewal (Monthly),0,44.99,44.99,EUR
Adrián,Moreno Peña,nl,1054KD,"6/1/17, 2:46 PM",SEPA DirectDebit,2590006276,Business Plus Subscription renewal (Monthly),0,44.99,44.99,EUR
Adrián,Moreno Peña,nl,1054KD,"5/1/17, 2:46 PM",SEPA DirectDebit,2553458256,Business Plus Subscription renewal (Monthly),0,44.99,44.99,EUR
Adrián,Moreno Peña,nl,1054KD,"4/1/17, 2:46 PM",SEPA DirectDebit,2521739176,Business Plus Subscription renewal (Monthly),0,44.99,44.99,EUR
Adrián,Moreno Peña,nl,1054KD,"3/1/17, 2:46 PM",SEPA DirectDebit,2483285786,Business Plus Subscription renewal (Monthly),0,44.99,44.99,EUR
Adrián,Moreno Peña,nl,1054KD,"2/1/17, 2:46 PM",SEPA DirectDebit,2444603746,Business Plus Subscription renewal (Monthly),0,44.99,44.99,EUR
Adrián,Moreno Peña,nl,1054KD,"1/1/17, 2:46 PM",SEPA DirectDebit,2411514616,Business Plus Subscription renewal (Monthly),0,44.99,44.99,EUR
Adrián,Moreno Peña,nl,1054KD,"12/1/16, 2:46 PM",SEPA DirectDebit,2387641566,Business Plus Subscription renewal (Monthly),0,44.99,44.99,EUR
Adrián,Moreno Peña,nl,1054KD,"11/1/16, 2:46 PM",SEPA DirectDebit,3011730764,Business Plus Subscription renewal (Monthly),0,44.99,44.99,EUR
Adrián,Moreno Peña,nl,1054KD,"10/1/16, 2:46 PM",SEPA DirectDebit,2968590774,Business Plus Subscription renewal (Monthly),0,44.99,44.99,EUR
Adrián,Moreno Peña,nl,1054KD,"9/1/16, 2:49 PM",SEPA DirectDebit,2927890614,Business Plus Subscription (Monthly),0,0,0,EUR
