First Name,Last Name,Company,Job Title,Text,Creation Date,Status
David,Muehlfeld,Shine,Head of Design,"I've had the privilege to work along Adrian within the Invoices & Accounting Tribe at SumUp. His exceptional ability to empower, influence, and inspire teams and individuals really stands out! Adrian masterfully shares context while encouraging teams to solve problems in their own way.  Adrian also excels at shaping strategic direction, particularly in how he moderates board meetings with Senior Leadership, always focussing on the right priorities. He represents engineering in broader company contexts, shows empathy for users, and knows the importance of UX.   Adrian's talent for building high-performing teams and cultivating a strong engineering culture are remarkable. Any team or tribe will be lucky to have him! I can highly recommend Adrian and will miss the collaboration with him.","04/25/25, 07:49 AM",VISIBLE
Rafael,Tauil,Streaem Retail Media Platform,Technical Lead,"Adrian is an extremely friendly, responsible, skilled, and admirable professional. I had the pleasure to work with Adrian for a year and I found that he has one of the best qualities a leader should have, the ability to delegate without losing control of the big picture. With this, he helped many to grow in the company. He is still missed at VanMoof not only for me but for many other colleagues. Great leader and friend!","10/13/21, 02:47 PM",VISIBLE
Caraline,Golson,"BISSELL Homecare, Inc.",Associate Online Content Manager,"Having Adrián as a colleague in my first ever “tech” role was such a gift! Adrián is a master communicator and works hard to make sure everyone in his sphere feels included and capable. He’s also one of the hardest workers I’ve ever encountered— it seems like nothing is too complex for him to figure out. At the same time, he really empowers people to find the answers themselves, with just a little bit of guidance. He’s an incredible addition to any team.","09/28/21, 05:56 PM",VISIBLE
César,Represa Bautista,Schuberg Philis,Mission Critical Engineer,"Always surprised me your passion, multitasking ability and how you are able to handle any situation calmly and patiently to find the best solution. More than the tech manager, I felt like you were a colleague who was always there, protecting your team and willing to help with anything and a big smile. Thanks for all the learnings! I wish you the best wherever you go and keep doing what you do! It was a pleasure working with you and hopefully our paths will cross again","09/27/21, 08:34 PM",VISIBLE
Olga,Maksymova,SAA Verzekeringen,Technical Lead,"Adrian is a talented software engineering manager with strong DevOps skills. He is a great analyst with critical thinking. Adrian learns amazingly fast even in unknown territory, stays calm in critical situations, and never gives up. He has brilliant communication skills, empathy, and willing to help others by bringing them to the next level. Adrian is a multi-tasking person, his speed is impressive. I would definitely recommend Adrian, having him on the team means you are fully covered.","05/13/21, 08:00 AM",VISIBLE
Carlos,Antelo,knowmad mood,Backend Software and DevOps Engineer,"I worked with Adrián on a very demanding project for a financial institution. During that time, Adrián proved to be a tech-savvy and goal-oriented professional, a very effective problem solver. He is a team player, optimistic, very proactive and always open to new ideas and suggestions. I highly recommend him for any job position that requires a skilled and resourceful software developer.","01/25/15, 05:16 PM",VISIBLE
David,Rodríguez del Río,Qindel,Programador,"Desde el comienzo del proyecto, Adríán ha sido el principal redactor y responsable técnico de la web, convirtiéndola, en su etapa más activa, en el medio digital de referencia musical de la ciudad de Santiago de Compostela. Entre los objetivos más sobresalientes del proyecto, aparte de apariciones en programas de radio y diferentes sesiones DJ, destaca la edición del disco recopilatorio de la escena musical indie gallega en 2010 de nombre ""Come on pelegrin"".","01/05/15, 08:47 AM",VISIBLE
Pablo,Formoso Estrada,DEUS: human(ity)-centered AI,Head of Data and IA,"Hace bastante tiempo que conozco a Adrian y a la gente de Zadia, es difícil encontrar personas hoy en día con la cabeza tan asentada profesionalmente y con una consciencia clara del mercado en el que nos movemos. No cabe ninguna duda de la capacidad que tiene para gestionar y dar salida a proyectos de cualquier índole y así lo vienen demostrando año a año. ","01/02/15, 12:53 PM",VISIBLE
Marcos,Quintáns,Bahia Software,Director de Negocio Sector Público,"He tenido la ocasión de trabajar con Adrián en proyectos con un alto nivel tecnológico,  en los que ha destacado en el equipo como una persona proactiva, resolutiva, trabajadora, siempre cordial, dispuesta a echar una mano a quien se lo pide y que sobre todo, disfruta de su trabajo.","01/01/15, 07:23 PM",VISIBLE
Fátima Mª,García Doval,ACCEGAL,Co-directora,"Trabajar con Adrián es una oportunidad de desarrollo personal, además de un enorme placer. Tiene la actitud profesional seria, a la vez que distendida, y la orientación al éxito que siempre he valorado en colaboradores. Es, además, un experto en su campo y una persona llena de recursos a la hora de encarar la solución de problemas. Finalmente destacaría su capacidad didáctica a la hora de sintetizar las tareas, explicar el enfoque que adopta y justificar el mismo frente a otras opciones; razón por la cual trabajar con él equivale, indefectiblemente, a aprender.","12/30/14, 10:31 AM",VISIBLE
Gustavo,Gómez,Semente Capital,Co-Founder,"Persona entusiasta, curiosa, inteligente y sobre todo a la que no le asustan retos de cualquier índole tecnológica. Nada que decir en el aspecto humano, da gusto haber trabajado con él.","12/30/14, 08:36 AM",VISIBLE
David,G. Lamas,Wired & Linked,CMO,"Adrián es una persona enérgica, con ganas de afrontar nuevos retos.     Durante este tiempo he coincidido con él en diferentes proyectos, aunque nunca hemos compartido actividad, los dos nos hemos desarrollado dentro del sector TIC, en su caso, obteniendo la notoriedad necesaria.    Si algo le caracteriza es por su perseverancia. Le deseo que tenga todo el éxito posible!","12/30/14, 07:26 AM",VISIBLE
Iñaki,Quenerapú,TEIMAS,"UX, marketing y comunicación","Admiro profundamente a Adrián. Ya se lo he dicho varias veces, medio en broma, medio en serio, ""yo de mayor quiero ser como él"" :-) Su gran cantidad de conocimientos combina a la perfección con su enorme intuición y perseverancia. Está muy-muy al día en todo lo relacionado a nuevas tecnologías, programación y servicios web. Es alguien de quien se puede aprender muchísimo y siempre tengo sus opiniones en muy alta consideración.","10/16/13, 07:56 PM",VISIBLE
Marco,Gándara Rey,Freelance,IT Consultant & Software Developer,"Seguidor activo de tendencias tecnológicas, siempre está a la última, tratando de innovar e implementar las últimas tecnologías en los proyectos en los que trabaja. Le gusta aprender a trabajar con todo aquello que es nuevo, esto le permite conocer un montón de soluciones de diseño y desarrollo que integra fácil y rápidamente.    Además sobresale en su trato amigable con la gente.","06/04/10, 02:27 AM",VISIBLE
