First Name,Last Name,Company,Job Title,Text,Creation Date,Status
Izabela,Turaj,SumUp,Software Engineer,"I have worked with Iza for some years, and it has always been a delight. Both as a manager, and as part of the team I was overseeing (the Invoices & Accounting tribe). Iza is one of the most caring software developers I have worked with, and this applies to all fronts: she's as attentive to detail when reviewing a design to be implemented as to how to craft a message so it's understood best by the relevant audience.  I've also had the chance to see Iza's great evolution as a software developer: her ability to work on larger and complex initiatives while managing the risks, and focus on a continuous improvement mindset, has been notable. She's able to ""slice the elephant"" to deliver user value continuously.  Her care also translates to the users of the products that she crafts. She has an outstanding ability for a software developer to put herself in other people's shoes, which allows her to deliver what users need, want, and expect. This, combined with her strong teamwork ability and orientation, makes her a really strong and well-rounded product engineer.","05/01/25, 08:42 AM",
David,Muehlfeld,Shine,Head of Design,"I've been lucky to have worked side-by-side with David, transforming existing digital products and building new ones, for about 4 years.  I have seen such an evolution in David. While he's completely capable of delivering pixel-perfect experiences, what has impressed me the most is his ability to work iteratively next to engineering and product, to build an iterative evolving product. This has helped substantially to build a product from the ground up, without getting stuck in ""ideal visions"" - going directly to the pragmatic improvements that make the difference.  That ability to deliver and (impressively) self-organize has been paired up with strategic direction and ""big picture"" thinking, as well as very positively managing and coaching a team of designers. This makes him not only a great all-around and very well-rounded designer, but also a great teammate. Thanks to his team player orientation, you can really trust David to accomplish whatever task you need help with.  And I could not skip mentioning his appetite for innovation on the craft of design itself. With the transformative AI tooling surging around anything tech-related, David has stood as a true embrace of new ways of working, and is really open to how the new set of tools emerging will change the craft of design. Which is doable for him due to his broad range of expertise (UX, UI, wireframing, copyrighting, etc.).  You will be lucky to work with David if you can, too. I hope I work with him again!","04/25/25, 10:04 AM",
Simana,Paul,Ocean Orchestra,Founding VP Engineering,"I had a great time working alongside Simana and collaborating on different initiatives. Simana is a great blend of strategic and hands-on leadership, calm and concise communication, and a humble and approachable presence. A highlight of her impact was her drive of (gen)AI initiatives at SumUp, which led to product improvements, a change in the mindset of the engineering community, and a rapid embrace of the tools she championed. Another testament to her contribution is the teams that she led. They were cohesive, diverse, and safe. I appreciate dearly how Simana always raised her voice to speak up on behalf of mothers, women, and any diverse group that should be heard when defining policies or practices. I look forward to my path crossing with Simana again - and you'll be lucky if yours does! ","04/02/25, 07:26 PM",
Mickael,Hassine,SumUp,QA Lead,"I worked with Mickael and both of us in different positions and relations, including Engineering Manager, QA Lead and as a senior developer ad-hoc projects when it was neccesary. In all of them, Mickael came across as a powerful team player, that is able to keep his personal preference aside and do whatever is best for the team he works with.  I would say that his strongest skill is his ability fo focus on a complex problem space, and evaluate different alternatives to find potential solutions. He is fluent in different technologies, and is able to adapt to whatever suits the problem at hand best. This was shown by his application of feedback - applying a growth mindset.   I would say that his highlight is the passion for figuring how things work, and using that, either to build teams or systems. He has done that in repeated occasion when working together.  If you have the need for a team player that can adapt to different situations and evolve with the role at hand - I strongly advice to consider Mickael for the job!","02/17/25, 11:26 AM",
Ludmila,Shilo,Feeld,Senior Backend Node.js Developer,"I worked with Luda during her time at SumUp. She proved to be a team player, motivated by technical challenges, gritty, and resourceful.  She participated in a range of tasks and projects: from migrations of stack, modernizing our architecture to routine updates and maintenance, with perseverance and the ability to adapt. Her fullstack orientation in the nodeJS/javascript ecosystem will be an asset in any web or event-driven architecture!","08/23/24, 08:53 PM",
Kristina,Klymchuk,SumUp,Senior HR Business Partner (Engineering & Product),"I worked with Kristina as a people partner - while I was leading the Invoices & Accounting Tribe, and Kristina helped us (at the same time as others).    Kristina surprised me since the first day - with a deep curiosity about the technical and business aspects of our projects, and she has always provided insightful and constructive feedback to help us improve our performance and culture.  She also proved to be a strong collaborator and communicator who has built strong relationships with engineers, managers, and other stakeholders across the organization - and put them together.   She is always respectful, supportive, and empathetic and has a positive and proactive attitude that inspires everyone around her. Kristina is a valuable colleague to any company that values talent, diversity, and innovation. I highly recommend working with her.","12/15/23, 12:29 PM",
Daniel,Baxter,EquiLend,Head of Talent Acquisition,"Daniel is a great colleague to have - lucky you, if you get him to work with you! :-) I worked with Daniel at SumUp, scaling our engineering teams, and creating many new processes and pipelines to hire, across many disciplined and countries. It was a challenging, highly demanding and ""green field"" area - and we delivered great results (with teammates that stayed with us long time and fitted fantastic in the teams)  He proved to be highly energetic and self-driven, with a growth mindset to learn, full of curiosity and very determined to achieve results by considering the big picture. And while delivering great results, we could also have fun and enjoy working with each other.  If I had the chance, I would work with Daniel any time to scale up a tech team!","11/09/22, 02:36 PM",
Mona,Hakky,Super.com,"Head of Product Design, Research, and Brand Creative","I worked with Mona as an Engineering leader, with her in a position of Design leadership in the tribe we were both working.  Mona showed a very curious and sharp vision, and helped deliver great value driving a high impact initiative - in the journey from idea to execution, and especially, in selling the vision and making it tangible. Her approach was both customer-centric and aligned with the needs of the company and the aspiration of the team behind the initiative - capturing the essence of the ideas to turn them into projects.  She was a great colleague, with sense of humour, genuine caring for her colleagues, and a great capacity to drive parallel streams of work. I would work again with Mona any time!","07/25/22, 02:49 PM",
Martijn,Hazelaar,Treatwell,Group CTO,"I have worked with Martijn both as a teammate, and directly reporting to him - and both experiences have been enriching and leading to professional breakthrough moments in my career.  At Emakina we worked together in a very large and complex project - with multiple stakeholders to handle, the creation of new lines of business for the agency, and a large modernization initiative with restrictions on planning, technology or prioritization. The no-bullshit, direct and sharp approach towards the project helped get things done in a multi-country setup, while keeping the project on track and delivering tangible value to clients.  After working side by side with Martijn, when he joined VanMoof as Head of Digital, I had no doubts to join him in the modernization and scaling-up journey that he led, while VanMoof was setting up for external investment and exponential growth. Navigating a complex and changing landscape, he led the creation of an autonomous, highly motivated and growth-oriented team, that accomplished multiple challenges while bringing technology in-house.  If I can highlight something of working with Martijn is that the trust that he gives to the team is empowering and motivating, leading to teams that are aligned with both the business and personal growth.  If you have the chance to work with Martijn, either on his team or to get him for your business - don't doubt, the legacy he'll leave behind will be worth it.","07/12/22, 09:21 PM",
Samuel,den Biggelaar,Instated,IT Recruiter,"I've worked with Samuel in a quite specific and demanding selection process for AdTech profiles, with quite specific requirements in mind. After some talks he started to improve the selection process - and always improving the kind of people he could provide us to evaluate. Potential candidates were also very well informed about the company, and in general the process got even smoother after some time.    Samuel understood a quite complex business, in order to be able to bring the most value to the company, and it has been a pleasure to work with him to find the best hires for Pocket Media.","01/26/17, 02:31 PM",
James,"Chang, MSc. (張冬孟)",PwC Singapore,"Manager, Digital Tax","I worked with Tung-Meng Chang during his stay at Pocket Media doing a machine learning project. In the short period he stayed with us he demonstrated a very business-oriented mindset, a faultless professional attitude, and very good attitudes for self-learning (while also presenting the results to other teammates).  And on top of that, he's also a nice work mate - and a pleasant teammate!","01/25/17, 12:42 PM",
Mia,Illodo,io.finnet,Head of Frontend Engineering,"Poder trabajar junto a Rubén ha sido un placer, además una experiencia enriquecedora. Rubén es una persona proactiva, muy profesional, que siempre busca la excelencia y muy motivada por hacer siempre las cosas lo mejor posible.    Además de aprender cualquier cosa de forma autónoma, siempre está encantado de compartir lo aprendido con el equipo. Lo dicho, poder compartir equipo con Rubén es un privilegio!","09/15/14, 03:15 PM",
Sergio,Vilas Enríquez,knowmad mood,Experto técnico,"Durante sus prácticas Sergio demostró un gran interés por la resolución de problemas y afrontó los retos con interés y soluciones robustas.     Trabajó muy bien en equipo y durante el tiempo que estuvo con nosotros aprendió muy rápido algunas nuevas tecnologías (especialmente web y móvil), que empezó a poner en práctica al momento, cambiando de tecnologías o tipo de proyecto sin problemas.    Fue un placer trabajar con Sergio, y seguro que para cualquiera que lo haga lo será por su profesionalidad y ganas de hacer bien las cosas.","10/10/13, 07:59 PM",
Fernando,Blanco Dosil,Somos Blain,El Podcast de Somos Blain,"Fernando es una persona con una gran motivación para aprender cosas nuevas, que se siente cómodo aportando mejoras y sugerencias para mejorar el resultado final del proyecto. Con un trato más que agradable, es un gran trabajador en equipo y durante las prácticas aprendió a utilizar varias tecnologías en poco tiempo.","05/23/13, 04:59 PM",
Iago,Otero Moreiras,algoritmo laboral,Abogado laboralista,"Iago es una persona que se mueve muy bien en internet, y está al día en cuanto a tendencias y novedades musicales, que transmite a la audiencia de la web. Se mueve muy bien en la red, y elabora contenidos muy atractivos para internet, con multimedia (imagen, vídeo, fotografías), y textos propios.","12/10/12, 04:44 PM",
Iñaki,Quenerapú,TEIMAS,"UX, marketing y comunicación","El trato con Iñaki es excepcionalmente fluído. Trata el encargo con total interés, y aporta soluciones que satisfacen con creces los resultados esperados, con un toque de creatividad que los hace únicos. Y todo ello, sustentado por una velocidad sorprendente, y la experiencia previa que tiene en el diseño de marcas, que resulta valiosa a la hora de definir la imagen corporativa de una nueva empresa.","04/12/11, 10:46 PM",
Marco,Gándara Rey,Freelance,IT Consultant & Software Developer,"Gran programador, con habilidad para resolver problemas complejos y aportar soluciones creativas.   Siempre al día en cuanto a tecnologías y sin miedo por lo nuevo, conociendo la herramienta adecuada para cada problema. Unido a buenas ideas adaptadas a las tendencias del momento, un programador genial (web en particular)!","07/28/10, 04:19 PM",
