Date/Time,Media Description,Media Link
"You uploaded a feed photo on December 24, 2025 at 1:01 PM (GMT)","I can't really understand the obsession with ""protecting developers"" and preventing them from speaking with clients. It's a mix of infantilising and applying a ""manufacturing chain"" mindset to a work that is far from being ""industrializable"".

Talking to your users - therefore to your clients - is when you learn ??? ????. 

Every client call I join at Worksome is a chance for accelerated learning ?. 
To ""sell"" the product and explain how it addresses potential clients' needs, I first need to understand how they do business. And staffing is not ""the business"" by itself in many cases. The business our clients operate in might be the creative world, regulated industries, or consumer products, and they might need to hire and manage freelancers, on top of many other responsibilities they need to manage. 

In a world where code is becoming more accessible (thanks to gen AI), solving problems becomes the main money-earning skill again - as it should always have been. Sometimes it's through code, sometimes it's through system integration, and sometimes it's just a change in process that makes the trick. No code = cheaper solution, less to maintain.

And the best way that someone has to understand their clients' (aka ""their users"") needs is by talking to them. If you are building a software product (or service) and you get needs processed by others (sales, customer support, your CEO, your product managers, surveys...), you are getting tunnel vision on the problem, and you miss the chance to understand your client's needs.

If you are a software engineer and are not talking to your clients in some form yet (customer visits, joining a sales call, solving support tickets) - do yourself a favour and consider this for your 2026 goals. Your career (and your team) will benefit from it! 

#agiledevelopment #customercentricity #softwaredevelopment",
"You uploaded a feed photo on December 23, 2025 at 10:47 AM (GMT)","Since joining Worksome, I have been engaged in intense experimentation with (agentic) AI. My usage pattern of models in Cursor shows it: from early curiosity to ""all-in"" when the models have delivered consistently (hello Anthropic's Claude 4.5 Opus ????).

This era of software engineering is the perfect moment to reconnect with our skills. The human connections become more important than ever (""s?o?f?t? ?s?k?i?l?l?s? ? ???? ??????), because work can be more ""outsourced"" to agentic colleagues. 

Which means that some of the skills I have been preaching to my product-building teams become more relevant than ever: capture context in a written, accessible form, and explain what you want to achieve as much as what you want to prevent. This has been useful for communication in software development teams (product/engineering/design/QA...), and it becomes top-priority again as we incorporate team members that can't really ""read the room"" (our agentic colleagues).

For software developers, it's especially relevant to master clear written communication, so our prompts achieve the expected result (and prevent issues we should anticipate). 

As my experimentation progressed, I've seen how I have incorporated new use cases for AI - thanks in big part through MCP connections, to ""connect the dots"" between tools, and use Cursor as a ""way to work"", instead of just being ""a way to write code"".

I'm not sure exactly where AI will take us, but for now, I'm definitely having fun experimenting with it and ???????? ????? to our clients.  So far, it has helped me reduce time spent on menial tasks and spend more time on connection-building, strategic thinking, and human connection.

This points to an exciting 2026! #cursor #agenticAI",
"You uploaded a feed photo on November 4, 2025 at 9:21 PM (GMT)","?AI isn?t replacing people, it?s freeing them to do more meaningful work.

At Worksome's  Product Innovation Webinar on November 13, I?ll be talking about ""The Art of Possibility"", exploring how AI and human collaboration are shaping the next phase of workforce management.

We?ll look at what?s coming next, from intelligent systems that predict workforce needs to tools that make collaboration between humans and technology more seamless.

Save your spot or get the recording sent straight to your inbox: https://lnkd.in/dCrtkrAu",
"You uploaded a feed photo on October 18, 2025 at 5:17 PM (GMT)","?You might be outraged at the wrong thing about AI

The problem isn't ""AI"", in general. The problem, as with most tools, is how we use it.
Too many people treat AI as a peer?an equal collaborator they can blindly trust. This is a catastrophic mistake, and quite quickly leads to losing credibility.

? What have I found that works best for me? Act as a Supervisor.
Treat your AI like a brilliant, hyper-enthusiastic junior intern. It will tirelessly draft, ideate, and execute exactly what it?thinks?you asked for. But a good supervisor doesn't just delegate and disappear.

You must:
? Brief it clearly.?(Garbage in, garbage out).
? Review its work critically.?It's a proposal, not a final product.
???? Add your own expertise and judgment.?It lacks your context and conscience.

The output that carries your name is your responsibility. Hiding behind ""but an AI wrote it!"" is no more acceptable than blaming a junior employee for a public failure.?You are the human in the loop, and you are accountable for whatever AI does in your name.

Stop contributing to the sea of AI slop. Elevate your role from spectator to supervisor.

#AIEthics #FutureOfWork #Leadership #Productivity #ArtificialIntelligence #HybridIntelligence",
"You uploaded a feed photo on July 1, 2025 at 7:03 PM (GMT)","The update you were expecting: what comes next? 
Worksome it is ??

From the moment I spoke with the team, I felt this was special. That rare blend of?trust, transparency, and infectious energy ? where every conversation radiates purpose and values are aligned, with no effort.

The funniest thing? We had spoken years ago - and while the timing wasn't quite right and stayed at SumUp for a bit longer (learning and growing a lot!), I kept an eye on the company trajectory ?

Worksome isn?t just transforming how businesses access global talent; they?re redefining work culture itself. With their focus on flexibility, inclusion, and lightning-fast compliance, it?s clear why 91% of users love their platform.

Having felt the pain of incorporating contingent workers into a company (even when budgets allow!), it feels exciting to help smooth this process and change the way we work. 

Beyond excited to contribute to a future where work is truly frictionless and people can spend most of their time doing what they are good at and they love.

I had my first day today, and can't hide how awesome it has been. A vibrant office in the heart of the city (won't complain about passing Nyhavn while commuting early - before the tourists take over). And believe it or not - the flowers made it home! ??

Onward! ?

#FutureOfWork #CompanyCulture #FreelanceRevolution",
"You uploaded a feed photo on June 27, 2025 at 1:36 PM (GMT)","? Today is a weird day for me, as it is my last day at SumUp. 
This has been my longest ride ever - 4+ years. That says it all. 

I joined thinking, ""Could I enjoy a larger company...? This one looks like it could work..."" and ended with my longest tenure. I came with curiosity about fintech and how a company could make money from card payments - leave wiser (also with more gray hair, one must confess) - things like card exchanges, regulated products, and international launches feel natural now ?

Looking back, I am extremely grateful.

?? For every leader who saw sparks in me before I did and gave me a chance.
? For every sumupper who shared feedback with me or found my input useful for their personal growth.
? For every teammate who turned chaos into ""holy shit, we shipped that.""
? For everyone who bore with my (endless) questions during incidents (""should we update the status page?!"")
? For every merchant I?ve ambushed with ""Psst? what fees are you paying?"" (#ICanOfferABetterCardReader forever  ).

SumUp has been a place where I truly felt I belonged and has exceeded my expectations of what I could achieve, thanks to the enabling culture embedded in our values. I have grown a lot here!

The exciting part is that a new chapter is about to start. Closer to home ??, less planes, more playgrounds: more time to spend at home with the Chaos Commander Otto (1y+ of experience in the role) and my superstar wife Line - stay tuned!! ?

Thank you for everything, SumUp! ?",
"You uploaded a feed photo on June 19, 2025 at 5:01 PM (GMT)","I don't know who needs to hear this - but I would, many times in my career: Stop Trying to ""Fit In"" at work. And anywhere else.

Your Weirdness is your trait.

They?ll hand you scripts, in the form of feedback or advice:
- ?Say this.?
- ?Present like that.?
- ?Copy their tone.?
?Burn the manual.

? Feedback isn?t gospel?it?s raw material that you should process.

Appreciate every feedback, but filter it smartly. Nobody knows you better than yourself: 
?Take what sharpens your edge.
? Ignore what dulls your fire.

Never let someone else?s ""should"" overwrite your?can.

Your quirks?
That chaotic laugh. Your weird sense of humor. Your crowded diagrams.

Weaponize them.

Why?

Plastic clones crack under pressure.
Authenticity scales and is remembered.

Your voice?not an echo?is what cuts through noise and what sticks.
You weren?t hired to be a copy-paste.
You were hired to be the main character of your role.
If they don't like the full version of yourself, find a better place that appreciates you wholly.

#careeradvice #beyourself",
"You uploaded a feed photo on May 21, 2025 at 5:08 AM (GMT)","Great day of AI talks organized by IDA, in their yearly ""Driving AI"" event.
It was really inspiring to see real-world usage of (gen)AI in different environments such as energy trading (Casper Kaae S?nderby from twig.energy), e-commerce recommendations (Mathias Gr?nne from Roccai), with the combination of more ""philosophical"" topics like what are agents, or how to orchestrate agents in a multi-agent environment.

The closing speech from Jacob Sherson resonated strongly with me. His concept of ""Hybrid intelligence"" that puts the human at the center (and controlling seat) of the AI systems feels like the direction we should move towards. Using AI as an amplification of our capabilities, not replacing human decision-making.

I liked a lot the emphasis on the organizational aspect of AI-adoption, as it's rarely a behaviour that is isolated within a company. And especially, the tip to look at AI with the right eye: ""create a sense of pride in being an evaluator"".

This strongly aligns with the experience I've been having with generative AI: if you just leave the system in ""auto-pilot"" the results will be unpredictable, and tend to low quality. If you focus on areas where you have experience and can evaluate - to guide the generation process - that's where you get the best results. A bit like mentoring or coaching a less experienced (but very dedicated) colleague.",
"You uploaded a feed photo on May 19, 2025 at 7:45 PM (GMT)","Today, in ""vibe coding adventures"": I've directed Manus AI to:

1. propose improvements to my website (adrianmoreno.info), without more instruction - to see where it would focus
2. understand that the code of my website is open source - but split in two repositories (theme and content)
3. implement the theme fixes in a way that are usable for anyone using the theme

The challenges faced were quite interesting.
Manus could do a lot of the operations with github via API, but initially it refused and wanted me to copy/paste the code changes.
Same with the improvements: initially it would propose changes that broke the theme. Once I called out this - Manus ""learned"" and, in the very recognizable LLM style, apologized and proposed an alternative. Which would be broken again.

It was very important for me to be extra clear and explicit about what I expected. For example, no unnecessary changes to the codebase, or making sure that the tests for the theme were passing - including rejecting to copy-paste the logs, so Manus would retrieve the result via API.

In a way, it's like a stubborn and slightly lazy colleague... but it's relentless, apologetic, and gritty!

#agenticai #manusai #aiassisteddevelopment",
"You uploaded a feed photo on May 7, 2025 at 7:25 PM (GMT)","Vibe coding has made programming fun for me again ?, and reconnected me with the eagerness to create.

My sabbatical at SumUp started on January this year, which means that around Christmas time, I got myself an ""assignment"" to play with some of the coding assistants (Copilot and Cursor mainly).

I took the chance to make some improvements on my website template (https://lnkd.in/dPz6DUS6), which is the open-source theme behind my own site (https://lnkd.in/dTv6XuT). That way, I added support for some features I wanted to implement, such as dark mode, responsive improvements, etc.

As I have been working more with both tools and different versions of the LLMs I have been refining the kind of prompts, and some intuition for where the process would end at a dead end.

Before the code assistants, I could rarely find time to focus on coding and would often get sidetracked by dependency installing or who knows what. I found myself ""talking"" to the LLMs as if they were my rubber duck. Jumping back and forth between the ""product manager"" and ""senior developer"" hats, polishing the product.

Not only did I like this, I continued this during odd free hours during my parental leave earlier this year...

I have been amazed by the competition between the IDEs (and the LLMs). In a lapse of months, there have been improvements in agentic modes, visual input, or visual edition (like lovable does).

Another thing that amazed me was that I tried earlier this year to program a small app for the Garmin SDK - and the suggestions were just terrible. Months later, I've given it a new try and in a matter of hours I could craft a QR app for the smartwatches (https://lnkd.in/dwv4bKrp), paired with a simple Go backend (https://lnkd.in/dr_C6AZS).

It's easy to make fun of ""vibe coding"" as ""lame programming"", but to me it has been a chance to focus on ""what"" instead of ""how"", as well as allowed me to program without the ability to allocate continuous hours for focus time (which are usually needed to make significant progress).

And it has not only been fun, but valuable too: the theme I offer for free has considerably grown in usage. I consider Copilot & Cursor the ""unnamed contributors"" that accelerate every step I take to improve the code... and keep me motivated to do so.

And I can also say that I've embraced vibe coding before it had a name, I'm an early adopter ?

#vibecoding #earlyadopter #agenticprogramming #aiassistedprogramming",
"You uploaded a feed photo on March 21, 2025 at 6:35 PM (GMT)","I have a (very dense) book recommendation for you today: Thinking, Fast and Slow by Daniel Kahneman.

Most business books could be condensed into a simpler blog post, but ""Thinking, Fast and Slow"" stands apart for me. Each chapter explores cognitive biases that are so fascinating and applicable to business and daily life that Kahneman could have expanded any single one into the book. 
It's not just a book you read?it's one you revisit, each time discovering insights you somehow missed before.

Daniel Kahneman's masterpiece fundamentally changed how I understand decision-making?both my own and within the teams I work with. Based on decades of research that earned him a Nobel Prize, Kahneman invites us to look inside our own minds.

The book reveals how our minds operate on two systems:
??System 1: Fast, intuitive, and emotional
?System 2: Slow, deliberate, and logical

The deeper insight isn't just that these two systems exist, but how often our fast-thinking System 1 hijacks our decision-making without us realizing it...

? Why does this matter for technology leaders? When building products or leading teams, we constantly battle cognitive biases that cloud our judgment. 

Understanding these biases isn't just academic ? it's practical intelligence that improves how we:
? Make strategic decisions when faced with incomplete information 
? Evaluate risk and opportunity more objectively 
? Help teams overcome confirmation bias in problem-solving

One of the most powerful concepts Kahneman introduces is ""What You See Is All There Is"" (WYSIATI) - our tendency to form opinions based only on available evidence, ignoring what we don't know.

? How can you apply this?
- Ask yourself: ""What information might I be missing? What assumptions am I making that I haven't validated?""
- When team members present solutions, probe for the invisible: ""What alternatives did you consider, and why did you discard them?""
- Create space for deliberate System 2 thinking before important decisions

When we recognize our thinking shortcuts, the implicit often becomes explicit. Acknowledging our cognitive biases creates more room for innovation, collaboration, and sound decision-making.

And I've focused on own teams - but the concepts in the book have ramifications on marketing and how we present a product, persuasive skills, negotiation... It's really a handbook on how people think, and why so many times decisions are not ""rational"".

Have you read this book? Which cognitive bias do you find most relevant in your work?",
"You uploaded a feed photo on January 2, 2025 at 7:54 AM (GMT)","Sunsetting 2024 with some relax? and thankfulness! 

??The end of 2024 and the beginning of 2025 are being quite unique for me - as I?m writing from the beach at 30 degrees, far from the near-freezing temperatures at home.

I am starting 2025 with my parental leave - which is quite unique on its own already, but to add an extra touch, I?m taking my SumUp Sabbatical month (our great Break for me*), and enjoying a paid month off work while I?m traveling with my wife and 9-month old baby in Thailand ?

Personally, it will be quite some firsts for me. Otto is our first son, I had never been to Asia, and I had never been off work for longer than 3 weeks or so - so being out for 3+ months will be quite an experience. 

I expect time to bond with Otto, to spend quality time with him, and to build memories together as a family.

Reflecting on this chance - it just fills me with gratefulness for having this opportunity, as it takes a whole team to be able to ?disappear? from work for so long with a great peace of mind of knowing that things will be very well taken care of.

I?m actually looking forward to coming back and seeing the progress in my ?absent quarter?! ?

*PS: would you like to enjoy this awesome perk of the sabbatical month? Check our positions at https://lnkd.in/dq4g9xDE (we currently have one open in our tribe, and keep an eye out for new ones open soon! ?). Just mind that other sumuppers will handle your application as I'll be off duty! ???",
"You uploaded a feed photo on October 18, 2024 at 6:10 AM (GMT)","The ""Facebookization"" of LinkedIn continues - after ""stories"" (reels), now we have the games. 

I wonder how long until there's a ""new LinkedIn"" focused on being the ""professional community, this time for real"".",
"You uploaded a feed photo on September 25, 2024 at 6:55 PM (GMT)","I keep my productivity high by working for myself or my project instead of for this massive AI-training database you're building, LinkedIn!

You almost got me there, ha! 

PS: do you know how to remove both these prompts to write, and updates about them? ",
"You uploaded a feed photo on September 15, 2024 at 2:06 PM (GMT)","SumUp's Hackweek 2024 is a wrap - and what a blast it was! ?. I'm still absorbing how great this week has been.

Do you know when, as a kid, you're looking forward to the field trip with the class, or the finals with your sports team? That's what the Hackweek feels like at SumUp - both combined.

In this yearly event, SumUp's Engineering, Product, and Design teams (EP&D) get together in a shared location to CREATE as much as possible and collaborate with people you don't usually have the chance with.

In line with our Founder's Mentality value, we self-organize in teams, set a goal (which should cover engineering, product, design, and business plans), and SHIP IT ?

From the incredible Pyramid of Tirana, this year 200+ Sumuppers joined to unleash our creation process. The results were amazing: from innovations that will save us many hours of repetitive processes by applying AI and automation?to customer-facing solutions that will bind our products together cohesively, or catalysts on existing initiatives that have been taken to the next level.

And the best?part? Many of these projects are either live or almost ready to ship. This success underscores the value of face-to-face communication and the power that self-driven teams, united by a common goal, can achieve. It's the result of our combined collective strength and determination. 

Aside from the hacking itself, meeting so many colleagues in person was invaluable, and spending time having dinner, a drink, or going for an early morning run ?.  Having spent quality in-person time with colleagues makes it so much smoother to later collaborate on projects when we are distributed all over the world ?

Can't wait for the next one! #hackweek #hackaton #sumup #albania #tirana #teambuilding",
"You uploaded a feed photo on July 26, 2024 at 12:33 PM (GMT)","""Never make fun of someone who mispronounces a word - it means they learned it by reading.""

I can't find whom to attribute this quote to, but think of this when working with people with a different pronunciation than you. When someone mispronounces something, it is likely not their native language, so they're already on a mental stretch.

Coming from Spain, if you try to speak English you likely get mocked by peers and target of jokes. This is a perfect way to discourage people from trying and getting out of their comfort zone. 

This is also common in other countries where (paradoxically and self-reinforcingly) English is less spoken. I find this especially limiting because speaking English is one of the quickest ""hacks"" to enhance your professional prospects (either by working abroad or by unlocking better-paying jobs). 

? The next time you encounter someone who is not comfortable speaking in English, consider their cultural and societal context: give them a bit of extra comfort, a hand if they miss a word, and a touch of extra kindness.

#englishatwork #businessenglish #diversity",
"You uploaded a feed photo on July 13, 2024 at 12:01 PM (GMT)","When you manage people you are ""management"" - and you now have a new team you're part of (in addition to your own).

I have seen how difficult this can be, especially for first-time managers. Before, it could have been enough to point out situations that needed solutions. Now, with the title comes the responsibility: whatever needs to be fixed is part of your job description now.

One of the key responsibilities of a manager is to foster alignment across various areas, teams, and functions. This is not just a part of the job, but a crucial aspect of effective management - and many middle-managers might feel trapped if they don't create the right connections. 

Your actions, decisions, and behavior reflect on the entire organization. Your team looks to you for guidance, support, and leadership. Your colleagues see you as representing the company's values and culture. Your ""team"" is now the rest of the company managers you work with... like it or not. 
And you better like it - because you'll also be held accountable as part of that group.

As a manager, it's vital to cultivate an environment where dissent is not only tolerated but encouraged, as long as it's expressed constructively. This is especially important because your team will look up to you as a role model. 

#peoplemanagement #teamleading ",
"You uploaded a feed photo on June 22, 2024 at 1:51 PM (GMT)","? Sometimes, instead of reinventing the wheel - it's best to find the wheel blueprint, use it, and work with it. 

As professionals, we often grapple with transparency and accountability, realizing that simply providing access to data is not enough. It may lack usability or clear guidance for interpretation, a challenge we've all likely encountered.

?After a couple of paragraphs trying to elaborate on this, I felt that ""someone smarter has to have written about this before better than me,"" and I came to find the interesting paper ""Managing Transparency Guided by a Maturity Model.""

It takes a more methodic approach to what I was trying to elaborate on, and it is also quite more descriptive and comprehensive than what I'd have achieved (with my thoughts only). As you can see in Figure 1, they include a detailed analysis of elements that help or hurt transparency. This includes accessibility, usability, informativeness, understandability, and auditability.

The point that resonates strongly with me - and the paper summarizes - is that you can't just ""throw data"" at people and defend that you are being transparent. There is a required element of education around the data, and transparency also in the methodology to generate and interpret the data:
""In several cases, it is clear that having access is not enough, so what is the gain in having information in such a volume that is impossible to parse it, or if the information is not current, or if the information is written in an obfuscated way, as for instance when lots of acronyms""

When you, as professionals involved in data management, transparency, and accountability, strive for greater transparency, consider the different phases of maturity that the paper elaborates on. Your role in implementing these strategies is crucial, even if you're already providing access to all data and its gathering methods. You can still create a forum or process for discussion around the data itself, further enhancing transparency.

? Link to the paper in the comments

#transparency #leadership #management #accountability",
"You uploaded a feed photo on March 28, 2024 at 6:07 PM (GMT)","Seizing the change: moments of change are perfect for creating new habits (or reinforcing them) ?

We just moved our offices in Copenhagen at SumUp, which has created a perfect opportunity for me to try new habits. One thing I have tried recently is changing my commute: instead of cycling straight to work, I take the race bike and add some extra kilometers, or I run to the office.

The new office location next to Vesterport is very good for this... but so was the previous one too ?. Sometimes, all it takes to try something you want is to shake your routine and give it a try.

? Maybe with the time changing this Sunday you can try to link that change to trying something you wanted to do... (waking up earlier to exercise, meditating routinely, taking a walk after each lunch...)",
"You uploaded a feed photo on May 6, 2020 at 9:49 PM (GMT)", -,https://media.licdn.com/dms/image/v2/C4D22AQGxzIs1_o2Uqw/feedshare-shrink_2048_1536/feedshare-shrink_2048_1536/0/1588801776558?e=1768435200&v=beta&t=Prt-jQhTmMO50RzBWO3Uu05XiPw_oyG2BuNNZSyWcBI
"You uploaded a profile photo on April 24, 2020 at 12:54 PM (GMT)", -,https://media.licdn.com/dms/image/v2/C4E03AQEPzjyMepHQKQ/profile-displayphoto-shrink_100_100/profile-displayphoto-shrink_100_100/0/1587732868804?e=1768435200&v=beta&t=e03D53akOFbP3at4YhONT45w5DStcFM7fF1xcPVWl3I
"You uploaded a profile photo on April 24, 2020 at 12:54 PM (GMT)", -,https://media.licdn.com/dms/image/v2/C4E04AQHn8SBE1T-KxQ/profile-originalphoto-shrink_900_1200/profile-originalphoto-shrink_900_1200/0/1587732868701?e=1768435200&v=beta&t=o9p7XW3PhDCoHXllACktI9ghU4oeQIT3nllWY6cJwss
"You uploaded a photo on December 7, 2019 at 1:52 PM (GMT)", -,https://media.licdn.com/dms/image/v2/C5122AQF8GDA7nqNuFQ/feedshare-shrink_2048_1536/feedshare-shrink_2048_1536/0/1575726774432?e=1768435200&v=beta&t=AuXD-JmknLKRMQSHv3GRYFzIewSzdtKaSnIzlaav59w
"You uploaded a article cover photo on June 16, 2018 at 1:10 PM (GMT)", -,https://media.licdn.com/dms/image/v2/C4E12AQHHlCymB1TMtA/article-cover_image-shrink_720_1280/article-cover_image-shrink_720_1280/0/1529154633511?e=1768435200&v=beta&t=9qQBYb0gw7B5W0rpP3mbLC2CPtGjcGIG1TLkhUFzOhg
"You uploaded a article inline photo on June 16, 2018 at 1:10 PM (GMT)", -,https://media.licdn.com/dms/image/v2/C4E12AQGRz7s3p0jn-g/article-inline_image-shrink_1500_2232/article-inline_image-shrink_1500_2232/0/1529154619390?e=1768435200&v=beta&t=oOfKCOL-d-vBGgUSR7W32duadDz1r6DtdvT40d5VKnU
"You uploaded a article inline photo on June 16, 2018 at 1:06 PM (GMT)", -,https://media.licdn.com/dms/image/v2/C4E12AQGeC6uxBV8K8w/article-inline_image-shrink_1500_2232/article-inline_image-shrink_1500_2232/0/1529154414355?e=1768435200&v=beta&t=FICCV3knHllWhTxpKHwSSql97n5-wmWGMCRslG-Dggg
"You uploaded a article inline photo on March 5, 2018 at 6:41 PM (GMT)", -,https://media.licdn.com/dms/image/v2/C4D12AQFz983YT_OSJw/article-inline_image-shrink_1000_1488/article-inline_image-shrink_1000_1488/0/1520275273678?e=1768435200&v=beta&t=fi3yAfXelA5GImgOVqGHrs2Cuap9Hd0p9gH1KmbglDE
"You uploaded a article cover photo on March 4, 2018 at 12:30 PM (GMT)", -,https://media.licdn.com/dms/image/v2/C4D12AQHt88yBn29rpQ/article-cover_image-shrink_600_2000/article-cover_image-shrink_600_2000/0/1520166606501?e=1768435200&v=beta&t=rDAPfuNONzT9RMX7UkG_D35QdgdoTLGjKqFWuNGt2s4
"You uploaded a article cover photo on March 4, 2018 at 1:30 AM (GMT)", -,https://media.licdn.com/dms/image/v2/C4D12AQHzIMO8400FvA/article-cover_image-shrink_720_1280/article-cover_image-shrink_720_1280/0/1520127043359?e=1768435200&v=beta&t=Slkn5opIgjeUEsRmNlQImOj2rbSsO3C4nKJCnD5FICU
