ALERT_PARAMETERS,QUERY_CONTEXT,SAVED_SEARCH_ID
"{smartExpansionEnabled=true, channels=[INAPP_NOTIFICATION, EMAIL], frequency=DAILY}","{keywords=vp engineering, spellCheckEnabled=true, searchLocation={com.linkedin.jobs.matching.SpecificSearchLocation={geoLocations=[{geo=urn:li:geo:90009617}]}}, facets={}}",4164902073
"{smartExpansionEnabled=true, channels=[INAPP_NOTIFICATION, EMAIL], frequency=DAILY}","{keywords=Vice President of Engineering, spellCheckEnabled=true, searchLocation={com.linkedin.jobs.matching.SpecificSearchLocation={geoLocations=[{geo=urn:li:geo:102194656, radiusInKms=40.2335}]}}, facets={}}",4129729825
"{smartExpansionEnabled=true, channels=[INAPP_NOTIFICATION, EMAIL], frequency=DAILY}","{keywords=chief technology officer, spellCheckEnabled=true, searchLocation={com.linkedin.jobs.matching.SpecificSearchLocation={geoLocations=[{geo=urn:li:geo:102194656, radiusInKms=40.2335}]}}, facets={timePostedRanges={countOnlyValues=[{com.linkedin.common.TimeSpan={duration=1, unit=DAY}}, {com.linkedin.common.TimeSpan={duration=1, unit=WEEK}}, {com.linkedin.common.TimeSpan={duration=30, unit=DAY}}, {com.linkedin.common.TimeRange={}}]}}}",1730073243
"{smartExpansionEnabled=true, channels=[INAPP_NOTIFICATION, EMAIL], frequency=DAILY}","{spellCheckEnabled=true, keywords=director of engineering, searchLocation={com.linkedin.jobs.matching.SpecificSearchLocation={geoLocations=[{geo=urn:li:geo:90009617}]}}, facets={timePostedRanges={countOnlyValues=[{com.linkedin.common.TimeSpan={duration=1, unit=DAY}}, {com.linkedin.common.TimeSpan={duration=1, unit=WEEK}}, {com.linkedin.common.TimeSpan={duration=30, unit=DAY}}, {com.linkedin.common.TimeRange={}}]}}}",1728585915
"{smartExpansionEnabled=true, channels=[INAPP_NOTIFICATION], frequency=DAILY}","{workflowContext={}, keywords=head of engineering, searchLocation={com.linkedin.jobs.matching.SpecificSearchLocation={geoLocations=[{geo=urn:li:geo:106743989}]}}, facets={}}",1723214259
"{smartExpansionEnabled=true, channels=[INAPP_NOTIFICATION], frequency=DAILY}","{workflowContext={}, keywords=director of engineering, searchLocation={com.linkedin.jobs.matching.SpecificSearchLocation={geoLocations=[{geo=urn:li:geo:102194656}]}}, facets={}}",1723207330
"{smartExpansionEnabled=true, channels=[INAPP_NOTIFICATION], frequency=DAILY}","{keywords=engineering manager, workflowContext={savedSearch=urn:li:savedSearch:1593856763}, searchLocation={com.linkedin.jobs.matching.SpecificSearchLocation={geoLocations=[{geo=urn:li:geo:102194656}]}}, facets={}}",1593856763
