savedItem,CreatedTime
https://www.linkedin.com/feed/update/urn:li:activity:7397338998291185664,2025-11-21 06:12:43
https://www.linkedin.com/feed/update/urn:li:activity:7378330483614642178,2025-10-06 08:53:08
https://www.linkedin.com/feed/update/urn:li:activity:7323327861648519168,2025-08-25 07:38:19
https://www.linkedin.com/feed/update/urn:li:activity:7345851181853736960,2025-07-26 05:07:47
https://www.linkedin.com/feed/update/urn:li:activity:7353125247316873217,2025-07-22 20:56:52
https://www.linkedin.com/feed/update/urn:li:activity:7349414810423373824,2025-07-11 13:31:14
https://www.linkedin.com/feed/update/urn:li:activity:7340369450602291200,2025-06-16 13:32:31
https://www.linkedin.com/feed/update/urn:li:activity:7337537901770993665,2025-06-08 20:02:07
https://www.linkedin.com/feed/update/urn:li:activity:7333016648167084034,2025-06-08 09:39:06
https://www.linkedin.com/feed/update/urn:li:activity:7330167974424735744,2025-05-21 05:09:53
https://www.linkedin.com/feed/update/urn:li:activity:7328090883029950465,2025-05-13 17:38:33
https://www.linkedin.com/feed/update/urn:li:activity:7312745702579720192,2025-04-05 15:25:19
https://www.linkedin.com/feed/update/urn:li:activity:7309570317738283009,2025-03-23 20:32:44
https://www.linkedin.com/feed/update/urn:li:activity:7307636622269771778,2025-03-18 17:50:19
https://www.linkedin.com/feed/update/urn:li:activity:7307204029170737154,2025-03-17 05:40:32
https://www.linkedin.com/feed/update/urn:li:activity:7305214527124496384,2025-03-11 14:55:01
https://www.linkedin.com/feed/update/urn:li:activity:7304844252067319808,2025-03-10 16:06:05
https://www.linkedin.com/feed/update/urn:li:activity:7293190244651220992,2025-02-06 08:56:27
https://www.linkedin.com/feed/update/urn:li:activity:7290693494392692737,2025-02-05 07:33:01
https://www.linkedin.com/feed/update/urn:li:activity:7291151387017510913,2025-02-01 19:25:20
https://www.linkedin.com/feed/update/urn:li:activity:7229803108917235712,2024-08-15 16:20:08
https://www.linkedin.com/feed/update/urn:li:activity:7093272722461319168,2024-01-26 23:18:28
https://www.linkedin.com/feed/update/urn:li:activity:7153395151057440768,2024-01-17 21:45:50
https://www.linkedin.com/feed/update/urn:li:activity:7128437090358362113,2023-11-09 22:50:29
https://www.linkedin.com/feed/update/urn:li:activity:7095702248051105792,2023-08-13 05:14:37
https://www.linkedin.com/feed/update/urn:li:activity:7096048767363108864,2023-08-13 05:12:28
https://www.linkedin.com/feed/update/urn:li:activity:7091434168005341184,2023-07-30 21:06:48
https://www.linkedin.com/feed/update/urn:li:activity:7085076752426831872,2023-07-24 20:42:36
https://www.linkedin.com/feed/update/urn:li:activity:7074853676393082881,2023-06-18 06:19:13
https://www.linkedin.com/feed/update/urn:li:activity:7036965123097264128,2023-03-12 08:44:23
https://www.linkedin.com/feed/update/urn:li:activity:7025481410429747200,2023-02-03 05:36:25
https://www.linkedin.com/feed/update/urn:li:activity:7016764258050818048,2023-01-05 21:04:40
https://www.linkedin.com/feed/update/urn:li:activity:7005114911030722560,2022-12-11 20:57:35
https://www.linkedin.com/feed/update/urn:li:activity:6970422767351406592,2022-08-30 18:45:13
https://www.linkedin.com/feed/update/urn:li:activity:6853315234229211136,2021-10-11 13:21:27
https://www.linkedin.com/feed/update/urn:li:activity:6848472066862137344,2021-09-28 08:55:14
https://www.linkedin.com/feed/update/urn:li:activity:6781107676953890816,2021-04-03 20:51:19
https://www.linkedin.com/feed/update/urn:li:activity:6745084395872370688,2020-12-17 09:35:06
