Company Name,Role,Cause,Started On,Finished On,Description
/tri club denmark,Board Member,,Apr 2023,,"/tri club denmark is a triathlon club based in Copenhagen. Run by volunteers, the club is one of the largest of Denmark based on the number of members, whose skill level range from beginners new to the sport to professional athletes winning races. The club offers weekly trainings in all disciplines (swim, run and cycle) as well as social events and opportunities to network with like-minded athletes. As part of the board of directors of the club, I participate on overseeing our club strategy to retain and acquire new members, training plans and project coordination, as well as administering some of the digital tooling (like website, booking system, membership software, etc)."
Amsterdam Triathlon and Cycling (ATAC),Board Member,,Feb 2020,Feb 2021,"Board member for the triathlon Club based in Amsterdam (https://www.atac-club.nl) that I was part of. As a board member I participated on the leadership team, helping on the organization of activities and the IT setup for the club (e-commerce, website).   Participated in the migration from Squarespace to Shopify for the commerce platform, to help streamline the operations of the club."
Desconcierto Cultural,Webmaster / web admin / volunteer,artsAndCulture,Aug 2015,Apr 2016,"Helping with the management of the websites, web design and systems administration for the organization - also developing some custom components.  Also volunteering for some punctual events."
Campo da Angustia CF,Member of the Management Board,,Aug 2013,Aug 2015,"Part of the board of the amateur football club I was part of. Executing admin tasks such as license renewal, admin of the finances and event organization.  In charge of the website of the club, and IT setup."
