Date,Link,OptionText
2025-12-13 12:09:26,https://www.linkedin.com/feed/update/urn:li:ugcPost:7402085352573652993,"Yes, the company should pay"
2025-12-12 07:42:36,https://www.linkedin.com/feed/update/urn:li:ugcPost:7405063838967984129,On the next annual renewal
2025-12-08 20:41:20,https://www.linkedin.com/feed/update/urn:li:ugcPost:7403459678338228224,Time to decision
2025-11-17 19:09:19,https://www.linkedin.com/feed/update/urn:li:ugcPost:7396137102750633985,❌False
2025-11-17 18:18:50,https://www.linkedin.com/feed/update/urn:li:ugcPost:7396244260532039681,India
2025-11-02 13:59:52,https://www.linkedin.com/feed/update/urn:li:ugcPost:7388205513542610944,✅True
2025-10-25 19:03:55,https://www.linkedin.com/feed/update/urn:li:ugcPost:7387784898247290880,"No, unless you’re dying"
2025-10-24 09:12:53,https://www.linkedin.com/feed/update/urn:li:ugcPost:7384704290206101504,Don’t really care
2025-10-22 12:29:26,https://www.linkedin.com/feed/update/urn:li:ugcPost:7386718340548984832,Poland
2025-10-17 12:20:03,https://www.linkedin.com/feed/update/urn:li:ugcPost:7384107545227083776,Ask for deliverables.
2025-10-17 05:54:35,https://www.linkedin.com/feed/update/urn:li:ugcPost:7384823060605964288,A famous local river
2025-10-07 11:53:51,https://www.linkedin.com/feed/update/urn:li:ugcPost:7379871216523919360,Flexible hours
2025-10-06 08:53:19,https://www.linkedin.com/feed/update/urn:li:ugcPost:7380880712310112256,Google
2025-10-01 19:08:08,https://www.linkedin.com/feed/update/urn:li:ugcPost:7379143258540789761,"No, unless you’re dying"
2025-09-26 19:45:26,https://www.linkedin.com/feed/update/urn:li:ugcPost:7376732840643821568,"Yep. Betting, gambling, etc."
2025-09-26 19:33:40,https://www.linkedin.com/feed/update/urn:li:ugcPost:7377325712879558656,I prefer 4 days in-office!
2025-09-25 10:32:42,https://www.linkedin.com/feed/update/urn:li:ugcPost:7376682346386706433,Trying hard is cool
2025-09-22 18:30:18,https://www.linkedin.com/feed/update/urn:li:ugcPost:7375770206339649536,Mostly in-office
2025-08-06 08:28:17,https://www.linkedin.com/feed/update/urn:li:ugcPost:7358440530311057408,Gen Z (legal drinking age –30)
2025-06-30 12:52:48,https://www.linkedin.com/feed/update/urn:li:ugcPost:7345325336420675585,"Yes, every day"
2025-06-26 11:03:32,https://www.linkedin.com/feed/update/urn:li:ugcPost:7343135910781231104,Short walks
2025-06-25 11:14:32,https://www.linkedin.com/feed/update/urn:li:ugcPost:7343561906336542722,A sudden meeting booked in
2025-06-24 20:39:41,https://www.linkedin.com/feed/update/urn:li:ugcPost:7343281322871693313,500+ days
2025-06-19 11:06:41,https://www.linkedin.com/feed/update/urn:li:ugcPost:7341372727477297153,There will be even more jobs
2025-05-24 09:14:20,https://www.linkedin.com/feed/update/urn:li:ugcPost:7331850366130569216,Definitely Company A
2025-05-16 11:25:28,https://www.linkedin.com/feed/update/urn:li:ugcPost:7325897685842960384,1k+ unread and fine
2025-05-15 11:23:22,https://www.linkedin.com/feed/update/urn:li:ugcPost:7328056079626485760,F.C. København
2025-05-15 11:15:27,https://www.linkedin.com/feed/update/urn:li:ugcPost:7328710217720885250,Yes
2025-05-13 11:44:23,https://www.linkedin.com/feed/update/urn:li:ugcPost:7327981094526480384,Networking
2025-05-09 16:42:56,https://www.linkedin.com/feed/update/urn:li:ugcPost:7326639876244713472,I often feel imposter syndrome
2025-05-08 11:25:50,https://www.linkedin.com/feed/update/urn:li:ugcPost:7326184053072650240,🤔 Rarely
2025-05-07 19:33:16,https://www.linkedin.com/feed/update/urn:li:ugcPost:7322641877009125377,Yes
2025-05-07 03:56:01,https://www.linkedin.com/feed/update/urn:li:ugcPost:7325478562940002304,❌ No
2025-04-26 05:56:38,https://www.linkedin.com/feed/update/urn:li:ugcPost:7320545154321260544,Daily
2025-04-25 18:57:56,https://www.linkedin.com/feed/update/urn:li:ugcPost:7321566668873228291,Speed to Value
2025-04-20 05:48:01,https://www.linkedin.com/feed/update/urn:li:ugcPost:7319480302823780352,Not surprised at all
2025-04-02 06:33:39,https://www.linkedin.com/feed/update/urn:li:ugcPost:7312980680773091329,Get much better at thinking
2025-04-01 20:23:44,https://www.linkedin.com/feed/update/urn:li:ugcPost:7312348015766171648,Prefer a set number of days 📆
2025-03-27 05:28:42,https://www.linkedin.com/feed/update/urn:li:ugcPost:7310415544040443904,I love the knowledge drops
2025-03-21 18:39:06,https://www.linkedin.com/feed/update/urn:li:ugcPost:7308525281105829888,General technical discussion
2025-03-17 18:22:08,https://www.linkedin.com/feed/update/urn:li:ugcPost:7307390113477443584,"No, I prefer staying local"
2025-03-17 18:22:01,https://www.linkedin.com/feed/update/urn:li:ugcPost:7307089840494264321,Mission
2025-03-16 06:16:38,https://www.linkedin.com/feed/update/urn:li:ugcPost:7305364026526420994,🤫 In silence
2025-03-11 20:05:16,https://www.linkedin.com/feed/update/urn:li:ugcPost:7305121785497165824,One week
2025-02-16 20:31:21,https://www.linkedin.com/feed/update/urn:li:ugcPost:7296935666347601920,Pretty much on a daily basis
2025-02-11 15:43:18,https://www.linkedin.com/feed/update/urn:li:ugcPost:7295084763906789376,Not sure that's how it works
2025-02-10 13:17:21,https://www.linkedin.com/feed/update/urn:li:ugcPost:7294661988616437760,Yes
2024-12-14 12:35:07,https://www.linkedin.com/feed/update/urn:li:ugcPost:7273654178445418496,IMPLEMENT AI ASSESSMENT TECH
2024-09-19 20:53:12,https://www.linkedin.com/feed/update/urn:li:ugcPost:7242187017516646400,Disagree
2024-08-10 12:13:16,https://www.linkedin.com/feed/update/urn:li:ugcPost:7226525047199350784,They should strike a balance
2024-07-27 06:56:29,https://www.linkedin.com/feed/update/urn:li:ugcPost:7222760380874342400,Coherence
2024-06-30 06:30:19,https://www.linkedin.com/feed/update/urn:li:ugcPost:7213029778340077568,Optional; some teams use them
2024-04-05 21:22:04,https://www.linkedin.com/feed/update/urn:li:ugcPost:7182003925808484353,"1981-1996 (\"Millenial\")"
2024-03-27 10:43:45,https://www.linkedin.com/feed/update/urn:li:ugcPost:7178654471550320640,I like on
2024-03-18 21:34:12,https://www.linkedin.com/feed/update/urn:li:ugcPost:7175428050342301696,"NO, stick to business."
2024-02-17 18:25:33,https://www.linkedin.com/feed/update/urn:li:ugcPost:7164367550997319681,Not necessarily
2024-02-17 07:17:16,https://www.linkedin.com/feed/update/urn:li:ugcPost:7163902325772791808,Thursday
2024-02-16 21:07:02,https://www.linkedin.com/feed/update/urn:li:ugcPost:7164274074213425152,Incident count
2024-02-10 12:49:34,https://www.linkedin.com/feed/update/urn:li:ugcPost:7161779594944081923,Maybe
2023-12-21 13:00:24,https://www.linkedin.com/feed/update/urn:li:ugcPost:7143024000753934336,Fostering connections
2023-12-02 18:30:22,https://www.linkedin.com/feed/update/urn:li:ugcPost:7136772513698611200,"Decisiveness, assertiveness..."
2023-11-18 07:05:43,https://www.linkedin.com/feed/update/urn:li:ugcPost:7131427793120235521,Not sure / Other
2023-11-10 09:28:55,https://www.linkedin.com/feed/update/urn:li:ugcPost:7128664545916510208,Bike
2023-11-06 22:07:17,https://www.linkedin.com/feed/update/urn:li:ugcPost:7127395247881375745,No
2023-11-06 19:41:49,https://www.linkedin.com/feed/update/urn:li:ugcPost:7127193965417631746,La IA como aliada 🧑‍💻
2023-11-03 23:42:30,https://www.linkedin.com/feed/update/urn:li:ugcPost:7124781799339167745,Yes—no shame in my game 😎
2023-10-19 20:05:52,https://www.linkedin.com/feed/update/urn:li:ugcPost:7119615923585437696,No days off🙄
2023-10-19 17:07:00,https://www.linkedin.com/feed/update/urn:li:ugcPost:7120131334152359936,Monthly
2023-10-08 20:50:39,https://www.linkedin.com/feed/update/urn:li:ugcPost:7115789119837847552,Yes 🤌
2023-10-01 13:30:00,https://www.linkedin.com/feed/update/urn:li:ugcPost:7112869728880078849,Visual Thinker
2023-09-27 05:46:44,https://www.linkedin.com/feed/update/urn:li:ugcPost:7112669155425701888,Yes - Evo Exchange Denmark
2023-09-16 07:04:31,https://www.linkedin.com/feed/update/urn:li:ugcPost:7107637974346948608,USB-C
2023-08-24 16:54:56,https://www.linkedin.com/feed/update/urn:li:ugcPost:7100209666483212288,Fostering psychological safety
2023-08-12 17:15:31,https://www.linkedin.com/feed/update/urn:li:ugcPost:7094421208816910336,Cost-effective
2023-08-06 19:41:16,https://www.linkedin.com/feed/update/urn:li:ugcPost:7093982897732300800,Not a big deal either way
2023-08-05 20:59:31,https://www.linkedin.com/feed/update/urn:li:ugcPost:7093129570337382400,Con IntelliJ IDEA
2023-06-28 22:14:01,https://www.linkedin.com/feed/update/urn:li:ugcPost:7079704023825571840,"\"Healthcare\""
2023-05-02 19:54:13,https://www.linkedin.com/feed/update/urn:li:ugcPost:7059205969762783232,Within a day or two
2023-04-27 10:58:36,https://www.linkedin.com/feed/update/urn:li:ugcPost:7057267858317225985,a racoon 🦝
2023-04-26 20:48:23,https://www.linkedin.com/feed/update/urn:li:ugcPost:7057067202079784961,Help ✅
2023-04-25 21:07:11,https://www.linkedin.com/feed/update/urn:li:ugcPost:7056717782217854976,Slack
2023-04-19 04:58:16,https://www.linkedin.com/feed/update/urn:li:ugcPost:7053743910610694144,Adequate time to get away
2023-04-19 04:55:00,https://www.linkedin.com/feed/update/urn:li:ugcPost:7054046481485324289,I like to keep it on
2023-04-09 19:29:14,https://www.linkedin.com/feed/update/urn:li:ugcPost:7050892769015336960,Psychological safety
2023-04-09 16:21:23,https://www.linkedin.com/feed/update/urn:li:ugcPost:7050213660916338688,LinkedIn
2023-03-27 20:31:27,https://www.linkedin.com/feed/update/urn:li:ugcPost:7046143037390950400,2
2023-03-13 18:27:00,https://www.linkedin.com/feed/update/urn:li:ugcPost:7041081668345974784,Startups
2023-03-09 22:17:34,https://www.linkedin.com/feed/update/urn:li:ugcPost:7039685307440537600,All the time
2023-02-28 05:34:32,https://www.linkedin.com/feed/update/urn:li:ugcPost:7036006305081282561,Sometimes
2023-02-09 20:37:47,https://www.linkedin.com/feed/update/urn:li:ugcPost:7028768490522103808,Professional communication
2023-02-08 20:22:08,https://www.linkedin.com/feed/update/urn:li:ugcPost:7029073226349576192,Yes
2023-01-27 15:37:00,https://www.linkedin.com/feed/update/urn:li:ugcPost:7024751085831507968,Drink it straight from the can
2023-01-26 20:55:32,https://www.linkedin.com/feed/update/urn:li:ugcPost:7024318526635094016,"Nope, I love my job too much"
2023-01-07 09:59:04,https://www.linkedin.com/feed/update/urn:li:ugcPost:7017078002706468864,Tech innovations
2023-01-05 10:51:06,https://www.linkedin.com/feed/update/urn:li:ugcPost:7016703502865346560,"Sí, de siempre"
2022-12-29 14:36:00,https://www.linkedin.com/feed/update/urn:li:ugcPost:7014228598920257536,❌ No
2022-12-20 16:53:08,https://www.linkedin.com/feed/update/urn:li:ugcPost:7010998051544678403,Mezcla de varias
2022-12-19 17:19:35,https://www.linkedin.com/feed/update/urn:li:ugcPost:7010632142518972416,Traveling to see family
2022-12-19 16:46:45,https://www.linkedin.com/feed/update/urn:li:ugcPost:7010640831917305856,Yes ✅
2022-12-16 16:47:06,https://www.linkedin.com/feed/update/urn:li:ugcPost:7009485813541396481,Zeer belangrijk
2022-12-14 20:07:23,https://www.linkedin.com/feed/update/urn:li:ugcPost:7008744381344022528,Have the fundamentals first.
2022-12-04 09:44:27,https://www.linkedin.com/feed/update/urn:li:ugcPost:7004967851585400832,Not sticking with things
2022-12-01 19:38:57,https://www.linkedin.com/feed/update/urn:li:ugcPost:7003733791307366400,No
2022-11-24 21:20:23,https://www.linkedin.com/feed/update/urn:li:ugcPost:7001474351350857729,"Sí, por supuesto"
2022-11-23 21:27:42,https://www.linkedin.com/feed/update/urn:li:ugcPost:7000828197906886656,"Yes, I use a cloud service"
2022-11-22 06:16:53,https://www.linkedin.com/feed/update/urn:li:ugcPost:7000584779154817024,Headphones 🎧
2022-11-20 17:45:02,https://www.linkedin.com/feed/update/urn:li:ugcPost:6999052214774181888,No
2022-11-04 23:03:10,https://www.linkedin.com/feed/update/urn:li:ugcPost:6994334973113606144,SQL
2022-11-01 14:48:10,https://www.linkedin.com/feed/update/urn:li:ugcPost:6993219966900539392,Software Architecture
2022-10-26 21:42:12,https://www.linkedin.com/feed/update/urn:li:ugcPost:6991143873594990592,It's great 😍
2022-10-26 17:23:05,https://www.linkedin.com/feed/update/urn:li:ugcPost:6991066753950736384,Free food/meals 🍕
2022-10-24 20:45:35,https://www.linkedin.com/feed/update/urn:li:ugcPost:6990358346436407296,Standing desk 🧍💻
2022-10-23 13:41:19,https://www.linkedin.com/feed/update/urn:li:ugcPost:6989170060921602048,Countryside
2022-10-21 09:51:44,https://www.linkedin.com/feed/update/urn:li:ugcPost:6989155259558330369,€ 0 😰
2022-10-21 09:24:14,https://www.linkedin.com/feed/update/urn:li:ugcPost:6988958382804144128,Home office
2022-10-20 13:46:55,https://www.linkedin.com/feed/update/urn:li:ugcPost:6988853811805089794,"Wallet, obvs"
2022-10-18 11:25:31,https://www.linkedin.com/feed/update/urn:li:ugcPost:6988091864344059904,Work from home
2022-09-30 19:59:01,https://www.linkedin.com/feed/update/urn:li:ugcPost:6980061350437781504,>5
2022-09-30 15:27:46,https://www.linkedin.com/feed/update/urn:li:ugcPost:6981343455268540416,"My desk, with my monitors 🖥"
2022-09-16 16:41:57,https://www.linkedin.com/feed/update/urn:li:ugcPost:6976563616275693568,No
2022-08-25 14:23:57,https://www.linkedin.com/feed/update/urn:li:ugcPost:6968549610902405122,Contactless
2022-08-24 07:34:02,https://www.linkedin.com/feed/update/urn:li:ugcPost:6967577965685608448,No
2022-08-12 20:49:24,https://www.linkedin.com/feed/update/urn:li:ugcPost:6963867427445112832,👍 You bet
2022-08-06 13:01:13,https://www.linkedin.com/feed/update/urn:li:ugcPost:6961018490879172608,Online conversations
2022-08-04 12:12:13,https://www.linkedin.com/feed/update/urn:li:ugcPost:6960873743103455232,Sí
2022-08-04 04:38:37,https://www.linkedin.com/feed/update/urn:li:ugcPost:6960654199151882240,No
2022-07-31 16:39:18,https://www.linkedin.com/feed/update/urn:li:ugcPost:6958390570582978561,Product Manager 👔😎
2022-07-31 15:22:44,https://www.linkedin.com/feed/update/urn:li:ugcPost:6957638608463794177,HIRING FREEZE
2022-07-25 17:36:35,https://www.linkedin.com/feed/update/urn:li:ugcPost:6956412554956984320,No
2022-07-20 13:08:37,https://www.linkedin.com/feed/update/urn:li:ugcPost:6955476112499978240,Modelo híbrido
2022-07-14 20:26:31,https://www.linkedin.com/feed/update/urn:li:ugcPost:6953411152311726080,That’s hilarious
2022-07-12 13:54:49,https://www.linkedin.com/feed/update/urn:li:ugcPost:6952617274889396224,22
2022-06-24 08:14:11,https://www.linkedin.com/feed/update/urn:li:ugcPost:6945352430943408128,HIRING FOR REPLACEMENT ONLY
2022-06-23 21:46:22,https://www.linkedin.com/feed/update/urn:li:ugcPost:6945672161588072448,Email prediseñado descartando
2022-05-23 20:44:38,https://www.linkedin.com/feed/update/urn:li:ugcPost:6934466982977097729,LinkedIn
2022-04-01 21:57:09,https://www.linkedin.com/feed/update/urn:li:ugcPost:6915613251942686720,Japan
2022-03-22 10:29:27,https://www.linkedin.com/feed/update/urn:li:ugcPost:6911955108146614273,Plutonio
2022-03-11 17:19:33,https://www.linkedin.com/feed/update/urn:li:ugcPost:6908095535467909120,Walking my dog 🐕
2022-02-21 18:38:45,https://www.linkedin.com/feed/update/urn:li:ugcPost:6901461577657376768,four or more
2022-02-18 23:28:49,https://www.linkedin.com/feed/update/urn:li:ugcPost:6899621468745945088,NodeJs
2022-02-07 14:06:27,https://www.linkedin.com/feed/update/urn:li:ugcPost:6896049695391567872,No
2022-02-03 07:34:59,https://www.linkedin.com/feed/update/urn:li:ugcPost:6894570243314864128,Leadership tone 🗣
2022-02-01 07:01:23,https://www.linkedin.com/feed/update/urn:li:ugcPost:6894026322901917696,Webcams on always
2022-01-29 20:19:59,https://www.linkedin.com/feed/update/urn:li:ugcPost:6892826179624161281,It's pretty common
2022-01-25 22:27:27,https://www.linkedin.com/feed/update/urn:li:ugcPost:6891832189147840512,Sense of belonging
2022-01-21 17:02:53,https://www.linkedin.com/feed/update/urn:li:ugcPost:6890333563057790976,Blog posts
2021-12-21 07:49:34,https://www.linkedin.com/feed/update/urn:li:ugcPost:6878785565148483584,Astro
2021-12-20 16:50:12,https://www.linkedin.com/feed/update/urn:li:ugcPost:6876914513090768897,Putting employees first
2021-12-16 18:11:54,https://www.linkedin.com/feed/update/urn:li:ugcPost:6877269713152561152,No
2021-12-15 08:09:40,https://www.linkedin.com/feed/update/urn:li:ugcPost:6876606263397117952,"Yes, I rewrite my messages."
2021-12-03 17:21:43,https://www.linkedin.com/feed/update/urn:li:ugcPost:6872577685936308224,People
2021-10-14 15:14:30,https://www.linkedin.com/feed/update/urn:li:ugcPost:6854432773361438720,Compromised credentials
2021-10-14 10:50:29,https://www.linkedin.com/feed/update/urn:li:ugcPost:6854362191542407169,"When asked, yes ✔️"
2021-10-13 19:03:04,https://www.linkedin.com/feed/update/urn:li:ugcPost:6854108297071595520,Google Hangouts
2021-10-13 15:41:56,https://www.linkedin.com/feed/update/urn:li:ugcPost:6854059179821330432,🕐👩‍💻 A hybrid mix
2021-10-12 07:04:30,https://www.linkedin.com/feed/update/urn:li:ugcPost:6853579933487251456,Frontend or Mobile
2021-10-11 16:35:59,https://www.linkedin.com/feed/update/urn:li:ugcPost:6853358850716774400,Yes 👍
2021-07-06 08:01:21,https://www.linkedin.com/feed/update/urn:li:ugcPost:6818072940354015232,2-3
2021-07-02 11:56:41,https://www.linkedin.com/feed/update/urn:li:ugcPost:6816631497500585984,Blog
2021-06-26 18:26:20,https://www.linkedin.com/feed/update/urn:li:ugcPost:6814483519989927936,Person B
2021-06-13 10:04:58,https://www.linkedin.com/feed/update/urn:li:ugcPost:6808435343755411456,YES
2021-06-09 11:07:04,https://www.linkedin.com/feed/update/urn:li:ugcPost:6808345854353707008,🏃‍♀️Physical activity 🏃‍♀️
2021-06-09 11:06:39,https://www.linkedin.com/feed/update/urn:li:ugcPost:6808319160469204992,Am a business leader & say NO
2021-05-31 13:32:07,https://www.linkedin.com/feed/update/urn:li:ugcPost:6805091136219189248,Engaging talent
2021-05-19 21:14:41,https://www.linkedin.com/feed/update/urn:li:ugcPost:6800865376445063168,Animal to human in Wuhan
2021-04-21 12:21:13,https://www.linkedin.com/feed/update/urn:li:ugcPost:6790556429192364032,Manager / Employee ratio
2020-10-16 07:35:50,https://www.linkedin.com/feed/update/urn:li:ugcPost:6722628495408803840,Once or twice a week
2020-07-27 12:23:56,https://www.linkedin.com/feed/update/urn:li:ugcPost:6692410541815803904,Cheaper fares
2020-06-25 08:24:29,https://www.linkedin.com/feed/update/urn:li:ugcPost:6681649144450334720,LinkedIn Jobs
2020-06-04 12:06:33,https://www.linkedin.com/feed/update/urn:li:ugcPost:6674218062285283328,5 -10
2020-05-15 16:15:30,https://www.linkedin.com/feed/update/urn:li:ugcPost:6666987120495734784,React
